<?xml version="1.0" encoding="UTF-8"?>
<gpx version="1.1" creator="Run Story fixture generator"
  xmlns="http://www.topografix.com/GPX/1/1"
  xmlns:gpxtpx="http://www.garmin.com/xmlschemas/TrackPointExtension/v1">
  <metadata>
    <time>2026-08-06T11:49:29Z</time>
  </metadata>
  <trk>
    <name>Cadence Run</name>
    <type>running</type>
    <trkseg>
      <trkpt lat="51.4811849" lon="-0.0005000">
        <ele>24.0</ele>
        <time>2026-08-06T11:49:29Z</time>
        <extensions><gpxtpx:TrackPointExtension><gpxtpx:hr>118</gpxtpx:hr><gpxtpx:cad>84</gpxtpx:cad></gpxtpx:TrackPointExtension><power>212</power></extensions>
      </trkpt>
      <trkpt lat="51.4811849" lon="-0.0004652">
        <ele>24.2</ele>
        <time>2026-08-06T11:49:30Z</time>
        <extensions><gpxtpx:TrackPointExtension><gpxtpx:hr>118</gpxtpx:hr><gpxtpx:cad>84</gpxtpx:cad></gpxtpx:TrackPointExtension><power>213</power></extensions>
      </trkpt>
      <trkpt lat="51.4811847" lon="-0.0004304">
        <ele>24.4</ele>
        <time>2026-08-06T11:49:31Z</time>
        <extensions><gpxtpx:TrackPointExtension><gpxtpx:hr>119</gpxtpx:hr><gpxtpx:cad>84</gpxtpx:cad></gpxtpx:TrackPointExtension><power>213</power></extensions>
      </trkpt>
      <trkpt lat="51.4811845" lon="-0.0003956">
        <ele>24.6</ele>
        <time>2026-08-06T11:49:32Z</time>
        <extensions><gpxtpx:TrackPointExtension><gpxtpx:hr>119</gpxtpx:hr><gpxtpx:cad>84</gpxtpx:cad></gpxtpx:TrackPointExtension><power>214</power></extensions>
      </trkpt>
      <trkpt lat="51.4811841" lon="-0.0003606">
        <ele>24.8</ele>
        <time>2026-08-06T11:49:33Z</time>
        <extensions><gpxtpx:TrackPointExtension><gpxtpx:hr>119</gpxtpx:hr><gpxtpx:cad>85</gpxtpx:cad></gpxtpx:TrackPointExtension><power>215</power></extensions>
      </trkpt>
      <trkpt lat="51.4811836" lon="-0.0003257">
        <ele>25.1</ele>
        <time>2026-08-06T11:49:34Z</time>
        <extensions><gpxtpx:TrackPointExtension><gpxtpx:hr>119</gpxtpx:hr><gpxtpx:cad>85</gpxtpx:cad></gpxtpx:TrackPointExtension><power>215</power></extensions>
      </trkpt>
      <trkpt lat="51.4811830" lon="-0.0002907">
        <ele>25.3</ele>
        <time>2026-08-06T11:49:35Z</time>
        <extensions><gpxtpx:TrackPointExtension><gpxtpx:hr>120</gpxtpx:hr><gpxtpx:cad>85</gpxtpx:cad></gpxtpx:TrackPointExtension><power>216</power></extensions>
      </trkpt>
      <trkpt lat="51.4811822" lon="-0.0002556">
        <ele>25.5</ele>
        <time>2026-08-06T11:49:36Z</time>
        <extensions><gpxtpx:TrackPointExtension><gpxtpx:hr>120</gpxtpx:hr><gpxtpx:cad>85</gpxtpx:cad></gpxtpx:TrackPointExtension><power>216</power></extensions>
      </trkpt>
      <trkpt lat="51.4811814" lon="-0.0002205">
        <ele>25.7</ele>
        <time>2026-08-06T11:49:37Z</time>
        <extensions><gpxtpx:TrackPointExtension><gpxtpx:hr>120</gpxtpx:hr><gpxtpx:cad>85</gpxtpx:cad></gpxtpx:TrackPointExtension><power>217</power></extensions>
      </trkpt>
      <trkpt lat="51.4811805" lon="-0.0001854">
        <ele>25.9</ele>
        <time>2026-08-06T11:49:38Z</time>
        <extensions><gpxtpx:TrackPointExtension><gpxtpx:hr>120</gpxtpx:hr><gpxtpx:cad>85</gpxtpx:cad></gpxtpx:TrackPointExtension><power>218</power></extensions>
      </trkpt>
      <trkpt lat="51.4811794" lon="-0.0001502">
        <ele>26.1</ele>
        <time>2026-08-06T11:49:39Z</time>
        <extensions><gpxtpx:TrackPointExtension><gpxtpx:hr>121</gpxtpx:hr><gpxtpx:cad>85</gpxtpx:cad></gpxtpx:TrackPointExtension><power>218</power></extensions>
      </trkpt>
      <trkpt lat="51.4811782" lon="-0.0001150">
        <ele>26.3</ele>
        <time>2026-08-06T11:49:40Z</time>
        <extensions><gpxtpx:TrackPointExtension><gpxtpx:hr>121</gpxtpx:hr><gpxtpx:cad>85</gpxtpx:cad></gpxtpx:TrackPointExtension><power>219</power></extensions>
      </trkpt>
      <trkpt lat="51.4811769" lon="-0.0000797">
        <ele>26.5</ele>
        <time>2026-08-06T11:49:41Z</time>
        <extensions><gpxtpx:TrackPointExtension><gpxtpx:hr>121</gpxtpx:hr><gpxtpx:cad>85</gpxtpx:cad></gpxtpx:TrackPointExtension><power>220</power></extensions>
      </trkpt>
      <trkpt lat="51.4811755" lon="-0.0000444">
        <ele>26.7</ele>
        <time>2026-08-06T11:49:42Z</time>
        <extensions><gpxtpx:TrackPointExtension><gpxtpx:hr>121</gpxtpx:hr><gpxtpx:cad>85</gpxtpx:cad></gpxtpx:TrackPointExtension><power>220</power></extensions>
      </trkpt>
      <trkpt lat="51.4811740" lon="-0.0000090">
        <ele>26.9</ele>
        <time>2026-08-06T11:49:43Z</time>
        <extensions><gpxtpx:TrackPointExtension><gpxtpx:hr>122</gpxtpx:hr><gpxtpx:cad>85</gpxtpx:cad></gpxtpx:TrackPointExtension><power>221</power></extensions>
      </trkpt>
      <trkpt lat="51.4811724" lon="0.0000264">
        <ele>27.1</ele>
        <time>2026-08-06T11:49:44Z</time>
        <extensions><gpxtpx:TrackPointExtension><gpxtpx:hr>122</gpxtpx:hr><gpxtpx:cad>85</gpxtpx:cad></gpxtpx:TrackPointExtension><power>221</power></extensions>
      </trkpt>
      <trkpt lat="51.4811706" lon="0.0000618">
        <ele>27.4</ele>
        <time>2026-08-06T11:49:45Z</time>
        <extensions><gpxtpx:TrackPointExtension><gpxtpx:hr>122</gpxtpx:hr><gpxtpx:cad>85</gpxtpx:cad></gpxtpx:TrackPointExtension><power>222</power></extensions>
      </trkpt>
      <trkpt lat="51.4811688" lon="0.0000972">
        <ele>27.6</ele>
        <time>2026-08-06T11:49:46Z</time>
        <extensions><gpxtpx:TrackPointExtension><gpxtpx:hr>122</gpxtpx:hr><gpxtpx:cad>85</gpxtpx:cad></gpxtpx:TrackPointExtension><power>223</power></extensions>
      </trkpt>
      <trkpt lat="51.4811668" lon="0.0001327">
        <ele>27.8</ele>
        <time>2026-08-06T11:49:47Z</time>
        <extensions><gpxtpx:TrackPointExtension><gpxtpx:hr>123</gpxtpx:hr><gpxtpx:cad>86</gpxtpx:cad></gpxtpx:TrackPointExtension><power>223</power></extensions>
      </trkpt>
      <trkpt lat="51.4811647" lon="0.0001683">
        <ele>28.0</ele>
        <time>2026-08-06T11:49:48Z</time>
        <extensions><gpxtpx:TrackPointExtension><gpxtpx:hr>123</gpxtpx:hr><gpxtpx:cad>86</gpxtpx:cad></gpxtpx:TrackPointExtension><power>224</power></extensions>
      </trkpt>
      <trkpt lat="51.4811625" lon="0.0002038">
        <ele>28.2</ele>
        <time>2026-08-06T11:49:49Z</time>
        <extensions><gpxtpx:TrackPointExtension><gpxtpx:hr>123</gpxtpx:hr><gpxtpx:cad>86</gpxtpx:cad></gpxtpx:TrackPointExtension><power>224</power></extensions>
      </trkpt>
      <trkpt lat="51.4811601" lon="0.0002394">
        <ele>28.4</ele>
        <time>2026-08-06T11:49:50Z</time>
        <extensions><gpxtpx:TrackPointExtension><gpxtpx:hr>123</gpxtpx:hr><gpxtpx:cad>86</gpxtpx:cad></gpxtpx:TrackPointExtension><power>225</power></extensions>
      </trkpt>
      <trkpt lat="51.4811577" lon="0.0002750">
        <ele>28.6</ele>
        <time>2026-08-06T11:49:51Z</time>
        <extensions><gpxtpx:TrackPointExtension><gpxtpx:hr>124</gpxtpx:hr><gpxtpx:cad>86</gpxtpx:cad></gpxtpx:TrackPointExtension><power>226</power></extensions>
      </trkpt>
      <trkpt lat="51.4811551" lon="0.0003106">
        <ele>28.8</ele>
        <time>2026-08-06T11:49:52Z</time>
        <extensions><gpxtpx:TrackPointExtension><gpxtpx:hr>124</gpxtpx:hr><gpxtpx:cad>86</gpxtpx:cad></gpxtpx:TrackPointExtension><power>226</power></extensions>
      </trkpt>
      <trkpt lat="51.4811524" lon="0.0003463">
        <ele>29.0</ele>
        <time>2026-08-06T11:49:53Z</time>
        <extensions><gpxtpx:TrackPointExtension><gpxtpx:hr>124</gpxtpx:hr><gpxtpx:cad>86</gpxtpx:cad></gpxtpx:TrackPointExtension><power>227</power></extensions>
      </trkpt>
      <trkpt lat="51.4811496" lon="0.0003820">
        <ele>29.2</ele>
        <time>2026-08-06T11:49:54Z</time>
        <extensions><gpxtpx:TrackPointExtension><gpxtpx:hr>124</gpxtpx:hr><gpxtpx:cad>86</gpxtpx:cad></gpxtpx:TrackPointExtension><power>227</power></extensions>
      </trkpt>
      <trkpt lat="51.4811467" lon="0.0004177">
        <ele>29.4</ele>
        <time>2026-08-06T11:49:55Z</time>
        <extensions><gpxtpx:TrackPointExtension><gpxtpx:hr>125</gpxtpx:hr><gpxtpx:cad>86</gpxtpx:cad></gpxtpx:TrackPointExtension><power>228</power></extensions>
      </trkpt>
      <trkpt lat="51.4811436" lon="0.0004535">
        <ele>29.6</ele>
        <time>2026-08-06T11:49:56Z</time>
        <extensions><gpxtpx:TrackPointExtension><gpxtpx:hr>125</gpxtpx:hr><gpxtpx:cad>86</gpxtpx:cad></gpxtpx:TrackPointExtension><power>228</power></extensions>
      </trkpt>
      <trkpt lat="51.4811404" lon="0.0004892">
        <ele>29.8</ele>
        <time>2026-08-06T11:49:57Z</time>
        <extensions><gpxtpx:TrackPointExtension><gpxtpx:hr>125</gpxtpx:hr><gpxtpx:cad>86</gpxtpx:cad></gpxtpx:TrackPointExtension><power>229</power></extensions>
      </trkpt>
      <trkpt lat="51.4811371" lon="0.0005250">
        <ele>30.0</ele>
        <time>2026-08-06T11:49:58Z</time>
        <extensions><gpxtpx:TrackPointExtension><gpxtpx:hr>125</gpxtpx:hr><gpxtpx:cad>86</gpxtpx:cad></gpxtpx:TrackPointExtension><power>229</power></extensions>
      </trkpt>
      <trkpt lat="51.4811337" lon="0.0005608">
        <ele>30.2</ele>
        <time>2026-08-06T11:49:59Z</time>
        <extensions><gpxtpx:TrackPointExtension><gpxtpx:hr>126</gpxtpx:hr><gpxtpx:cad>86</gpxtpx:cad></gpxtpx:TrackPointExtension><power>230</power></extensions>
      </trkpt>
      <trkpt lat="51.4811302" lon="0.0005966">
        <ele>30.4</ele>
        <time>2026-08-06T11:50:00Z</time>
        <extensions><gpxtpx:TrackPointExtension><gpxtpx:hr>126</gpxtpx:hr><gpxtpx:cad>86</gpxtpx:cad></gpxtpx:TrackPointExtension><power>230</power></extensions>
      </trkpt>
      <trkpt lat="51.4811265" lon="0.0006324">
        <ele>30.6</ele>
        <time>2026-08-06T11:50:01Z</time>
        <extensions><gpxtpx:TrackPointExtension><gpxtpx:hr>126</gpxtpx:hr><gpxtpx:cad>86</gpxtpx:cad></gpxtpx:TrackPointExtension><power>231</power></extensions>
      </trkpt>
      <trkpt lat="51.4811227" lon="0.0006682">
        <ele>30.8</ele>
        <time>2026-08-06T11:50:02Z</time>
        <extensions><gpxtpx:TrackPointExtension><gpxtpx:hr>126</gpxtpx:hr><gpxtpx:cad>86</gpxtpx:cad></gpxtpx:TrackPointExtension><power>231</power></extensions>
      </trkpt>
      <trkpt lat="51.4811188" lon="0.0007041">
        <ele>31.0</ele>
        <time>2026-08-06T11:50:03Z</time>
        <extensions><gpxtpx:TrackPointExtension><gpxtpx:hr>127</gpxtpx:hr><gpxtpx:cad>86</gpxtpx:cad></gpxtpx:TrackPointExtension><power>232</power></extensions>
      </trkpt>
      <trkpt lat="51.4811148" lon="0.0007400">
        <ele>31.2</ele>
        <time>2026-08-06T11:50:04Z</time>
        <extensions><gpxtpx:TrackPointExtension><gpxtpx:hr>127</gpxtpx:hr><gpxtpx:cad>87</gpxtpx:cad></gpxtpx:TrackPointExtension><power>232</power></extensions>
      </trkpt>
      <trkpt lat="51.4811106" lon="0.0007758">
        <ele>31.4</ele>
        <time>2026-08-06T11:50:05Z</time>
        <extensions><gpxtpx:TrackPointExtension><gpxtpx:hr>127</gpxtpx:hr><gpxtpx:cad>87</gpxtpx:cad></gpxtpx:TrackPointExtension><power>233</power></extensions>
      </trkpt>
      <trkpt lat="51.4811064" lon="0.0008117">
        <ele>31.6</ele>
        <time>2026-08-06T11:50:06Z</time>
        <extensions><gpxtpx:TrackPointExtension><gpxtpx:hr>127</gpxtpx:hr><gpxtpx:cad>87</gpxtpx:cad></gpxtpx:TrackPointExtension><power>233</power></extensions>
      </trkpt>
      <trkpt lat="51.4811020" lon="0.0008476">
        <ele>31.8</ele>
        <time>2026-08-06T11:50:07Z</time>
        <extensions><gpxtpx:TrackPointExtension><gpxtpx:hr>128</gpxtpx:hr><gpxtpx:cad>87</gpxtpx:cad></gpxtpx:TrackPointExtension><power>234</power></extensions>
      </trkpt>
      <trkpt lat="51.4810974" lon="0.0008834">
        <ele>32.0</ele>
        <time>2026-08-06T11:50:08Z</time>
        <extensions><gpxtpx:TrackPointExtension><gpxtpx:hr>128</gpxtpx:hr><gpxtpx:cad>87</gpxtpx:cad></gpxtpx:TrackPointExtension><power>234</power></extensions>
      </trkpt>
      <trkpt lat="51.4810928" lon="0.0009193">
        <ele>32.2</ele>
        <time>2026-08-06T11:50:09Z</time>
        <extensions><gpxtpx:TrackPointExtension><gpxtpx:hr>128</gpxtpx:hr><gpxtpx:cad>87</gpxtpx:cad></gpxtpx:TrackPointExtension><power>235</power></extensions>
      </trkpt>
      <trkpt lat="51.4810880" lon="0.0009552">
        <ele>32.3</ele>
        <time>2026-08-06T11:50:10Z</time>
        <extensions><gpxtpx:TrackPointExtension><gpxtpx:hr>128</gpxtpx:hr><gpxtpx:cad>87</gpxtpx:cad></gpxtpx:TrackPointExtension><power>235</power></extensions>
      </trkpt>
      <trkpt lat="51.4810831" lon="0.0009911">
        <ele>32.5</ele>
        <time>2026-08-06T11:50:11Z</time>
        <extensions><gpxtpx:TrackPointExtension><gpxtpx:hr>128</gpxtpx:hr><gpxtpx:cad>87</gpxtpx:cad></gpxtpx:TrackPointExtension><power>236</power></extensions>
      </trkpt>
      <trkpt lat="51.4810781" lon="0.0010270">
        <ele>32.7</ele>
        <time>2026-08-06T11:50:12Z</time>
        <extensions><gpxtpx:TrackPointExtension><gpxtpx:hr>129</gpxtpx:hr><gpxtpx:cad>87</gpxtpx:cad></gpxtpx:TrackPointExtension><power>236</power></extensions>
      </trkpt>
      <trkpt lat="51.4810729" lon="0.0010628">
        <ele>32.9</ele>
        <time>2026-08-06T11:50:13Z</time>
        <extensions><gpxtpx:TrackPointExtension><gpxtpx:hr>129</gpxtpx:hr><gpxtpx:cad>87</gpxtpx:cad></gpxtpx:TrackPointExtension><power>237</power></extensions>
      </trkpt>
      <trkpt lat="51.4810677" lon="0.0010987">
        <ele>33.1</ele>
        <time>2026-08-06T11:50:14Z</time>
        <extensions><gpxtpx:TrackPointExtension><gpxtpx:hr>129</gpxtpx:hr><gpxtpx:cad>87</gpxtpx:cad></gpxtpx:TrackPointExtension><power>237</power></extensions>
      </trkpt>
      <trkpt lat="51.4810623" lon="0.0011346">
        <ele>33.3</ele>
        <time>2026-08-06T11:50:15Z</time>
        <extensions><gpxtpx:TrackPointExtension><gpxtpx:hr>129</gpxtpx:hr><gpxtpx:cad>87</gpxtpx:cad></gpxtpx:TrackPointExtension><power>237</power></extensions>
      </trkpt>
      <trkpt lat="51.4810567" lon="0.0011704">
        <ele>33.5</ele>
        <time>2026-08-06T11:50:16Z</time>
        <extensions><gpxtpx:TrackPointExtension><gpxtpx:hr>130</gpxtpx:hr><gpxtpx:cad>87</gpxtpx:cad></gpxtpx:TrackPointExtension><power>238</power></extensions>
      </trkpt>
      <trkpt lat="51.4810511" lon="0.0012062">
        <ele>33.6</ele>
        <time>2026-08-06T11:50:17Z</time>
        <extensions><gpxtpx:TrackPointExtension><gpxtpx:hr>130</gpxtpx:hr><gpxtpx:cad>87</gpxtpx:cad></gpxtpx:TrackPointExtension><power>238</power></extensions>
      </trkpt>
      <trkpt lat="51.4810453" lon="0.0012421">
        <ele>33.8</ele>
        <time>2026-08-06T11:50:18Z</time>
        <extensions><gpxtpx:TrackPointExtension><gpxtpx:hr>130</gpxtpx:hr><gpxtpx:cad>87</gpxtpx:cad></gpxtpx:TrackPointExtension><power>239</power></extensions>
      </trkpt>
      <trkpt lat="51.4810394" lon="0.0012779">
        <ele>34.0</ele>
        <time>2026-08-06T11:50:19Z</time>
        <extensions><gpxtpx:TrackPointExtension><gpxtpx:hr>130</gpxtpx:hr><gpxtpx:cad>87</gpxtpx:cad></gpxtpx:TrackPointExtension><power>239</power></extensions>
      </trkpt>
      <trkpt lat="51.4810334" lon="0.0013137">
        <ele>34.2</ele>
        <time>2026-08-06T11:50:20Z</time>
        <extensions><gpxtpx:TrackPointExtension><gpxtpx:hr>131</gpxtpx:hr><gpxtpx:cad>87</gpxtpx:cad></gpxtpx:TrackPointExtension><power>239</power></extensions>
      </trkpt>
      <trkpt lat="51.4810272" lon="0.0013494">
        <ele>34.4</ele>
        <time>2026-08-06T11:50:21Z</time>
        <extensions><gpxtpx:TrackPointExtension><gpxtpx:hr>131</gpxtpx:hr><gpxtpx:cad>87</gpxtpx:cad></gpxtpx:TrackPointExtension><power>240</power></extensions>
      </trkpt>
      <trkpt lat="51.4810210" lon="0.0013852">
        <ele>34.5</ele>
        <time>2026-08-06T11:50:22Z</time>
        <extensions><gpxtpx:TrackPointExtension><gpxtpx:hr>131</gpxtpx:hr><gpxtpx:cad>87</gpxtpx:cad></gpxtpx:TrackPointExtension><power>240</power></extensions>
      </trkpt>
      <trkpt lat="51.4810146" lon="0.0014209">
        <ele>34.7</ele>
        <time>2026-08-06T11:50:23Z</time>
        <extensions><gpxtpx:TrackPointExtension><gpxtpx:hr>131</gpxtpx:hr><gpxtpx:cad>87</gpxtpx:cad></gpxtpx:TrackPointExtension><power>240</power></extensions>
      </trkpt>
      <trkpt lat="51.4810080" lon="0.0014566">
        <ele>34.9</ele>
        <time>2026-08-06T11:50:24Z</time>
        <extensions><gpxtpx:TrackPointExtension><gpxtpx:hr>131</gpxtpx:hr><gpxtpx:cad>87</gpxtpx:cad></gpxtpx:TrackPointExtension><power>241</power></extensions>
      </trkpt>
      <trkpt lat="51.4810014" lon="0.0014923">
        <ele>35.1</ele>
        <time>2026-08-06T11:50:25Z</time>
        <extensions><gpxtpx:TrackPointExtension><gpxtpx:hr>132</gpxtpx:hr><gpxtpx:cad>87</gpxtpx:cad></gpxtpx:TrackPointExtension><power>241</power></extensions>
      </trkpt>
      <trkpt lat="51.4809946" lon="0.0015279">
        <ele>35.2</ele>
        <time>2026-08-06T11:50:26Z</time>
        <extensions><gpxtpx:TrackPointExtension><gpxtpx:hr>132</gpxtpx:hr><gpxtpx:cad>87</gpxtpx:cad></gpxtpx:TrackPointExtension><power>241</power></extensions>
      </trkpt>
      <trkpt lat="51.4809877" lon="0.0015636">
        <ele>35.4</ele>
        <time>2026-08-06T11:50:27Z</time>
        <extensions><gpxtpx:TrackPointExtension><gpxtpx:hr>132</gpxtpx:hr><gpxtpx:cad>87</gpxtpx:cad></gpxtpx:TrackPointExtension><power>241</power></extensions>
      </trkpt>
      <trkpt lat="51.4809807" lon="0.0015991">
        <ele>35.6</ele>
        <time>2026-08-06T11:50:28Z</time>
        <extensions><gpxtpx:TrackPointExtension><gpxtpx:hr>132</gpxtpx:hr><gpxtpx:cad>87</gpxtpx:cad></gpxtpx:TrackPointExtension><power>242</power></extensions>
      </trkpt>
      <trkpt lat="51.4809735" lon="0.0016347">
        <ele>35.7</ele>
        <time>2026-08-06T11:50:29Z</time>
        <extensions><gpxtpx:TrackPointExtension><gpxtpx:hr>132</gpxtpx:hr><gpxtpx:cad>87</gpxtpx:cad></gpxtpx:TrackPointExtension><power>242</power></extensions>
      </trkpt>
      <trkpt lat="51.4809662" lon="0.0016702">
        <ele>35.9</ele>
        <time>2026-08-06T11:50:30Z</time>
        <extensions><gpxtpx:TrackPointExtension><gpxtpx:hr>133</gpxtpx:hr><gpxtpx:cad>87</gpxtpx:cad></gpxtpx:TrackPointExtension><power>242</power></extensions>
      </trkpt>
      <trkpt lat="51.4809588" lon="0.0017057">
        <ele>36.1</ele>
        <time>2026-08-06T11:50:31Z</time>
        <extensions><gpxtpx:TrackPointExtension><gpxtpx:hr>133</gpxtpx:hr><gpxtpx:cad>87</gpxtpx:cad></gpxtpx:TrackPointExtension><power>243</power></extensions>
      </trkpt>
      <trkpt lat="51.4809513" lon="0.0017411">
        <ele>36.2</ele>
        <time>2026-08-06T11:50:32Z</time>
        <extensions><gpxtpx:TrackPointExtension><gpxtpx:hr>133</gpxtpx:hr><gpxtpx:cad>87</gpxtpx:cad></gpxtpx:TrackPointExtension><power>243</power></extensions>
      </trkpt>
      <trkpt lat="51.4809436" lon="0.0017766">
        <ele>36.4</ele>
        <time>2026-08-06T11:50:33Z</time>
        <extensions><gpxtpx:TrackPointExtension><gpxtpx:hr>133</gpxtpx:hr><gpxtpx:cad>87</gpxtpx:cad></gpxtpx:TrackPointExtension><power>243</power></extensions>
      </trkpt>
      <trkpt lat="51.4809358" lon="0.0018119">
        <ele>36.5</ele>
        <time>2026-08-06T11:50:34Z</time>
        <extensions><gpxtpx:TrackPointExtension><gpxtpx:hr>134</gpxtpx:hr><gpxtpx:cad>87</gpxtpx:cad></gpxtpx:TrackPointExtension><power>243</power></extensions>
      </trkpt>
      <trkpt lat="51.4809279" lon="0.0018472">
        <ele>36.7</ele>
        <time>2026-08-06T11:50:35Z</time>
        <extensions><gpxtpx:TrackPointExtension><gpxtpx:hr>134</gpxtpx:hr><gpxtpx:cad>87</gpxtpx:cad></gpxtpx:TrackPointExtension><power>243</power></extensions>
      </trkpt>
      <trkpt lat="51.4809199" lon="0.0018825">
        <ele>36.9</ele>
        <time>2026-08-06T11:50:36Z</time>
        <extensions><gpxtpx:TrackPointExtension><gpxtpx:hr>134</gpxtpx:hr><gpxtpx:cad>87</gpxtpx:cad></gpxtpx:TrackPointExtension><power>244</power></extensions>
      </trkpt>
      <trkpt lat="51.4809117" lon="0.0019177">
        <ele>37.0</ele>
        <time>2026-08-06T11:50:37Z</time>
        <extensions><gpxtpx:TrackPointExtension><gpxtpx:hr>134</gpxtpx:hr><gpxtpx:cad>87</gpxtpx:cad></gpxtpx:TrackPointExtension><power>244</power></extensions>
      </trkpt>
      <trkpt lat="51.4809034" lon="0.0019529">
        <ele>37.2</ele>
        <time>2026-08-06T11:50:38Z</time>
        <extensions><gpxtpx:TrackPointExtension><gpxtpx:hr>134</gpxtpx:hr><gpxtpx:cad>87</gpxtpx:cad></gpxtpx:TrackPointExtension><power>244</power></extensions>
      </trkpt>
      <trkpt lat="51.4808950" lon="0.0019880">
        <ele>37.3</ele>
        <time>2026-08-06T11:50:39Z</time>
        <extensions><gpxtpx:TrackPointExtension><gpxtpx:hr>135</gpxtpx:hr><gpxtpx:cad>87</gpxtpx:cad></gpxtpx:TrackPointExtension><power>244</power></extensions>
      </trkpt>
      <trkpt lat="51.4808864" lon="0.0020231">
        <ele>37.5</ele>
        <time>2026-08-06T11:50:40Z</time>
        <extensions><gpxtpx:TrackPointExtension><gpxtpx:hr>135</gpxtpx:hr><gpxtpx:cad>87</gpxtpx:cad></gpxtpx:TrackPointExtension><power>244</power></extensions>
      </trkpt>
      <trkpt lat="51.4808778" lon="0.0020581">
        <ele>37.6</ele>
        <time>2026-08-06T11:50:41Z</time>
        <extensions><gpxtpx:TrackPointExtension><gpxtpx:hr>135</gpxtpx:hr><gpxtpx:cad>87</gpxtpx:cad></gpxtpx:TrackPointExtension><power>245</power></extensions>
      </trkpt>
      <trkpt lat="51.4808690" lon="0.0020931">
        <ele>37.8</ele>
        <time>2026-08-06T11:50:42Z</time>
        <extensions><gpxtpx:TrackPointExtension><gpxtpx:hr>135</gpxtpx:hr><gpxtpx:cad>87</gpxtpx:cad></gpxtpx:TrackPointExtension><power>245</power></extensions>
      </trkpt>
      <trkpt lat="51.4808601" lon="0.0021280">
        <ele>37.9</ele>
        <time>2026-08-06T11:50:43Z</time>
        <extensions><gpxtpx:TrackPointExtension><gpxtpx:hr>135</gpxtpx:hr><gpxtpx:cad>87</gpxtpx:cad></gpxtpx:TrackPointExtension><power>245</power></extensions>
      </trkpt>
      <trkpt lat="51.4808510" lon="0.0021628">
        <ele>38.0</ele>
        <time>2026-08-06T11:50:44Z</time>
        <extensions><gpxtpx:TrackPointExtension><gpxtpx:hr>135</gpxtpx:hr><gpxtpx:cad>87</gpxtpx:cad></gpxtpx:TrackPointExtension><power>245</power></extensions>
      </trkpt>
      <trkpt lat="51.4808419" lon="0.0021976">
        <ele>38.2</ele>
        <time>2026-08-06T11:50:45Z</time>
        <extensions><gpxtpx:TrackPointExtension><gpxtpx:hr>136</gpxtpx:hr><gpxtpx:cad>87</gpxtpx:cad></gpxtpx:TrackPointExtension><power>245</power></extensions>
      </trkpt>
      <trkpt lat="51.4808326" lon="0.0022323">
        <ele>38.3</ele>
        <time>2026-08-06T11:50:46Z</time>
        <extensions><gpxtpx:TrackPointExtension><gpxtpx:hr>136</gpxtpx:hr><gpxtpx:cad>87</gpxtpx:cad></gpxtpx:TrackPointExtension><power>245</power></extensions>
      </trkpt>
      <trkpt lat="51.4808232" lon="0.0022669">
        <ele>38.5</ele>
        <time>2026-08-06T11:50:47Z</time>
        <extensions><gpxtpx:TrackPointExtension><gpxtpx:hr>136</gpxtpx:hr><gpxtpx:cad>87</gpxtpx:cad></gpxtpx:TrackPointExtension><power>245</power></extensions>
      </trkpt>
      <trkpt lat="51.4808137" lon="0.0023015">
        <ele>38.6</ele>
        <time>2026-08-06T11:50:48Z</time>
        <extensions><gpxtpx:TrackPointExtension><gpxtpx:hr>136</gpxtpx:hr><gpxtpx:cad>87</gpxtpx:cad></gpxtpx:TrackPointExtension><power>246</power></extensions>
      </trkpt>
      <trkpt lat="51.4808040" lon="0.0023360">
        <ele>38.7</ele>
        <time>2026-08-06T11:50:49Z</time>
        <extensions><gpxtpx:TrackPointExtension><gpxtpx:hr>136</gpxtpx:hr><gpxtpx:cad>87</gpxtpx:cad></gpxtpx:TrackPointExtension><power>246</power></extensions>
      </trkpt>
      <trkpt lat="51.4807942" lon="0.0023704">
        <ele>38.9</ele>
        <time>2026-08-06T11:50:50Z</time>
        <extensions><gpxtpx:TrackPointExtension><gpxtpx:hr>137</gpxtpx:hr><gpxtpx:cad>87</gpxtpx:cad></gpxtpx:TrackPointExtension><power>246</power></extensions>
      </trkpt>
      <trkpt lat="51.4807843" lon="0.0024048">
        <ele>39.0</ele>
        <time>2026-08-06T11:50:51Z</time>
        <extensions><gpxtpx:TrackPointExtension><gpxtpx:hr>137</gpxtpx:hr><gpxtpx:cad>87</gpxtpx:cad></gpxtpx:TrackPointExtension><power>246</power></extensions>
      </trkpt>
      <trkpt lat="51.4807743" lon="0.0024391">
        <ele>39.1</ele>
        <time>2026-08-06T11:50:52Z</time>
        <extensions><gpxtpx:TrackPointExtension><gpxtpx:hr>137</gpxtpx:hr><gpxtpx:cad>87</gpxtpx:cad></gpxtpx:TrackPointExtension><power>246</power></extensions>
      </trkpt>
      <trkpt lat="51.4807642" lon="0.0024733">
        <ele>39.3</ele>
        <time>2026-08-06T11:50:53Z</time>
        <extensions><gpxtpx:TrackPointExtension><gpxtpx:hr>137</gpxtpx:hr><gpxtpx:cad>87</gpxtpx:cad></gpxtpx:TrackPointExtension><power>246</power></extensions>
      </trkpt>
      <trkpt lat="51.4807539" lon="0.0025074">
        <ele>39.4</ele>
        <time>2026-08-06T11:50:54Z</time>
        <extensions><gpxtpx:TrackPointExtension><gpxtpx:hr>137</gpxtpx:hr><gpxtpx:cad>87</gpxtpx:cad></gpxtpx:TrackPointExtension><power>246</power></extensions>
      </trkpt>
      <trkpt lat="51.4807435" lon="0.0025415">
        <ele>39.5</ele>
        <time>2026-08-06T11:50:55Z</time>
        <extensions><gpxtpx:TrackPointExtension><gpxtpx:hr>137</gpxtpx:hr><gpxtpx:cad>87</gpxtpx:cad></gpxtpx:TrackPointExtension><power>246</power></extensions>
      </trkpt>
      <trkpt lat="51.4807331" lon="0.0025755">
        <ele>39.6</ele>
        <time>2026-08-06T11:50:56Z</time>
        <extensions><gpxtpx:TrackPointExtension><gpxtpx:hr>138</gpxtpx:hr><gpxtpx:cad>87</gpxtpx:cad></gpxtpx:TrackPointExtension><power>246</power></extensions>
      </trkpt>
      <trkpt lat="51.4807224" lon="0.0026093">
        <ele>39.8</ele>
        <time>2026-08-06T11:50:57Z</time>
        <extensions><gpxtpx:TrackPointExtension><gpxtpx:hr>138</gpxtpx:hr><gpxtpx:cad>87</gpxtpx:cad></gpxtpx:TrackPointExtension><power>246</power></extensions>
      </trkpt>
      <trkpt lat="51.4807117" lon="0.0026431">
        <ele>39.9</ele>
        <time>2026-08-06T11:50:58Z</time>
        <extensions><gpxtpx:TrackPointExtension><gpxtpx:hr>138</gpxtpx:hr><gpxtpx:cad>87</gpxtpx:cad></gpxtpx:TrackPointExtension><power>246</power></extensions>
      </trkpt>
      <trkpt lat="51.4807008" lon="0.0026769">
        <ele>40.0</ele>
        <time>2026-08-06T11:50:59Z</time>
        <extensions><gpxtpx:TrackPointExtension><gpxtpx:hr>138</gpxtpx:hr><gpxtpx:cad>87</gpxtpx:cad></gpxtpx:TrackPointExtension><power>246</power></extensions>
      </trkpt>
      <trkpt lat="51.4806899" lon="0.0027105">
        <ele>40.1</ele>
        <time>2026-08-06T11:51:00Z</time>
        <extensions><gpxtpx:TrackPointExtension><gpxtpx:hr>138</gpxtpx:hr><gpxtpx:cad>87</gpxtpx:cad></gpxtpx:TrackPointExtension><power>246</power></extensions>
      </trkpt>
      <trkpt lat="51.4806788" lon="0.0027440">
        <ele>40.2</ele>
        <time>2026-08-06T11:51:01Z</time>
        <extensions><gpxtpx:TrackPointExtension><gpxtpx:hr>138</gpxtpx:hr><gpxtpx:cad>87</gpxtpx:cad></gpxtpx:TrackPointExtension><power>246</power></extensions>
      </trkpt>
      <trkpt lat="51.4806676" lon="0.0027775">
        <ele>40.3</ele>
        <time>2026-08-06T11:51:02Z</time>
        <extensions><gpxtpx:TrackPointExtension><gpxtpx:hr>138</gpxtpx:hr><gpxtpx:cad>87</gpxtpx:cad></gpxtpx:TrackPointExtension><power>246</power></extensions>
      </trkpt>
      <trkpt lat="51.4806562" lon="0.0028108">
        <ele>40.4</ele>
        <time>2026-08-06T11:51:03Z</time>
        <extensions><gpxtpx:TrackPointExtension><gpxtpx:hr>139</gpxtpx:hr><gpxtpx:cad>87</gpxtpx:cad></gpxtpx:TrackPointExtension><power>246</power></extensions>
      </trkpt>
      <trkpt lat="51.4806448" lon="0.0028441">
        <ele>40.6</ele>
        <time>2026-08-06T11:51:04Z</time>
        <extensions><gpxtpx:TrackPointExtension><gpxtpx:hr>139</gpxtpx:hr><gpxtpx:cad>87</gpxtpx:cad></gpxtpx:TrackPointExtension><power>246</power></extensions>
      </trkpt>
      <trkpt lat="51.4806332" lon="0.0028772">
        <ele>40.7</ele>
        <time>2026-08-06T11:51:05Z</time>
        <extensions><gpxtpx:TrackPointExtension><gpxtpx:hr>139</gpxtpx:hr><gpxtpx:cad>87</gpxtpx:cad></gpxtpx:TrackPointExtension><power>246</power></extensions>
      </trkpt>
      <trkpt lat="51.4806216" lon="0.0029103">
        <ele>40.8</ele>
        <time>2026-08-06T11:51:06Z</time>
        <extensions><gpxtpx:TrackPointExtension><gpxtpx:hr>139</gpxtpx:hr><gpxtpx:cad>87</gpxtpx:cad></gpxtpx:TrackPointExtension><power>246</power></extensions>
      </trkpt>
      <trkpt lat="51.4806098" lon="0.0029432">
        <ele>40.9</ele>
        <time>2026-08-06T11:51:07Z</time>
        <extensions><gpxtpx:TrackPointExtension><gpxtpx:hr>139</gpxtpx:hr><gpxtpx:cad>87</gpxtpx:cad></gpxtpx:TrackPointExtension><power>246</power></extensions>
      </trkpt>
      <trkpt lat="51.4805979" lon="0.0029761">
        <ele>41.0</ele>
        <time>2026-08-06T11:51:08Z</time>
        <extensions><gpxtpx:TrackPointExtension><gpxtpx:hr>139</gpxtpx:hr><gpxtpx:cad>87</gpxtpx:cad></gpxtpx:TrackPointExtension><power>246</power></extensions>
      </trkpt>
      <trkpt lat="51.4805859" lon="0.0030088">
        <ele>41.1</ele>
        <time>2026-08-06T11:51:09Z</time>
        <extensions><gpxtpx:TrackPointExtension><gpxtpx:hr>139</gpxtpx:hr><gpxtpx:cad>87</gpxtpx:cad></gpxtpx:TrackPointExtension><power>246</power></extensions>
      </trkpt>
      <trkpt lat="51.4805737" lon="0.0030415">
        <ele>41.2</ele>
        <time>2026-08-06T11:51:10Z</time>
        <extensions><gpxtpx:TrackPointExtension><gpxtpx:hr>140</gpxtpx:hr><gpxtpx:cad>87</gpxtpx:cad></gpxtpx:TrackPointExtension><power>246</power></extensions>
      </trkpt>
      <trkpt lat="51.4805615" lon="0.0030740">
        <ele>41.3</ele>
        <time>2026-08-06T11:51:11Z</time>
        <extensions><gpxtpx:TrackPointExtension><gpxtpx:hr>140</gpxtpx:hr><gpxtpx:cad>87</gpxtpx:cad></gpxtpx:TrackPointExtension><power>246</power></extensions>
      </trkpt>
      <trkpt lat="51.4805491" lon="0.0031064">
        <ele>41.3</ele>
        <time>2026-08-06T11:51:12Z</time>
        <extensions><gpxtpx:TrackPointExtension><gpxtpx:hr>140</gpxtpx:hr><gpxtpx:cad>87</gpxtpx:cad></gpxtpx:TrackPointExtension><power>246</power></extensions>
      </trkpt>
      <trkpt lat="51.4805367" lon="0.0031388">
        <ele>41.4</ele>
        <time>2026-08-06T11:51:13Z</time>
        <extensions><gpxtpx:TrackPointExtension><gpxtpx:hr>140</gpxtpx:hr><gpxtpx:cad>87</gpxtpx:cad></gpxtpx:TrackPointExtension><power>246</power></extensions>
      </trkpt>
      <trkpt lat="51.4805241" lon="0.0031710">
        <ele>41.5</ele>
        <time>2026-08-06T11:51:14Z</time>
        <extensions><gpxtpx:TrackPointExtension><gpxtpx:hr>140</gpxtpx:hr><gpxtpx:cad>87</gpxtpx:cad></gpxtpx:TrackPointExtension><power>246</power></extensions>
      </trkpt>
      <trkpt lat="51.4805114" lon="0.0032031">
        <ele>41.6</ele>
        <time>2026-08-06T11:51:15Z</time>
        <extensions><gpxtpx:TrackPointExtension><gpxtpx:hr>140</gpxtpx:hr><gpxtpx:cad>87</gpxtpx:cad></gpxtpx:TrackPointExtension><power>246</power></extensions>
      </trkpt>
      <trkpt lat="51.4804986" lon="0.0032351">
        <ele>41.7</ele>
        <time>2026-08-06T11:51:16Z</time>
        <extensions><gpxtpx:TrackPointExtension><gpxtpx:hr>140</gpxtpx:hr><gpxtpx:cad>87</gpxtpx:cad></gpxtpx:TrackPointExtension><power>246</power></extensions>
      </trkpt>
      <trkpt lat="51.4804857" lon="0.0032669">
        <ele>41.8</ele>
        <time>2026-08-06T11:51:17Z</time>
        <extensions><gpxtpx:TrackPointExtension><gpxtpx:hr>140</gpxtpx:hr><gpxtpx:cad>87</gpxtpx:cad></gpxtpx:TrackPointExtension><power>246</power></extensions>
      </trkpt>
      <trkpt lat="51.4804727" lon="0.0032987">
        <ele>41.9</ele>
        <time>2026-08-06T11:51:18Z</time>
        <extensions><gpxtpx:TrackPointExtension><gpxtpx:hr>141</gpxtpx:hr><gpxtpx:cad>87</gpxtpx:cad></gpxtpx:TrackPointExtension><power>246</power></extensions>
      </trkpt>
      <trkpt lat="51.4804595" lon="0.0033303">
        <ele>41.9</ele>
        <time>2026-08-06T11:51:19Z</time>
        <extensions><gpxtpx:TrackPointExtension><gpxtpx:hr>141</gpxtpx:hr><gpxtpx:cad>87</gpxtpx:cad></gpxtpx:TrackPointExtension><power>246</power></extensions>
      </trkpt>
      <trkpt lat="51.4804463" lon="0.0033618">
        <ele>42.0</ele>
        <time>2026-08-06T11:51:20Z</time>
        <extensions><gpxtpx:TrackPointExtension><gpxtpx:hr>141</gpxtpx:hr><gpxtpx:cad>87</gpxtpx:cad></gpxtpx:TrackPointExtension><power>246</power></extensions>
      </trkpt>
      <trkpt lat="51.4804330" lon="0.0033932">
        <ele>42.1</ele>
        <time>2026-08-06T11:51:21Z</time>
        <extensions><gpxtpx:TrackPointExtension><gpxtpx:hr>141</gpxtpx:hr><gpxtpx:cad>87</gpxtpx:cad></gpxtpx:TrackPointExtension><power>246</power></extensions>
      </trkpt>
      <trkpt lat="51.4804195" lon="0.0034245">
        <ele>42.2</ele>
        <time>2026-08-06T11:51:22Z</time>
        <extensions><gpxtpx:TrackPointExtension><gpxtpx:hr>141</gpxtpx:hr><gpxtpx:cad>87</gpxtpx:cad></gpxtpx:TrackPointExtension><power>246</power></extensions>
      </trkpt>
      <trkpt lat="51.4804060" lon="0.0034556">
        <ele>42.2</ele>
        <time>2026-08-06T11:51:23Z</time>
        <extensions><gpxtpx:TrackPointExtension><gpxtpx:hr>141</gpxtpx:hr><gpxtpx:cad>87</gpxtpx:cad></gpxtpx:TrackPointExtension><power>246</power></extensions>
      </trkpt>
      <trkpt lat="51.4803923" lon="0.0034867">
        <ele>42.3</ele>
        <time>2026-08-06T11:51:24Z</time>
        <extensions><gpxtpx:TrackPointExtension><gpxtpx:hr>141</gpxtpx:hr><gpxtpx:cad>87</gpxtpx:cad></gpxtpx:TrackPointExtension><power>246</power></extensions>
      </trkpt>
      <trkpt lat="51.4803786" lon="0.0035176">
        <ele>42.4</ele>
        <time>2026-08-06T11:51:25Z</time>
        <extensions><gpxtpx:TrackPointExtension><gpxtpx:hr>141</gpxtpx:hr><gpxtpx:cad>86</gpxtpx:cad></gpxtpx:TrackPointExtension><power>246</power></extensions>
      </trkpt>
      <trkpt lat="51.4803647" lon="0.0035483">
        <ele>42.4</ele>
        <time>2026-08-06T11:51:26Z</time>
        <extensions><gpxtpx:TrackPointExtension><gpxtpx:hr>141</gpxtpx:hr><gpxtpx:cad>86</gpxtpx:cad></gpxtpx:TrackPointExtension><power>246</power></extensions>
      </trkpt>
      <trkpt lat="51.4803507" lon="0.0035790">
        <ele>42.5</ele>
        <time>2026-08-06T11:51:27Z</time>
        <extensions><gpxtpx:TrackPointExtension><gpxtpx:hr>141</gpxtpx:hr><gpxtpx:cad>86</gpxtpx:cad></gpxtpx:TrackPointExtension><power>246</power></extensions>
      </trkpt>
      <trkpt lat="51.4803367" lon="0.0036095">
        <ele>42.6</ele>
        <time>2026-08-06T11:51:28Z</time>
        <extensions><gpxtpx:TrackPointExtension><gpxtpx:hr>142</gpxtpx:hr><gpxtpx:cad>86</gpxtpx:cad></gpxtpx:TrackPointExtension><power>245</power></extensions>
      </trkpt>
      <trkpt lat="51.4803225" lon="0.0036398">
        <ele>42.6</ele>
        <time>2026-08-06T11:51:29Z</time>
        <extensions><gpxtpx:TrackPointExtension><gpxtpx:hr>142</gpxtpx:hr><gpxtpx:cad>86</gpxtpx:cad></gpxtpx:TrackPointExtension><power>245</power></extensions>
      </trkpt>
      <trkpt lat="51.4803082" lon="0.0036701">
        <ele>42.7</ele>
        <time>2026-08-06T11:51:30Z</time>
        <extensions><gpxtpx:TrackPointExtension><gpxtpx:hr>142</gpxtpx:hr><gpxtpx:cad>86</gpxtpx:cad></gpxtpx:TrackPointExtension><power>245</power></extensions>
      </trkpt>
      <trkpt lat="51.4802939" lon="0.0037002">
        <ele>42.7</ele>
        <time>2026-08-06T11:51:31Z</time>
        <extensions><gpxtpx:TrackPointExtension><gpxtpx:hr>142</gpxtpx:hr><gpxtpx:cad>86</gpxtpx:cad></gpxtpx:TrackPointExtension><power>245</power></extensions>
      </trkpt>
      <trkpt lat="51.4802794" lon="0.0037302">
        <ele>42.8</ele>
        <time>2026-08-06T11:51:32Z</time>
        <extensions><gpxtpx:TrackPointExtension><gpxtpx:hr>142</gpxtpx:hr><gpxtpx:cad>86</gpxtpx:cad></gpxtpx:TrackPointExtension><power>245</power></extensions>
      </trkpt>
      <trkpt lat="51.4802648" lon="0.0037600">
        <ele>42.8</ele>
        <time>2026-08-06T11:51:33Z</time>
        <extensions><gpxtpx:TrackPointExtension><gpxtpx:hr>142</gpxtpx:hr><gpxtpx:cad>86</gpxtpx:cad></gpxtpx:TrackPointExtension><power>245</power></extensions>
      </trkpt>
      <trkpt lat="51.4802501" lon="0.0037897">
        <ele>42.9</ele>
        <time>2026-08-06T11:51:34Z</time>
        <extensions><gpxtpx:TrackPointExtension><gpxtpx:hr>142</gpxtpx:hr><gpxtpx:cad>86</gpxtpx:cad></gpxtpx:TrackPointExtension><power>245</power></extensions>
      </trkpt>
      <trkpt lat="51.4802354" lon="0.0038193">
        <ele>42.9</ele>
        <time>2026-08-06T11:51:35Z</time>
        <extensions><gpxtpx:TrackPointExtension><gpxtpx:hr>142</gpxtpx:hr><gpxtpx:cad>86</gpxtpx:cad></gpxtpx:TrackPointExtension><power>245</power></extensions>
      </trkpt>
      <trkpt lat="51.4802205" lon="0.0038487">
        <ele>43.0</ele>
        <time>2026-08-06T11:51:36Z</time>
        <extensions><gpxtpx:TrackPointExtension><gpxtpx:hr>142</gpxtpx:hr><gpxtpx:cad>86</gpxtpx:cad></gpxtpx:TrackPointExtension><power>245</power></extensions>
      </trkpt>
      <trkpt lat="51.4802055" lon="0.0038780">
        <ele>43.0</ele>
        <time>2026-08-06T11:51:37Z</time>
        <extensions><gpxtpx:TrackPointExtension><gpxtpx:hr>142</gpxtpx:hr><gpxtpx:cad>86</gpxtpx:cad></gpxtpx:TrackPointExtension><power>245</power></extensions>
      </trkpt>
      <trkpt lat="51.4801905" lon="0.0039071">
        <ele>43.1</ele>
        <time>2026-08-06T11:51:38Z</time>
        <extensions><gpxtpx:TrackPointExtension><gpxtpx:hr>142</gpxtpx:hr><gpxtpx:cad>86</gpxtpx:cad></gpxtpx:TrackPointExtension><power>245</power></extensions>
      </trkpt>
      <trkpt lat="51.4801753" lon="0.0039361">
        <ele>43.1</ele>
        <time>2026-08-06T11:51:39Z</time>
        <extensions><gpxtpx:TrackPointExtension><gpxtpx:hr>142</gpxtpx:hr><gpxtpx:cad>86</gpxtpx:cad></gpxtpx:TrackPointExtension><power>245</power></extensions>
      </trkpt>
      <trkpt lat="51.4801601" lon="0.0039650">
        <ele>43.1</ele>
        <time>2026-08-06T11:51:40Z</time>
        <extensions><gpxtpx:TrackPointExtension><gpxtpx:hr>142</gpxtpx:hr><gpxtpx:cad>86</gpxtpx:cad></gpxtpx:TrackPointExtension><power>245</power></extensions>
      </trkpt>
      <trkpt lat="51.4801448" lon="0.0039937">
        <ele>43.2</ele>
        <time>2026-08-06T11:51:41Z</time>
        <extensions><gpxtpx:TrackPointExtension><gpxtpx:hr>142</gpxtpx:hr><gpxtpx:cad>86</gpxtpx:cad></gpxtpx:TrackPointExtension><power>245</power></extensions>
      </trkpt>
      <trkpt lat="51.4801293" lon="0.0040223">
        <ele>43.2</ele>
        <time>2026-08-06T11:51:42Z</time>
        <extensions><gpxtpx:TrackPointExtension><gpxtpx:hr>142</gpxtpx:hr><gpxtpx:cad>86</gpxtpx:cad></gpxtpx:TrackPointExtension><power>245</power></extensions>
      </trkpt>
      <trkpt lat="51.4801138" lon="0.0040507">
        <ele>43.2</ele>
        <time>2026-08-06T11:51:43Z</time>
        <extensions><gpxtpx:TrackPointExtension><gpxtpx:hr>143</gpxtpx:hr><gpxtpx:cad>86</gpxtpx:cad></gpxtpx:TrackPointExtension><power>244</power></extensions>
      </trkpt>
      <trkpt lat="51.4800982" lon="0.0040790">
        <ele>43.3</ele>
        <time>2026-08-06T11:51:44Z</time>
        <extensions><gpxtpx:TrackPointExtension><gpxtpx:hr>143</gpxtpx:hr><gpxtpx:cad>86</gpxtpx:cad></gpxtpx:TrackPointExtension><power>244</power></extensions>
      </trkpt>
      <trkpt lat="51.4800825" lon="0.0041071">
        <ele>43.3</ele>
        <time>2026-08-06T11:51:45Z</time>
        <extensions><gpxtpx:TrackPointExtension><gpxtpx:hr>143</gpxtpx:hr><gpxtpx:cad>86</gpxtpx:cad></gpxtpx:TrackPointExtension><power>244</power></extensions>
      </trkpt>
      <trkpt lat="51.4800667" lon="0.0041351">
        <ele>43.3</ele>
        <time>2026-08-06T11:51:46Z</time>
        <extensions><gpxtpx:TrackPointExtension><gpxtpx:hr>143</gpxtpx:hr><gpxtpx:cad>86</gpxtpx:cad></gpxtpx:TrackPointExtension><power>244</power></extensions>
      </trkpt>
      <trkpt lat="51.4800508" lon="0.0041629">
        <ele>43.3</ele>
        <time>2026-08-06T11:51:47Z</time>
        <extensions><gpxtpx:TrackPointExtension><gpxtpx:hr>143</gpxtpx:hr><gpxtpx:cad>86</gpxtpx:cad></gpxtpx:TrackPointExtension><power>244</power></extensions>
      </trkpt>
      <trkpt lat="51.4800348" lon="0.0041906">
        <ele>43.3</ele>
        <time>2026-08-06T11:51:48Z</time>
        <extensions><gpxtpx:TrackPointExtension><gpxtpx:hr>143</gpxtpx:hr><gpxtpx:cad>86</gpxtpx:cad></gpxtpx:TrackPointExtension><power>244</power></extensions>
      </trkpt>
      <trkpt lat="51.4800188" lon="0.0042181">
        <ele>43.4</ele>
        <time>2026-08-06T11:51:49Z</time>
        <extensions><gpxtpx:TrackPointExtension><gpxtpx:hr>143</gpxtpx:hr><gpxtpx:cad>86</gpxtpx:cad></gpxtpx:TrackPointExtension><power>244</power></extensions>
      </trkpt>
      <trkpt lat="51.4800026" lon="0.0042455">
        <ele>43.4</ele>
        <time>2026-08-06T11:51:50Z</time>
        <extensions><gpxtpx:TrackPointExtension><gpxtpx:hr>143</gpxtpx:hr><gpxtpx:cad>86</gpxtpx:cad></gpxtpx:TrackPointExtension><power>244</power></extensions>
      </trkpt>
      <trkpt lat="51.4799864" lon="0.0042727">
        <ele>43.4</ele>
        <time>2026-08-06T11:51:51Z</time>
        <extensions><gpxtpx:TrackPointExtension><gpxtpx:hr>143</gpxtpx:hr><gpxtpx:cad>86</gpxtpx:cad></gpxtpx:TrackPointExtension><power>244</power></extensions>
      </trkpt>
      <trkpt lat="51.4799700" lon="0.0042998">
        <ele>43.4</ele>
        <time>2026-08-06T11:51:52Z</time>
        <extensions><gpxtpx:TrackPointExtension><gpxtpx:hr>143</gpxtpx:hr><gpxtpx:cad>86</gpxtpx:cad></gpxtpx:TrackPointExtension><power>244</power></extensions>
      </trkpt>
      <trkpt lat="51.4799536" lon="0.0043267">
        <ele>43.4</ele>
        <time>2026-08-06T11:51:53Z</time>
        <extensions><gpxtpx:TrackPointExtension><gpxtpx:hr>143</gpxtpx:hr><gpxtpx:cad>86</gpxtpx:cad></gpxtpx:TrackPointExtension><power>244</power></extensions>
      </trkpt>
      <trkpt lat="51.4799371" lon="0.0043535">
        <ele>43.4</ele>
        <time>2026-08-06T11:51:54Z</time>
        <extensions><gpxtpx:TrackPointExtension><gpxtpx:hr>143</gpxtpx:hr><gpxtpx:cad>86</gpxtpx:cad></gpxtpx:TrackPointExtension><power>244</power></extensions>
      </trkpt>
      <trkpt lat="51.4799206" lon="0.0043801">
        <ele>43.4</ele>
        <time>2026-08-06T11:51:55Z</time>
        <extensions><gpxtpx:TrackPointExtension><gpxtpx:hr>143</gpxtpx:hr><gpxtpx:cad>86</gpxtpx:cad></gpxtpx:TrackPointExtension><power>244</power></extensions>
      </trkpt>
      <trkpt lat="51.4799039" lon="0.0044065">
        <ele>43.4</ele>
        <time>2026-08-06T11:51:56Z</time>
        <extensions><gpxtpx:TrackPointExtension><gpxtpx:hr>143</gpxtpx:hr><gpxtpx:cad>86</gpxtpx:cad></gpxtpx:TrackPointExtension><power>244</power></extensions>
      </trkpt>
      <trkpt lat="51.4798871" lon="0.0044328">
        <ele>43.4</ele>
        <time>2026-08-06T11:51:57Z</time>
        <extensions><gpxtpx:TrackPointExtension><gpxtpx:hr>143</gpxtpx:hr><gpxtpx:cad>86</gpxtpx:cad></gpxtpx:TrackPointExtension><power>244</power></extensions>
      </trkpt>
      <trkpt lat="51.4798703" lon="0.0044589">
        <ele>43.4</ele>
        <time>2026-08-06T11:51:58Z</time>
        <extensions><gpxtpx:TrackPointExtension><gpxtpx:hr>143</gpxtpx:hr><gpxtpx:cad>86</gpxtpx:cad></gpxtpx:TrackPointExtension><power>244</power></extensions>
      </trkpt>
      <trkpt lat="51.4798534" lon="0.0044849">
        <ele>43.4</ele>
        <time>2026-08-06T11:51:59Z</time>
        <extensions><gpxtpx:TrackPointExtension><gpxtpx:hr>143</gpxtpx:hr><gpxtpx:cad>86</gpxtpx:cad></gpxtpx:TrackPointExtension><power>243</power></extensions>
      </trkpt>
      <trkpt lat="51.4798364" lon="0.0045107">
        <ele>43.4</ele>
        <time>2026-08-06T11:52:00Z</time>
        <extensions><gpxtpx:TrackPointExtension><gpxtpx:hr>143</gpxtpx:hr><gpxtpx:cad>86</gpxtpx:cad></gpxtpx:TrackPointExtension><power>243</power></extensions>
      </trkpt>
      <trkpt lat="51.4798193" lon="0.0045363">
        <ele>43.4</ele>
        <time>2026-08-06T11:52:01Z</time>
        <extensions><gpxtpx:TrackPointExtension><gpxtpx:hr>143</gpxtpx:hr><gpxtpx:cad>86</gpxtpx:cad></gpxtpx:TrackPointExtension><power>243</power></extensions>
      </trkpt>
      <trkpt lat="51.4798022" lon="0.0045618">
        <ele>43.4</ele>
        <time>2026-08-06T11:52:02Z</time>
        <extensions><gpxtpx:TrackPointExtension><gpxtpx:hr>143</gpxtpx:hr><gpxtpx:cad>86</gpxtpx:cad></gpxtpx:TrackPointExtension><power>243</power></extensions>
      </trkpt>
      <trkpt lat="51.4797850" lon="0.0045872">
        <ele>43.4</ele>
        <time>2026-08-06T11:52:03Z</time>
        <extensions><gpxtpx:TrackPointExtension><gpxtpx:hr>143</gpxtpx:hr><gpxtpx:cad>86</gpxtpx:cad></gpxtpx:TrackPointExtension><power>243</power></extensions>
      </trkpt>
      <trkpt lat="51.4797677" lon="0.0046123">
        <ele>43.4</ele>
        <time>2026-08-06T11:52:04Z</time>
        <extensions><gpxtpx:TrackPointExtension><gpxtpx:hr>143</gpxtpx:hr><gpxtpx:cad>86</gpxtpx:cad></gpxtpx:TrackPointExtension><power>243</power></extensions>
      </trkpt>
      <trkpt lat="51.4797503" lon="0.0046373">
        <ele>43.4</ele>
        <time>2026-08-06T11:52:05Z</time>
        <extensions><gpxtpx:TrackPointExtension><gpxtpx:hr>143</gpxtpx:hr><gpxtpx:cad>86</gpxtpx:cad></gpxtpx:TrackPointExtension><power>243</power></extensions>
      </trkpt>
      <trkpt lat="51.4797328" lon="0.0046622">
        <ele>43.4</ele>
        <time>2026-08-06T11:52:06Z</time>
        <extensions><gpxtpx:TrackPointExtension><gpxtpx:hr>143</gpxtpx:hr><gpxtpx:cad>86</gpxtpx:cad></gpxtpx:TrackPointExtension><power>243</power></extensions>
      </trkpt>
      <trkpt lat="51.4797153" lon="0.0046869">
        <ele>43.4</ele>
        <time>2026-08-06T11:52:07Z</time>
        <extensions><gpxtpx:TrackPointExtension><gpxtpx:hr>143</gpxtpx:hr><gpxtpx:cad>86</gpxtpx:cad></gpxtpx:TrackPointExtension><power>243</power></extensions>
      </trkpt>
      <trkpt lat="51.4796976" lon="0.0047114">
        <ele>43.3</ele>
        <time>2026-08-06T11:52:08Z</time>
        <extensions><gpxtpx:TrackPointExtension><gpxtpx:hr>143</gpxtpx:hr><gpxtpx:cad>86</gpxtpx:cad></gpxtpx:TrackPointExtension><power>243</power></extensions>
      </trkpt>
      <trkpt lat="51.4796800" lon="0.0047357">
        <ele>43.3</ele>
        <time>2026-08-06T11:52:09Z</time>
        <extensions><gpxtpx:TrackPointExtension><gpxtpx:hr>143</gpxtpx:hr><gpxtpx:cad>86</gpxtpx:cad></gpxtpx:TrackPointExtension><power>243</power></extensions>
      </trkpt>
      <trkpt lat="51.4796622" lon="0.0047599">
        <ele>43.3</ele>
        <time>2026-08-06T11:52:10Z</time>
        <extensions><gpxtpx:TrackPointExtension><gpxtpx:hr>143</gpxtpx:hr><gpxtpx:cad>86</gpxtpx:cad></gpxtpx:TrackPointExtension><power>243</power></extensions>
      </trkpt>
      <trkpt lat="51.4796444" lon="0.0047839">
        <ele>43.3</ele>
        <time>2026-08-06T11:52:11Z</time>
        <extensions><gpxtpx:TrackPointExtension><gpxtpx:hr>143</gpxtpx:hr><gpxtpx:cad>86</gpxtpx:cad></gpxtpx:TrackPointExtension><power>243</power></extensions>
      </trkpt>
      <trkpt lat="51.4796264" lon="0.0048078">
        <ele>43.3</ele>
        <time>2026-08-06T11:52:12Z</time>
        <extensions><gpxtpx:TrackPointExtension><gpxtpx:hr>143</gpxtpx:hr><gpxtpx:cad>86</gpxtpx:cad></gpxtpx:TrackPointExtension><power>243</power></extensions>
      </trkpt>
      <trkpt lat="51.4796085" lon="0.0048315">
        <ele>43.2</ele>
        <time>2026-08-06T11:52:13Z</time>
        <extensions><gpxtpx:TrackPointExtension><gpxtpx:hr>143</gpxtpx:hr><gpxtpx:cad>86</gpxtpx:cad></gpxtpx:TrackPointExtension><power>243</power></extensions>
      </trkpt>
      <trkpt lat="51.4795904" lon="0.0048550">
        <ele>43.2</ele>
        <time>2026-08-06T11:52:14Z</time>
        <extensions><gpxtpx:TrackPointExtension><gpxtpx:hr>143</gpxtpx:hr><gpxtpx:cad>86</gpxtpx:cad></gpxtpx:TrackPointExtension><power>243</power></extensions>
      </trkpt>
      <trkpt lat="51.4795723" lon="0.0048783">
        <ele>43.2</ele>
        <time>2026-08-06T11:52:15Z</time>
        <extensions><gpxtpx:TrackPointExtension><gpxtpx:hr>143</gpxtpx:hr><gpxtpx:cad>86</gpxtpx:cad></gpxtpx:TrackPointExtension><power>243</power></extensions>
      </trkpt>
      <trkpt lat="51.4795541" lon="0.0049015">
        <ele>43.1</ele>
        <time>2026-08-06T11:52:16Z</time>
        <extensions><gpxtpx:TrackPointExtension><gpxtpx:hr>143</gpxtpx:hr><gpxtpx:cad>86</gpxtpx:cad></gpxtpx:TrackPointExtension><power>243</power></extensions>
      </trkpt>
      <trkpt lat="51.4795358" lon="0.0049245">
        <ele>43.1</ele>
        <time>2026-08-06T11:52:17Z</time>
        <extensions><gpxtpx:TrackPointExtension><gpxtpx:hr>143</gpxtpx:hr><gpxtpx:cad>86</gpxtpx:cad></gpxtpx:TrackPointExtension><power>243</power></extensions>
      </trkpt>
      <trkpt lat="51.4795174" lon="0.0049474">
        <ele>43.1</ele>
        <time>2026-08-06T11:52:18Z</time>
        <extensions><gpxtpx:TrackPointExtension><gpxtpx:hr>143</gpxtpx:hr><gpxtpx:cad>86</gpxtpx:cad></gpxtpx:TrackPointExtension><power>243</power></extensions>
      </trkpt>
      <trkpt lat="51.4794990" lon="0.0049701">
        <ele>43.0</ele>
        <time>2026-08-06T11:52:19Z</time>
        <extensions><gpxtpx:TrackPointExtension><gpxtpx:hr>143</gpxtpx:hr><gpxtpx:cad>86</gpxtpx:cad></gpxtpx:TrackPointExtension><power>243</power></extensions>
      </trkpt>
      <trkpt lat="51.4794805" lon="0.0049926">
        <ele>43.0</ele>
        <time>2026-08-06T11:52:20Z</time>
        <extensions><gpxtpx:TrackPointExtension><gpxtpx:hr>143</gpxtpx:hr><gpxtpx:cad>86</gpxtpx:cad></gpxtpx:TrackPointExtension><power>243</power></extensions>
      </trkpt>
      <trkpt lat="51.4794620" lon="0.0050149">
        <ele>42.9</ele>
        <time>2026-08-06T11:52:21Z</time>
        <extensions><gpxtpx:TrackPointExtension><gpxtpx:hr>142</gpxtpx:hr><gpxtpx:cad>86</gpxtpx:cad></gpxtpx:TrackPointExtension><power>243</power></extensions>
      </trkpt>
      <trkpt lat="51.4794434" lon="0.0050371">
        <ele>42.9</ele>
        <time>2026-08-06T11:52:22Z</time>
        <extensions><gpxtpx:TrackPointExtension><gpxtpx:hr>142</gpxtpx:hr><gpxtpx:cad>86</gpxtpx:cad></gpxtpx:TrackPointExtension><power>242</power></extensions>
      </trkpt>
      <trkpt lat="51.4794247" lon="0.0050591">
        <ele>42.9</ele>
        <time>2026-08-06T11:52:23Z</time>
        <extensions><gpxtpx:TrackPointExtension><gpxtpx:hr>142</gpxtpx:hr><gpxtpx:cad>86</gpxtpx:cad></gpxtpx:TrackPointExtension><power>242</power></extensions>
      </trkpt>
      <trkpt lat="51.4794059" lon="0.0050809">
        <ele>42.8</ele>
        <time>2026-08-06T11:52:24Z</time>
        <extensions><gpxtpx:TrackPointExtension><gpxtpx:hr>142</gpxtpx:hr><gpxtpx:cad>86</gpxtpx:cad></gpxtpx:TrackPointExtension><power>242</power></extensions>
      </trkpt>
      <trkpt lat="51.4793871" lon="0.0051026">
        <ele>42.8</ele>
        <time>2026-08-06T11:52:25Z</time>
        <extensions><gpxtpx:TrackPointExtension><gpxtpx:hr>142</gpxtpx:hr><gpxtpx:cad>86</gpxtpx:cad></gpxtpx:TrackPointExtension><power>242</power></extensions>
      </trkpt>
      <trkpt lat="51.4793682" lon="0.0051241">
        <ele>42.7</ele>
        <time>2026-08-06T11:52:26Z</time>
        <extensions><gpxtpx:TrackPointExtension><gpxtpx:hr>142</gpxtpx:hr><gpxtpx:cad>86</gpxtpx:cad></gpxtpx:TrackPointExtension><power>242</power></extensions>
      </trkpt>
      <trkpt lat="51.4793493" lon="0.0051454">
        <ele>42.7</ele>
        <time>2026-08-06T11:52:27Z</time>
        <extensions><gpxtpx:TrackPointExtension><gpxtpx:hr>142</gpxtpx:hr><gpxtpx:cad>86</gpxtpx:cad></gpxtpx:TrackPointExtension><power>242</power></extensions>
      </trkpt>
      <trkpt lat="51.4793302" lon="0.0051666">
        <ele>42.6</ele>
        <time>2026-08-06T11:52:28Z</time>
        <extensions><gpxtpx:TrackPointExtension><gpxtpx:hr>142</gpxtpx:hr><gpxtpx:cad>86</gpxtpx:cad></gpxtpx:TrackPointExtension><power>242</power></extensions>
      </trkpt>
      <trkpt lat="51.4793112" lon="0.0051875">
        <ele>42.6</ele>
        <time>2026-08-06T11:52:29Z</time>
        <extensions><gpxtpx:TrackPointExtension><gpxtpx:hr>142</gpxtpx:hr><gpxtpx:cad>86</gpxtpx:cad></gpxtpx:TrackPointExtension><power>242</power></extensions>
      </trkpt>
      <trkpt lat="51.4792920" lon="0.0052083">
        <ele>42.5</ele>
        <time>2026-08-06T11:52:30Z</time>
        <extensions><gpxtpx:TrackPointExtension><gpxtpx:hr>142</gpxtpx:hr><gpxtpx:cad>86</gpxtpx:cad></gpxtpx:TrackPointExtension><power>242</power></extensions>
      </trkpt>
      <trkpt lat="51.4792728" lon="0.0052290">
        <ele>42.4</ele>
        <time>2026-08-06T11:52:31Z</time>
        <extensions><gpxtpx:TrackPointExtension><gpxtpx:hr>142</gpxtpx:hr><gpxtpx:cad>86</gpxtpx:cad></gpxtpx:TrackPointExtension><power>242</power></extensions>
      </trkpt>
      <trkpt lat="51.4792535" lon="0.0052494">
        <ele>42.4</ele>
        <time>2026-08-06T11:52:32Z</time>
        <extensions><gpxtpx:TrackPointExtension><gpxtpx:hr>142</gpxtpx:hr><gpxtpx:cad>86</gpxtpx:cad></gpxtpx:TrackPointExtension><power>242</power></extensions>
      </trkpt>
      <trkpt lat="51.4792342" lon="0.0052697">
        <ele>42.3</ele>
        <time>2026-08-06T11:52:33Z</time>
        <extensions><gpxtpx:TrackPointExtension><gpxtpx:hr>142</gpxtpx:hr><gpxtpx:cad>86</gpxtpx:cad></gpxtpx:TrackPointExtension><power>242</power></extensions>
      </trkpt>
      <trkpt lat="51.4792148" lon="0.0052898">
        <ele>42.3</ele>
        <time>2026-08-06T11:52:34Z</time>
        <extensions><gpxtpx:TrackPointExtension><gpxtpx:hr>142</gpxtpx:hr><gpxtpx:cad>86</gpxtpx:cad></gpxtpx:TrackPointExtension><power>242</power></extensions>
      </trkpt>
      <trkpt lat="51.4791953" lon="0.0053098">
        <ele>42.2</ele>
        <time>2026-08-06T11:52:35Z</time>
        <extensions><gpxtpx:TrackPointExtension><gpxtpx:hr>142</gpxtpx:hr><gpxtpx:cad>86</gpxtpx:cad></gpxtpx:TrackPointExtension><power>242</power></extensions>
      </trkpt>
      <trkpt lat="51.4791758" lon="0.0053295">
        <ele>42.1</ele>
        <time>2026-08-06T11:52:36Z</time>
        <extensions><gpxtpx:TrackPointExtension><gpxtpx:hr>141</gpxtpx:hr><gpxtpx:cad>86</gpxtpx:cad></gpxtpx:TrackPointExtension><power>242</power></extensions>
      </trkpt>
      <trkpt lat="51.4791562" lon="0.0053491">
        <ele>42.1</ele>
        <time>2026-08-06T11:52:37Z</time>
        <extensions><gpxtpx:TrackPointExtension><gpxtpx:hr>141</gpxtpx:hr><gpxtpx:cad>86</gpxtpx:cad></gpxtpx:TrackPointExtension><power>242</power></extensions>
      </trkpt>
      <trkpt lat="51.4791366" lon="0.0053686">
        <ele>42.0</ele>
        <time>2026-08-06T11:52:38Z</time>
        <extensions><gpxtpx:TrackPointExtension><gpxtpx:hr>141</gpxtpx:hr><gpxtpx:cad>86</gpxtpx:cad></gpxtpx:TrackPointExtension><power>242</power></extensions>
      </trkpt>
      <trkpt lat="51.4791169" lon="0.0053878">
        <ele>41.9</ele>
        <time>2026-08-06T11:52:39Z</time>
        <extensions><gpxtpx:TrackPointExtension><gpxtpx:hr>141</gpxtpx:hr><gpxtpx:cad>86</gpxtpx:cad></gpxtpx:TrackPointExtension><power>242</power></extensions>
      </trkpt>
      <trkpt lat="51.4790971" lon="0.0054069">
        <ele>41.8</ele>
        <time>2026-08-06T11:52:40Z</time>
        <extensions><gpxtpx:TrackPointExtension><gpxtpx:hr>141</gpxtpx:hr><gpxtpx:cad>86</gpxtpx:cad></gpxtpx:TrackPointExtension><power>241</power></extensions>
      </trkpt>
      <trkpt lat="51.4790773" lon="0.0054258">
        <ele>41.8</ele>
        <time>2026-08-06T11:52:41Z</time>
        <extensions><gpxtpx:TrackPointExtension><gpxtpx:hr>141</gpxtpx:hr><gpxtpx:cad>86</gpxtpx:cad></gpxtpx:TrackPointExtension><power>241</power></extensions>
      </trkpt>
      <trkpt lat="51.4790574" lon="0.0054445">
        <ele>41.7</ele>
        <time>2026-08-06T11:52:42Z</time>
        <extensions><gpxtpx:TrackPointExtension><gpxtpx:hr>141</gpxtpx:hr><gpxtpx:cad>86</gpxtpx:cad></gpxtpx:TrackPointExtension><power>241</power></extensions>
      </trkpt>
      <trkpt lat="51.4790374" lon="0.0054630">
        <ele>41.6</ele>
        <time>2026-08-06T11:52:43Z</time>
        <extensions><gpxtpx:TrackPointExtension><gpxtpx:hr>141</gpxtpx:hr><gpxtpx:cad>86</gpxtpx:cad></gpxtpx:TrackPointExtension><power>241</power></extensions>
      </trkpt>
      <trkpt lat="51.4790174" lon="0.0054814">
        <ele>41.5</ele>
        <time>2026-08-06T11:52:44Z</time>
        <extensions><gpxtpx:TrackPointExtension><gpxtpx:hr>141</gpxtpx:hr><gpxtpx:cad>86</gpxtpx:cad></gpxtpx:TrackPointExtension><power>241</power></extensions>
      </trkpt>
      <trkpt lat="51.4789974" lon="0.0054996">
        <ele>41.5</ele>
        <time>2026-08-06T11:52:45Z</time>
        <extensions><gpxtpx:TrackPointExtension><gpxtpx:hr>141</gpxtpx:hr><gpxtpx:cad>86</gpxtpx:cad></gpxtpx:TrackPointExtension><power>241</power></extensions>
      </trkpt>
      <trkpt lat="51.4789772" lon="0.0055176">
        <ele>41.4</ele>
        <time>2026-08-06T11:52:46Z</time>
        <extensions><gpxtpx:TrackPointExtension><gpxtpx:hr>140</gpxtpx:hr><gpxtpx:cad>86</gpxtpx:cad></gpxtpx:TrackPointExtension><power>241</power></extensions>
      </trkpt>
      <trkpt lat="51.4789571" lon="0.0055354">
        <ele>41.3</ele>
        <time>2026-08-06T11:52:47Z</time>
        <extensions><gpxtpx:TrackPointExtension><gpxtpx:hr>140</gpxtpx:hr><gpxtpx:cad>86</gpxtpx:cad></gpxtpx:TrackPointExtension><power>241</power></extensions>
      </trkpt>
      <trkpt lat="51.4789368" lon="0.0055531">
        <ele>41.2</ele>
        <time>2026-08-06T11:52:48Z</time>
        <extensions><gpxtpx:TrackPointExtension><gpxtpx:hr>140</gpxtpx:hr><gpxtpx:cad>86</gpxtpx:cad></gpxtpx:TrackPointExtension><power>241</power></extensions>
      </trkpt>
      <trkpt lat="51.4789165" lon="0.0055706">
        <ele>41.1</ele>
        <time>2026-08-06T11:52:49Z</time>
        <extensions><gpxtpx:TrackPointExtension><gpxtpx:hr>140</gpxtpx:hr><gpxtpx:cad>86</gpxtpx:cad></gpxtpx:TrackPointExtension><power>241</power></extensions>
      </trkpt>
      <trkpt lat="51.4788962" lon="0.0055879">
        <ele>41.1</ele>
        <time>2026-08-06T11:52:50Z</time>
        <extensions><gpxtpx:TrackPointExtension><gpxtpx:hr>140</gpxtpx:hr><gpxtpx:cad>86</gpxtpx:cad></gpxtpx:TrackPointExtension><power>241</power></extensions>
      </trkpt>
      <trkpt lat="51.4788758" lon="0.0056050">
        <ele>41.0</ele>
        <time>2026-08-06T11:52:51Z</time>
        <extensions><gpxtpx:TrackPointExtension><gpxtpx:hr>140</gpxtpx:hr><gpxtpx:cad>86</gpxtpx:cad></gpxtpx:TrackPointExtension><power>240</power></extensions>
      </trkpt>
      <trkpt lat="51.4788553" lon="0.0056220">
        <ele>40.9</ele>
        <time>2026-08-06T11:52:52Z</time>
        <extensions><gpxtpx:TrackPointExtension><gpxtpx:hr>140</gpxtpx:hr><gpxtpx:cad>86</gpxtpx:cad></gpxtpx:TrackPointExtension><power>240</power></extensions>
      </trkpt>
      <trkpt lat="51.4788348" lon="0.0056388">
        <ele>40.8</ele>
        <time>2026-08-06T11:52:53Z</time>
        <extensions><gpxtpx:TrackPointExtension><gpxtpx:hr>140</gpxtpx:hr><gpxtpx:cad>86</gpxtpx:cad></gpxtpx:TrackPointExtension><power>240</power></extensions>
      </trkpt>
      <trkpt lat="51.4788142" lon="0.0056554">
        <ele>40.7</ele>
        <time>2026-08-06T11:52:54Z</time>
        <extensions><gpxtpx:TrackPointExtension><gpxtpx:hr>139</gpxtpx:hr><gpxtpx:cad>86</gpxtpx:cad></gpxtpx:TrackPointExtension><power>240</power></extensions>
      </trkpt>
      <trkpt lat="51.4787936" lon="0.0056718">
        <ele>40.6</ele>
        <time>2026-08-06T11:52:55Z</time>
        <extensions><gpxtpx:TrackPointExtension><gpxtpx:hr>139</gpxtpx:hr><gpxtpx:cad>86</gpxtpx:cad></gpxtpx:TrackPointExtension><power>240</power></extensions>
      </trkpt>
      <trkpt lat="51.4787729" lon="0.0056880">
        <ele>40.5</ele>
        <time>2026-08-06T11:52:56Z</time>
        <extensions><gpxtpx:TrackPointExtension><gpxtpx:hr>139</gpxtpx:hr><gpxtpx:cad>86</gpxtpx:cad></gpxtpx:TrackPointExtension><power>240</power></extensions>
      </trkpt>
      <trkpt lat="51.4787522" lon="0.0057041">
        <ele>40.4</ele>
        <time>2026-08-06T11:52:57Z</time>
        <extensions><gpxtpx:TrackPointExtension><gpxtpx:hr>139</gpxtpx:hr><gpxtpx:cad>86</gpxtpx:cad></gpxtpx:TrackPointExtension><power>240</power></extensions>
      </trkpt>
      <trkpt lat="51.4787314" lon="0.0057200">
        <ele>40.3</ele>
        <time>2026-08-06T11:52:58Z</time>
        <extensions><gpxtpx:TrackPointExtension><gpxtpx:hr>139</gpxtpx:hr><gpxtpx:cad>86</gpxtpx:cad></gpxtpx:TrackPointExtension><power>239</power></extensions>
      </trkpt>
      <trkpt lat="51.4787106" lon="0.0057357">
        <ele>40.2</ele>
        <time>2026-08-06T11:52:59Z</time>
        <extensions><gpxtpx:TrackPointExtension><gpxtpx:hr>139</gpxtpx:hr><gpxtpx:cad>86</gpxtpx:cad></gpxtpx:TrackPointExtension><power>239</power></extensions>
      </trkpt>
      <trkpt lat="51.4786897" lon="0.0057512">
        <ele>40.1</ele>
        <time>2026-08-06T11:53:00Z</time>
        <extensions><gpxtpx:TrackPointExtension><gpxtpx:hr>139</gpxtpx:hr><gpxtpx:cad>86</gpxtpx:cad></gpxtpx:TrackPointExtension><power>239</power></extensions>
      </trkpt>
      <trkpt lat="51.4786687" lon="0.0057666">
        <ele>40.0</ele>
        <time>2026-08-06T11:53:01Z</time>
        <extensions><gpxtpx:TrackPointExtension><gpxtpx:hr>138</gpxtpx:hr><gpxtpx:cad>86</gpxtpx:cad></gpxtpx:TrackPointExtension><power>239</power></extensions>
      </trkpt>
      <trkpt lat="51.4786477" lon="0.0057817">
        <ele>39.9</ele>
        <time>2026-08-06T11:53:02Z</time>
        <extensions><gpxtpx:TrackPointExtension><gpxtpx:hr>138</gpxtpx:hr><gpxtpx:cad>86</gpxtpx:cad></gpxtpx:TrackPointExtension><power>239</power></extensions>
      </trkpt>
      <trkpt lat="51.4786267" lon="0.0057967">
        <ele>39.8</ele>
        <time>2026-08-06T11:53:03Z</time>
        <extensions><gpxtpx:TrackPointExtension><gpxtpx:hr>138</gpxtpx:hr><gpxtpx:cad>86</gpxtpx:cad></gpxtpx:TrackPointExtension><power>239</power></extensions>
      </trkpt>
      <trkpt lat="51.4786056" lon="0.0058115">
        <ele>39.7</ele>
        <time>2026-08-06T11:53:04Z</time>
        <extensions><gpxtpx:TrackPointExtension><gpxtpx:hr>138</gpxtpx:hr><gpxtpx:cad>86</gpxtpx:cad></gpxtpx:TrackPointExtension><power>238</power></extensions>
      </trkpt>
      <trkpt lat="51.4785844" lon="0.0058262">
        <ele>39.6</ele>
        <time>2026-08-06T11:53:05Z</time>
        <extensions><gpxtpx:TrackPointExtension><gpxtpx:hr>138</gpxtpx:hr><gpxtpx:cad>86</gpxtpx:cad></gpxtpx:TrackPointExtension><power>238</power></extensions>
      </trkpt>
      <trkpt lat="51.4785632" lon="0.0058406">
        <ele>39.5</ele>
        <time>2026-08-06T11:53:06Z</time>
        <extensions><gpxtpx:TrackPointExtension><gpxtpx:hr>138</gpxtpx:hr><gpxtpx:cad>86</gpxtpx:cad></gpxtpx:TrackPointExtension><power>238</power></extensions>
      </trkpt>
      <trkpt lat="51.4785419" lon="0.0058549">
        <ele>39.4</ele>
        <time>2026-08-06T11:53:07Z</time>
        <extensions><gpxtpx:TrackPointExtension><gpxtpx:hr>138</gpxtpx:hr><gpxtpx:cad>86</gpxtpx:cad></gpxtpx:TrackPointExtension><power>238</power></extensions>
      </trkpt>
      <trkpt lat="51.4785206" lon="0.0058690">
        <ele>39.3</ele>
        <time>2026-08-06T11:53:08Z</time>
        <extensions><gpxtpx:TrackPointExtension><gpxtpx:hr>137</gpxtpx:hr><gpxtpx:cad>86</gpxtpx:cad></gpxtpx:TrackPointExtension><power>237</power></extensions>
      </trkpt>
      <trkpt lat="51.4784993" lon="0.0058829">
        <ele>39.2</ele>
        <time>2026-08-06T11:53:09Z</time>
        <extensions><gpxtpx:TrackPointExtension><gpxtpx:hr>137</gpxtpx:hr><gpxtpx:cad>86</gpxtpx:cad></gpxtpx:TrackPointExtension><power>237</power></extensions>
      </trkpt>
      <trkpt lat="51.4784779" lon="0.0058966">
        <ele>39.1</ele>
        <time>2026-08-06T11:53:10Z</time>
        <extensions><gpxtpx:TrackPointExtension><gpxtpx:hr>137</gpxtpx:hr><gpxtpx:cad>86</gpxtpx:cad></gpxtpx:TrackPointExtension><power>237</power></extensions>
      </trkpt>
      <trkpt lat="51.4784564" lon="0.0059101">
        <ele>39.0</ele>
        <time>2026-08-06T11:53:11Z</time>
        <extensions><gpxtpx:TrackPointExtension><gpxtpx:hr>137</gpxtpx:hr><gpxtpx:cad>86</gpxtpx:cad></gpxtpx:TrackPointExtension><power>237</power></extensions>
      </trkpt>
      <trkpt lat="51.4784349" lon="0.0059235">
        <ele>38.9</ele>
        <time>2026-08-06T11:53:12Z</time>
        <extensions><gpxtpx:TrackPointExtension><gpxtpx:hr>137</gpxtpx:hr><gpxtpx:cad>86</gpxtpx:cad></gpxtpx:TrackPointExtension><power>236</power></extensions>
      </trkpt>
      <trkpt lat="51.4784133" lon="0.0059367">
        <ele>38.8</ele>
        <time>2026-08-06T11:53:13Z</time>
        <extensions><gpxtpx:TrackPointExtension><gpxtpx:hr>137</gpxtpx:hr><gpxtpx:cad>86</gpxtpx:cad></gpxtpx:TrackPointExtension><power>236</power></extensions>
      </trkpt>
      <trkpt lat="51.4783917" lon="0.0059497">
        <ele>38.7</ele>
        <time>2026-08-06T11:53:14Z</time>
        <extensions><gpxtpx:TrackPointExtension><gpxtpx:hr>136</gpxtpx:hr><gpxtpx:cad>86</gpxtpx:cad></gpxtpx:TrackPointExtension><power>236</power></extensions>
      </trkpt>
      <trkpt lat="51.4783701" lon="0.0059625">
        <ele>38.5</ele>
        <time>2026-08-06T11:53:15Z</time>
        <extensions><gpxtpx:TrackPointExtension><gpxtpx:hr>136</gpxtpx:hr><gpxtpx:cad>86</gpxtpx:cad></gpxtpx:TrackPointExtension><power>236</power></extensions>
      </trkpt>
      <trkpt lat="51.4783483" lon="0.0059751">
        <ele>38.4</ele>
        <time>2026-08-06T11:53:16Z</time>
        <extensions><gpxtpx:TrackPointExtension><gpxtpx:hr>136</gpxtpx:hr><gpxtpx:cad>86</gpxtpx:cad></gpxtpx:TrackPointExtension><power>235</power></extensions>
      </trkpt>
      <trkpt lat="51.4783266" lon="0.0059875">
        <ele>38.3</ele>
        <time>2026-08-06T11:53:17Z</time>
        <extensions><gpxtpx:TrackPointExtension><gpxtpx:hr>136</gpxtpx:hr><gpxtpx:cad>86</gpxtpx:cad></gpxtpx:TrackPointExtension><power>235</power></extensions>
      </trkpt>
      <trkpt lat="51.4783048" lon="0.0059998">
        <ele>38.2</ele>
        <time>2026-08-06T11:53:18Z</time>
        <extensions><gpxtpx:TrackPointExtension><gpxtpx:hr>136</gpxtpx:hr><gpxtpx:cad>86</gpxtpx:cad></gpxtpx:TrackPointExtension><power>235</power></extensions>
      </trkpt>
      <trkpt lat="51.4782829" lon="0.0060118">
        <ele>38.1</ele>
        <time>2026-08-06T11:53:19Z</time>
        <extensions><gpxtpx:TrackPointExtension><gpxtpx:hr>136</gpxtpx:hr><gpxtpx:cad>86</gpxtpx:cad></gpxtpx:TrackPointExtension><power>234</power></extensions>
      </trkpt>
      <trkpt lat="51.4782610" lon="0.0060237">
        <ele>38.0</ele>
        <time>2026-08-06T11:53:20Z</time>
        <extensions><gpxtpx:TrackPointExtension><gpxtpx:hr>135</gpxtpx:hr><gpxtpx:cad>86</gpxtpx:cad></gpxtpx:TrackPointExtension><power>234</power></extensions>
      </trkpt>
      <trkpt lat="51.4782391" lon="0.0060354">
        <ele>37.9</ele>
        <time>2026-08-06T11:53:21Z</time>
        <extensions><gpxtpx:TrackPointExtension><gpxtpx:hr>135</gpxtpx:hr><gpxtpx:cad>86</gpxtpx:cad></gpxtpx:TrackPointExtension><power>234</power></extensions>
      </trkpt>
      <trkpt lat="51.4782171" lon="0.0060469">
        <ele>37.7</ele>
        <time>2026-08-06T11:53:22Z</time>
        <extensions><gpxtpx:TrackPointExtension><gpxtpx:hr>135</gpxtpx:hr><gpxtpx:cad>86</gpxtpx:cad></gpxtpx:TrackPointExtension><power>234</power></extensions>
      </trkpt>
      <trkpt lat="51.4781950" lon="0.0060583">
        <ele>37.6</ele>
        <time>2026-08-06T11:53:23Z</time>
        <extensions><gpxtpx:TrackPointExtension><gpxtpx:hr>135</gpxtpx:hr><gpxtpx:cad>85</gpxtpx:cad></gpxtpx:TrackPointExtension><power>233</power></extensions>
      </trkpt>
      <trkpt lat="51.4781729" lon="0.0060694">
        <ele>37.5</ele>
        <time>2026-08-06T11:53:24Z</time>
        <extensions><gpxtpx:TrackPointExtension><gpxtpx:hr>135</gpxtpx:hr><gpxtpx:cad>85</gpxtpx:cad></gpxtpx:TrackPointExtension><power>233</power></extensions>
      </trkpt>
      <trkpt lat="51.4781508" lon="0.0060803">
        <ele>37.4</ele>
        <time>2026-08-06T11:53:25Z</time>
        <extensions><gpxtpx:TrackPointExtension><gpxtpx:hr>134</gpxtpx:hr><gpxtpx:cad>85</gpxtpx:cad></gpxtpx:TrackPointExtension><power>232</power></extensions>
      </trkpt>
      <trkpt lat="51.4781286" lon="0.0060911">
        <ele>37.3</ele>
        <time>2026-08-06T11:53:26Z</time>
        <extensions><gpxtpx:TrackPointExtension><gpxtpx:hr>134</gpxtpx:hr><gpxtpx:cad>85</gpxtpx:cad></gpxtpx:TrackPointExtension><power>232</power></extensions>
      </trkpt>
      <trkpt lat="51.4781064" lon="0.0061017">
        <ele>37.1</ele>
        <time>2026-08-06T11:53:27Z</time>
        <extensions><gpxtpx:TrackPointExtension><gpxtpx:hr>134</gpxtpx:hr><gpxtpx:cad>85</gpxtpx:cad></gpxtpx:TrackPointExtension><power>232</power></extensions>
      </trkpt>
      <trkpt lat="51.4780841" lon="0.0061121">
        <ele>37.0</ele>
        <time>2026-08-06T11:53:28Z</time>
        <extensions><gpxtpx:TrackPointExtension><gpxtpx:hr>134</gpxtpx:hr><gpxtpx:cad>85</gpxtpx:cad></gpxtpx:TrackPointExtension><power>231</power></extensions>
      </trkpt>
      <trkpt lat="51.4780618" lon="0.0061223">
        <ele>36.9</ele>
        <time>2026-08-06T11:53:29Z</time>
        <extensions><gpxtpx:TrackPointExtension><gpxtpx:hr>134</gpxtpx:hr><gpxtpx:cad>85</gpxtpx:cad></gpxtpx:TrackPointExtension><power>231</power></extensions>
      </trkpt>
      <trkpt lat="51.4780394" lon="0.0061323">
        <ele>36.8</ele>
        <time>2026-08-06T11:53:30Z</time>
        <extensions><gpxtpx:TrackPointExtension><gpxtpx:hr>133</gpxtpx:hr><gpxtpx:cad>85</gpxtpx:cad></gpxtpx:TrackPointExtension><power>231</power></extensions>
      </trkpt>
      <trkpt lat="51.4780170" lon="0.0061421">
        <ele>36.6</ele>
        <time>2026-08-06T11:53:31Z</time>
        <extensions><gpxtpx:TrackPointExtension><gpxtpx:hr>133</gpxtpx:hr><gpxtpx:cad>85</gpxtpx:cad></gpxtpx:TrackPointExtension><power>230</power></extensions>
      </trkpt>
      <trkpt lat="51.4779946" lon="0.0061517">
        <ele>36.5</ele>
        <time>2026-08-06T11:53:32Z</time>
        <extensions><gpxtpx:TrackPointExtension><gpxtpx:hr>133</gpxtpx:hr><gpxtpx:cad>85</gpxtpx:cad></gpxtpx:TrackPointExtension><power>230</power></extensions>
      </trkpt>
      <trkpt lat="51.4779721" lon="0.0061611">
        <ele>36.4</ele>
        <time>2026-08-06T11:53:33Z</time>
        <extensions><gpxtpx:TrackPointExtension><gpxtpx:hr>133</gpxtpx:hr><gpxtpx:cad>85</gpxtpx:cad></gpxtpx:TrackPointExtension><power>229</power></extensions>
      </trkpt>
      <trkpt lat="51.4779495" lon="0.0061704">
        <ele>36.3</ele>
        <time>2026-08-06T11:53:34Z</time>
        <extensions><gpxtpx:TrackPointExtension><gpxtpx:hr>133</gpxtpx:hr><gpxtpx:cad>85</gpxtpx:cad></gpxtpx:TrackPointExtension><power>229</power></extensions>
      </trkpt>
      <trkpt lat="51.4779270" lon="0.0061794">
        <ele>36.1</ele>
        <time>2026-08-06T11:53:35Z</time>
        <extensions><gpxtpx:TrackPointExtension><gpxtpx:hr>132</gpxtpx:hr><gpxtpx:cad>85</gpxtpx:cad></gpxtpx:TrackPointExtension><power>228</power></extensions>
      </trkpt>
      <trkpt lat="51.4779043" lon="0.0061883">
        <ele>36.0</ele>
        <time>2026-08-06T11:53:36Z</time>
        <extensions><gpxtpx:TrackPointExtension><gpxtpx:hr>132</gpxtpx:hr><gpxtpx:cad>85</gpxtpx:cad></gpxtpx:TrackPointExtension><power>228</power></extensions>
      </trkpt>
      <trkpt lat="51.4778817" lon="0.0061970">
        <ele>35.9</ele>
        <time>2026-08-06T11:53:37Z</time>
        <extensions><gpxtpx:TrackPointExtension><gpxtpx:hr>132</gpxtpx:hr><gpxtpx:cad>85</gpxtpx:cad></gpxtpx:TrackPointExtension><power>228</power></extensions>
      </trkpt>
      <trkpt lat="51.4778589" lon="0.0062054">
        <ele>35.7</ele>
        <time>2026-08-06T11:53:38Z</time>
        <extensions><gpxtpx:TrackPointExtension><gpxtpx:hr>132</gpxtpx:hr><gpxtpx:cad>85</gpxtpx:cad></gpxtpx:TrackPointExtension><power>227</power></extensions>
      </trkpt>
      <trkpt lat="51.4778362" lon="0.0062137">
        <ele>35.6</ele>
        <time>2026-08-06T11:53:39Z</time>
        <extensions><gpxtpx:TrackPointExtension><gpxtpx:hr>132</gpxtpx:hr><gpxtpx:cad>85</gpxtpx:cad></gpxtpx:TrackPointExtension><power>227</power></extensions>
      </trkpt>
      <trkpt lat="51.4778134" lon="0.0062218">
        <ele>35.5</ele>
        <time>2026-08-06T11:53:40Z</time>
        <extensions><gpxtpx:TrackPointExtension><gpxtpx:hr>131</gpxtpx:hr><gpxtpx:cad>85</gpxtpx:cad></gpxtpx:TrackPointExtension><power>226</power></extensions>
      </trkpt>
      <trkpt lat="51.4777906" lon="0.0062297">
        <ele>35.4</ele>
        <time>2026-08-06T11:53:41Z</time>
        <extensions><gpxtpx:TrackPointExtension><gpxtpx:hr>131</gpxtpx:hr><gpxtpx:cad>84</gpxtpx:cad></gpxtpx:TrackPointExtension><power>226</power></extensions>
      </trkpt>
      <trkpt lat="51.4777677" lon="0.0062374">
        <ele>35.2</ele>
        <time>2026-08-06T11:53:42Z</time>
        <extensions><gpxtpx:TrackPointExtension><gpxtpx:hr>131</gpxtpx:hr><gpxtpx:cad>84</gpxtpx:cad></gpxtpx:TrackPointExtension><power>225</power></extensions>
      </trkpt>
      <trkpt lat="51.4777448" lon="0.0062449">
        <ele>35.1</ele>
        <time>2026-08-06T11:53:43Z</time>
        <extensions><gpxtpx:TrackPointExtension><gpxtpx:hr>131</gpxtpx:hr><gpxtpx:cad>84</gpxtpx:cad></gpxtpx:TrackPointExtension><power>225</power></extensions>
      </trkpt>
      <trkpt lat="51.4777218" lon="0.0062522">
        <ele>35.0</ele>
        <time>2026-08-06T11:53:44Z</time>
        <extensions><gpxtpx:TrackPointExtension><gpxtpx:hr>131</gpxtpx:hr><gpxtpx:cad>84</gpxtpx:cad></gpxtpx:TrackPointExtension><power>224</power></extensions>
      </trkpt>
      <trkpt lat="51.4776988" lon="0.0062593">
        <ele>34.8</ele>
        <time>2026-08-06T11:53:45Z</time>
        <extensions><gpxtpx:TrackPointExtension><gpxtpx:hr>130</gpxtpx:hr><gpxtpx:cad>84</gpxtpx:cad></gpxtpx:TrackPointExtension><power>224</power></extensions>
      </trkpt>
      <trkpt lat="51.4776758" lon="0.0062662">
        <ele>34.7</ele>
        <time>2026-08-06T11:53:46Z</time>
        <extensions><gpxtpx:TrackPointExtension><gpxtpx:hr>130</gpxtpx:hr><gpxtpx:cad>84</gpxtpx:cad></gpxtpx:TrackPointExtension><power>223</power></extensions>
      </trkpt>
      <trkpt lat="51.4776527" lon="0.0062729">
        <ele>34.6</ele>
        <time>2026-08-06T11:53:47Z</time>
        <extensions><gpxtpx:TrackPointExtension><gpxtpx:hr>130</gpxtpx:hr><gpxtpx:cad>84</gpxtpx:cad></gpxtpx:TrackPointExtension><power>223</power></extensions>
      </trkpt>
      <trkpt lat="51.4776296" lon="0.0062794">
        <ele>34.4</ele>
        <time>2026-08-06T11:53:48Z</time>
        <extensions><gpxtpx:TrackPointExtension><gpxtpx:hr>130</gpxtpx:hr><gpxtpx:cad>84</gpxtpx:cad></gpxtpx:TrackPointExtension><power>222</power></extensions>
      </trkpt>
      <trkpt lat="51.4776064" lon="0.0062858">
        <ele>34.3</ele>
        <time>2026-08-06T11:53:49Z</time>
        <extensions><gpxtpx:TrackPointExtension><gpxtpx:hr>129</gpxtpx:hr><gpxtpx:cad>84</gpxtpx:cad></gpxtpx:TrackPointExtension><power>222</power></extensions>
      </trkpt>
      <trkpt lat="51.4775832" lon="0.0062919">
        <ele>34.2</ele>
        <time>2026-08-06T11:53:50Z</time>
        <extensions><gpxtpx:TrackPointExtension><gpxtpx:hr>129</gpxtpx:hr><gpxtpx:cad>84</gpxtpx:cad></gpxtpx:TrackPointExtension><power>221</power></extensions>
      </trkpt>
      <trkpt lat="51.4775600" lon="0.0062978">
        <ele>34.0</ele>
        <time>2026-08-06T11:53:51Z</time>
        <extensions><gpxtpx:TrackPointExtension><gpxtpx:hr>129</gpxtpx:hr><gpxtpx:cad>84</gpxtpx:cad></gpxtpx:TrackPointExtension><power>220</power></extensions>
      </trkpt>
      <trkpt lat="51.4775368" lon="0.0063035">
        <ele>33.9</ele>
        <time>2026-08-06T11:53:52Z</time>
        <extensions><gpxtpx:TrackPointExtension><gpxtpx:hr>129</gpxtpx:hr><gpxtpx:cad>84</gpxtpx:cad></gpxtpx:TrackPointExtension><power>220</power></extensions>
      </trkpt>
      <trkpt lat="51.4775135" lon="0.0063090">
        <ele>33.8</ele>
        <time>2026-08-06T11:53:53Z</time>
        <extensions><gpxtpx:TrackPointExtension><gpxtpx:hr>129</gpxtpx:hr><gpxtpx:cad>84</gpxtpx:cad></gpxtpx:TrackPointExtension><power>219</power></extensions>
      </trkpt>
      <trkpt lat="51.4774901" lon="0.0063143">
        <ele>33.6</ele>
        <time>2026-08-06T11:53:54Z</time>
        <extensions><gpxtpx:TrackPointExtension><gpxtpx:hr>128</gpxtpx:hr><gpxtpx:cad>84</gpxtpx:cad></gpxtpx:TrackPointExtension><power>219</power></extensions>
      </trkpt>
      <trkpt lat="51.4774668" lon="0.0063194">
        <ele>33.5</ele>
        <time>2026-08-06T11:53:55Z</time>
        <extensions><gpxtpx:TrackPointExtension><gpxtpx:hr>128</gpxtpx:hr><gpxtpx:cad>83</gpxtpx:cad></gpxtpx:TrackPointExtension><power>218</power></extensions>
      </trkpt>
      <trkpt lat="51.4774433" lon="0.0063243">
        <ele>33.4</ele>
        <time>2026-08-06T11:53:56Z</time>
        <extensions><gpxtpx:TrackPointExtension><gpxtpx:hr>128</gpxtpx:hr><gpxtpx:cad>83</gpxtpx:cad></gpxtpx:TrackPointExtension><power>218</power></extensions>
      </trkpt>
      <trkpt lat="51.4774199" lon="0.0063290">
        <ele>33.2</ele>
        <time>2026-08-06T11:53:57Z</time>
        <extensions><gpxtpx:TrackPointExtension><gpxtpx:hr>128</gpxtpx:hr><gpxtpx:cad>83</gpxtpx:cad></gpxtpx:TrackPointExtension><power>217</power></extensions>
      </trkpt>
      <trkpt lat="51.4773964" lon="0.0063335">
        <ele>33.1</ele>
        <time>2026-08-06T11:53:58Z</time>
        <extensions><gpxtpx:TrackPointExtension><gpxtpx:hr>127</gpxtpx:hr><gpxtpx:cad>83</gpxtpx:cad></gpxtpx:TrackPointExtension><power>217</power></extensions>
      </trkpt>
      <trkpt lat="51.4773729" lon="0.0063378">
        <ele>33.0</ele>
        <time>2026-08-06T11:53:59Z</time>
        <extensions><gpxtpx:TrackPointExtension><gpxtpx:hr>127</gpxtpx:hr><gpxtpx:cad>83</gpxtpx:cad></gpxtpx:TrackPointExtension><power>216</power></extensions>
      </trkpt>
      <trkpt lat="51.4773494" lon="0.0063419">
        <ele>32.8</ele>
        <time>2026-08-06T11:54:00Z</time>
        <extensions><gpxtpx:TrackPointExtension><gpxtpx:hr>127</gpxtpx:hr><gpxtpx:cad>83</gpxtpx:cad></gpxtpx:TrackPointExtension><power>215</power></extensions>
      </trkpt>
      <trkpt lat="51.4773258" lon="0.0063458">
        <ele>32.7</ele>
        <time>2026-08-06T11:54:01Z</time>
        <extensions><gpxtpx:TrackPointExtension><gpxtpx:hr>127</gpxtpx:hr><gpxtpx:cad>83</gpxtpx:cad></gpxtpx:TrackPointExtension><power>215</power></extensions>
      </trkpt>
      <trkpt lat="51.4773022" lon="0.0063495">
        <ele>32.6</ele>
        <time>2026-08-06T11:54:02Z</time>
        <extensions><gpxtpx:TrackPointExtension><gpxtpx:hr>126</gpxtpx:hr><gpxtpx:cad>83</gpxtpx:cad></gpxtpx:TrackPointExtension><power>214</power></extensions>
      </trkpt>
      <trkpt lat="51.4772786" lon="0.0063529">
        <ele>32.4</ele>
        <time>2026-08-06T11:54:03Z</time>
        <extensions><gpxtpx:TrackPointExtension><gpxtpx:hr>126</gpxtpx:hr><gpxtpx:cad>83</gpxtpx:cad></gpxtpx:TrackPointExtension><power>214</power></extensions>
      </trkpt>
      <trkpt lat="51.4772549" lon="0.0063562">
        <ele>32.3</ele>
        <time>2026-08-06T11:54:04Z</time>
        <extensions><gpxtpx:TrackPointExtension><gpxtpx:hr>126</gpxtpx:hr><gpxtpx:cad>83</gpxtpx:cad></gpxtpx:TrackPointExtension><power>213</power></extensions>
      </trkpt>
      <trkpt lat="51.4772312" lon="0.0063593">
        <ele>32.1</ele>
        <time>2026-08-06T11:54:05Z</time>
        <extensions><gpxtpx:TrackPointExtension><gpxtpx:hr>126</gpxtpx:hr><gpxtpx:cad>83</gpxtpx:cad></gpxtpx:TrackPointExtension><power>212</power></extensions>
      </trkpt>
      <trkpt lat="51.4772075" lon="0.0063621">
        <ele>32.0</ele>
        <time>2026-08-06T11:54:06Z</time>
        <extensions><gpxtpx:TrackPointExtension><gpxtpx:hr>126</gpxtpx:hr><gpxtpx:cad>83</gpxtpx:cad></gpxtpx:TrackPointExtension><power>212</power></extensions>
      </trkpt>
      <trkpt lat="51.4771838" lon="0.0063647">
        <ele>31.9</ele>
        <time>2026-08-06T11:54:07Z</time>
        <extensions><gpxtpx:TrackPointExtension><gpxtpx:hr>125</gpxtpx:hr><gpxtpx:cad>83</gpxtpx:cad></gpxtpx:TrackPointExtension><power>211</power></extensions>
      </trkpt>
      <trkpt lat="51.4771600" lon="0.0063672">
        <ele>31.7</ele>
        <time>2026-08-06T11:54:08Z</time>
        <extensions><gpxtpx:TrackPointExtension><gpxtpx:hr>125</gpxtpx:hr><gpxtpx:cad>83</gpxtpx:cad></gpxtpx:TrackPointExtension><power>211</power></extensions>
      </trkpt>
      <trkpt lat="51.4771362" lon="0.0063694">
        <ele>31.6</ele>
        <time>2026-08-06T11:54:09Z</time>
        <extensions><gpxtpx:TrackPointExtension><gpxtpx:hr>125</gpxtpx:hr><gpxtpx:cad>83</gpxtpx:cad></gpxtpx:TrackPointExtension><power>210</power></extensions>
      </trkpt>
      <trkpt lat="51.4771123" lon="0.0063714">
        <ele>31.5</ele>
        <time>2026-08-06T11:54:10Z</time>
        <extensions><gpxtpx:TrackPointExtension><gpxtpx:hr>125</gpxtpx:hr><gpxtpx:cad>82</gpxtpx:cad></gpxtpx:TrackPointExtension><power>209</power></extensions>
      </trkpt>
      <trkpt lat="51.4770885" lon="0.0063732">
        <ele>31.3</ele>
        <time>2026-08-06T11:54:11Z</time>
        <extensions><gpxtpx:TrackPointExtension><gpxtpx:hr>124</gpxtpx:hr><gpxtpx:cad>82</gpxtpx:cad></gpxtpx:TrackPointExtension><power>209</power></extensions>
      </trkpt>
      <trkpt lat="51.4770646" lon="0.0063747">
        <ele>31.2</ele>
        <time>2026-08-06T11:54:12Z</time>
        <extensions><gpxtpx:TrackPointExtension><gpxtpx:hr>124</gpxtpx:hr><gpxtpx:cad>82</gpxtpx:cad></gpxtpx:TrackPointExtension><power>208</power></extensions>
      </trkpt>
      <trkpt lat="51.4770407" lon="0.0063761">
        <ele>31.1</ele>
        <time>2026-08-06T11:54:13Z</time>
        <extensions><gpxtpx:TrackPointExtension><gpxtpx:hr>124</gpxtpx:hr><gpxtpx:cad>82</gpxtpx:cad></gpxtpx:TrackPointExtension><power>207</power></extensions>
      </trkpt>
      <trkpt lat="51.4770168" lon="0.0063773">
        <ele>30.9</ele>
        <time>2026-08-06T11:54:14Z</time>
        <extensions><gpxtpx:TrackPointExtension><gpxtpx:hr>124</gpxtpx:hr><gpxtpx:cad>82</gpxtpx:cad></gpxtpx:TrackPointExtension><power>207</power></extensions>
      </trkpt>
      <trkpt lat="51.4769928" lon="0.0063782">
        <ele>30.8</ele>
        <time>2026-08-06T11:54:15Z</time>
        <extensions><gpxtpx:TrackPointExtension><gpxtpx:hr>123</gpxtpx:hr><gpxtpx:cad>82</gpxtpx:cad></gpxtpx:TrackPointExtension><power>206</power></extensions>
      </trkpt>
      <trkpt lat="51.4769688" lon="0.0063789">
        <ele>30.6</ele>
        <time>2026-08-06T11:54:16Z</time>
        <extensions><gpxtpx:TrackPointExtension><gpxtpx:hr>123</gpxtpx:hr><gpxtpx:cad>82</gpxtpx:cad></gpxtpx:TrackPointExtension><power>206</power></extensions>
      </trkpt>
      <trkpt lat="51.4769448" lon="0.0063794">
        <ele>30.5</ele>
        <time>2026-08-06T11:54:17Z</time>
        <extensions><gpxtpx:TrackPointExtension><gpxtpx:hr>123</gpxtpx:hr><gpxtpx:cad>82</gpxtpx:cad></gpxtpx:TrackPointExtension><power>205</power></extensions>
      </trkpt>
      <trkpt lat="51.4769208" lon="0.0063797">
        <ele>30.4</ele>
        <time>2026-08-06T11:54:18Z</time>
        <extensions><gpxtpx:TrackPointExtension><gpxtpx:hr>123</gpxtpx:hr><gpxtpx:cad>82</gpxtpx:cad></gpxtpx:TrackPointExtension><power>204</power></extensions>
      </trkpt>
      <trkpt lat="51.4768968" lon="0.0063798">
        <ele>30.2</ele>
        <time>2026-08-06T11:54:19Z</time>
        <extensions><gpxtpx:TrackPointExtension><gpxtpx:hr>122</gpxtpx:hr><gpxtpx:cad>82</gpxtpx:cad></gpxtpx:TrackPointExtension><power>204</power></extensions>
      </trkpt>
      <trkpt lat="51.4768727" lon="0.0063797">
        <ele>30.1</ele>
        <time>2026-08-06T11:54:20Z</time>
        <extensions><gpxtpx:TrackPointExtension><gpxtpx:hr>122</gpxtpx:hr><gpxtpx:cad>82</gpxtpx:cad></gpxtpx:TrackPointExtension><power>203</power></extensions>
      </trkpt>
      <trkpt lat="51.4768486" lon="0.0063793">
        <ele>30.0</ele>
        <time>2026-08-06T11:54:21Z</time>
        <extensions><gpxtpx:TrackPointExtension><gpxtpx:hr>122</gpxtpx:hr><gpxtpx:cad>82</gpxtpx:cad></gpxtpx:TrackPointExtension><power>202</power></extensions>
      </trkpt>
      <trkpt lat="51.4768245" lon="0.0063787">
        <ele>29.8</ele>
        <time>2026-08-06T11:54:22Z</time>
        <extensions><gpxtpx:TrackPointExtension><gpxtpx:hr>122</gpxtpx:hr><gpxtpx:cad>82</gpxtpx:cad></gpxtpx:TrackPointExtension><power>202</power></extensions>
      </trkpt>
      <trkpt lat="51.4768004" lon="0.0063779">
        <ele>29.7</ele>
        <time>2026-08-06T11:54:23Z</time>
        <extensions><gpxtpx:TrackPointExtension><gpxtpx:hr>121</gpxtpx:hr><gpxtpx:cad>82</gpxtpx:cad></gpxtpx:TrackPointExtension><power>201</power></extensions>
      </trkpt>
      <trkpt lat="51.4767763" lon="0.0063769">
        <ele>29.6</ele>
        <time>2026-08-06T11:54:24Z</time>
        <extensions><gpxtpx:TrackPointExtension><gpxtpx:hr>121</gpxtpx:hr><gpxtpx:cad>82</gpxtpx:cad></gpxtpx:TrackPointExtension><power>201</power></extensions>
      </trkpt>
      <trkpt lat="51.4767521" lon="0.0063757">
        <ele>29.4</ele>
        <time>2026-08-06T11:54:25Z</time>
        <extensions><gpxtpx:TrackPointExtension><gpxtpx:hr>121</gpxtpx:hr><gpxtpx:cad>82</gpxtpx:cad></gpxtpx:TrackPointExtension><power>200</power></extensions>
      </trkpt>
      <trkpt lat="51.4767280" lon="0.0063742">
        <ele>29.3</ele>
        <time>2026-08-06T11:54:26Z</time>
        <extensions><gpxtpx:TrackPointExtension><gpxtpx:hr>121</gpxtpx:hr><gpxtpx:cad>81</gpxtpx:cad></gpxtpx:TrackPointExtension><power>199</power></extensions>
      </trkpt>
      <trkpt lat="51.4767038" lon="0.0063726">
        <ele>29.1</ele>
        <time>2026-08-06T11:54:27Z</time>
        <extensions><gpxtpx:TrackPointExtension><gpxtpx:hr>120</gpxtpx:hr><gpxtpx:cad>81</gpxtpx:cad></gpxtpx:TrackPointExtension><power>199</power></extensions>
      </trkpt>
      <trkpt lat="51.4766796" lon="0.0063707">
        <ele>29.0</ele>
        <time>2026-08-06T11:54:28Z</time>
        <extensions><gpxtpx:TrackPointExtension><gpxtpx:hr>120</gpxtpx:hr><gpxtpx:cad>81</gpxtpx:cad></gpxtpx:TrackPointExtension><power>198</power></extensions>
      </trkpt>
      <trkpt lat="51.4766554" lon="0.0063685">
        <ele>28.9</ele>
        <time>2026-08-06T11:54:29Z</time>
        <extensions><gpxtpx:TrackPointExtension><gpxtpx:hr>120</gpxtpx:hr><gpxtpx:cad>81</gpxtpx:cad></gpxtpx:TrackPointExtension><power>198</power></extensions>
      </trkpt>
      <trkpt lat="51.4766312" lon="0.0063662">
        <ele>28.7</ele>
        <time>2026-08-06T11:54:30Z</time>
        <extensions><gpxtpx:TrackPointExtension><gpxtpx:hr>120</gpxtpx:hr><gpxtpx:cad>81</gpxtpx:cad></gpxtpx:TrackPointExtension><power>197</power></extensions>
      </trkpt>
      <trkpt lat="51.4766070" lon="0.0063636">
        <ele>28.6</ele>
        <time>2026-08-06T11:54:31Z</time>
        <extensions><gpxtpx:TrackPointExtension><gpxtpx:hr>119</gpxtpx:hr><gpxtpx:cad>81</gpxtpx:cad></gpxtpx:TrackPointExtension><power>196</power></extensions>
      </trkpt>
      <trkpt lat="51.4765828" lon="0.0063609">
        <ele>28.5</ele>
        <time>2026-08-06T11:54:32Z</time>
        <extensions><gpxtpx:TrackPointExtension><gpxtpx:hr>119</gpxtpx:hr><gpxtpx:cad>81</gpxtpx:cad></gpxtpx:TrackPointExtension><power>196</power></extensions>
      </trkpt>
      <trkpt lat="51.4765585" lon="0.0063579">
        <ele>28.3</ele>
        <time>2026-08-06T11:54:33Z</time>
        <extensions><gpxtpx:TrackPointExtension><gpxtpx:hr>119</gpxtpx:hr><gpxtpx:cad>81</gpxtpx:cad></gpxtpx:TrackPointExtension><power>195</power></extensions>
      </trkpt>
      <trkpt lat="51.4765343" lon="0.0063546">
        <ele>28.2</ele>
        <time>2026-08-06T11:54:34Z</time>
        <extensions><gpxtpx:TrackPointExtension><gpxtpx:hr>119</gpxtpx:hr><gpxtpx:cad>81</gpxtpx:cad></gpxtpx:TrackPointExtension><power>195</power></extensions>
      </trkpt>
      <trkpt lat="51.4765100" lon="0.0063512">
        <ele>28.1</ele>
        <time>2026-08-06T11:54:35Z</time>
        <extensions><gpxtpx:TrackPointExtension><gpxtpx:hr>118</gpxtpx:hr><gpxtpx:cad>81</gpxtpx:cad></gpxtpx:TrackPointExtension><power>194</power></extensions>
      </trkpt>
      <trkpt lat="51.4764858" lon="0.0063475">
        <ele>27.9</ele>
        <time>2026-08-06T11:54:36Z</time>
        <extensions><gpxtpx:TrackPointExtension><gpxtpx:hr>118</gpxtpx:hr><gpxtpx:cad>81</gpxtpx:cad></gpxtpx:TrackPointExtension><power>193</power></extensions>
      </trkpt>
      <trkpt lat="51.4764615" lon="0.0063436">
        <ele>27.8</ele>
        <time>2026-08-06T11:54:37Z</time>
        <extensions><gpxtpx:TrackPointExtension><gpxtpx:hr>118</gpxtpx:hr><gpxtpx:cad>81</gpxtpx:cad></gpxtpx:TrackPointExtension><power>193</power></extensions>
      </trkpt>
      <trkpt lat="51.4764372" lon="0.0063395">
        <ele>27.7</ele>
        <time>2026-08-06T11:54:38Z</time>
        <extensions><gpxtpx:TrackPointExtension><gpxtpx:hr>118</gpxtpx:hr><gpxtpx:cad>81</gpxtpx:cad></gpxtpx:TrackPointExtension><power>192</power></extensions>
      </trkpt>
      <trkpt lat="51.4764130" lon="0.0063351">
        <ele>27.5</ele>
        <time>2026-08-06T11:54:39Z</time>
        <extensions><gpxtpx:TrackPointExtension><gpxtpx:hr>117</gpxtpx:hr><gpxtpx:cad>81</gpxtpx:cad></gpxtpx:TrackPointExtension><power>192</power></extensions>
      </trkpt>
      <trkpt lat="51.4763887" lon="0.0063306">
        <ele>27.4</ele>
        <time>2026-08-06T11:54:40Z</time>
        <extensions><gpxtpx:TrackPointExtension><gpxtpx:hr>117</gpxtpx:hr><gpxtpx:cad>81</gpxtpx:cad></gpxtpx:TrackPointExtension><power>191</power></extensions>
      </trkpt>
      <trkpt lat="51.4763644" lon="0.0063258">
        <ele>27.3</ele>
        <time>2026-08-06T11:54:41Z</time>
        <extensions><gpxtpx:TrackPointExtension><gpxtpx:hr>117</gpxtpx:hr><gpxtpx:cad>81</gpxtpx:cad></gpxtpx:TrackPointExtension><power>191</power></extensions>
      </trkpt>
      <trkpt lat="51.4763402" lon="0.0063207">
        <ele>27.1</ele>
        <time>2026-08-06T11:54:42Z</time>
        <extensions><gpxtpx:TrackPointExtension><gpxtpx:hr>117</gpxtpx:hr><gpxtpx:cad>81</gpxtpx:cad></gpxtpx:TrackPointExtension><power>190</power></extensions>
      </trkpt>
      <trkpt lat="51.4763159" lon="0.0063155">
        <ele>27.0</ele>
        <time>2026-08-06T11:54:43Z</time>
        <extensions><gpxtpx:TrackPointExtension><gpxtpx:hr>117</gpxtpx:hr><gpxtpx:cad>81</gpxtpx:cad></gpxtpx:TrackPointExtension><power>189</power></extensions>
      </trkpt>
      <trkpt lat="51.4762916" lon="0.0063100">
        <ele>26.9</ele>
        <time>2026-08-06T11:54:44Z</time>
        <extensions><gpxtpx:TrackPointExtension><gpxtpx:hr>116</gpxtpx:hr><gpxtpx:cad>81</gpxtpx:cad></gpxtpx:TrackPointExtension><power>189</power></extensions>
      </trkpt>
      <trkpt lat="51.4762674" lon="0.0063043">
        <ele>26.7</ele>
        <time>2026-08-06T11:54:45Z</time>
        <extensions><gpxtpx:TrackPointExtension><gpxtpx:hr>116</gpxtpx:hr><gpxtpx:cad>81</gpxtpx:cad></gpxtpx:TrackPointExtension><power>188</power></extensions>
      </trkpt>
      <trkpt lat="51.4762431" lon="0.0062984">
        <ele>26.6</ele>
        <time>2026-08-06T11:54:46Z</time>
        <extensions><gpxtpx:TrackPointExtension><gpxtpx:hr>116</gpxtpx:hr><gpxtpx:cad>81</gpxtpx:cad></gpxtpx:TrackPointExtension><power>188</power></extensions>
      </trkpt>
      <trkpt lat="51.4762188" lon="0.0062922">
        <ele>26.5</ele>
        <time>2026-08-06T11:54:47Z</time>
        <extensions><gpxtpx:TrackPointExtension><gpxtpx:hr>116</gpxtpx:hr><gpxtpx:cad>81</gpxtpx:cad></gpxtpx:TrackPointExtension><power>187</power></extensions>
      </trkpt>
      <trkpt lat="51.4761946" lon="0.0062858">
        <ele>26.3</ele>
        <time>2026-08-06T11:54:48Z</time>
        <extensions><gpxtpx:TrackPointExtension><gpxtpx:hr>115</gpxtpx:hr><gpxtpx:cad>81</gpxtpx:cad></gpxtpx:TrackPointExtension><power>187</power></extensions>
      </trkpt>
      <trkpt lat="51.4761704" lon="0.0062792">
        <ele>26.2</ele>
        <time>2026-08-06T11:54:49Z</time>
        <extensions><gpxtpx:TrackPointExtension><gpxtpx:hr>115</gpxtpx:hr><gpxtpx:cad>81</gpxtpx:cad></gpxtpx:TrackPointExtension><power>186</power></extensions>
      </trkpt>
      <trkpt lat="51.4761461" lon="0.0062724">
        <ele>26.1</ele>
        <time>2026-08-06T11:54:50Z</time>
        <extensions><gpxtpx:TrackPointExtension><gpxtpx:hr>115</gpxtpx:hr><gpxtpx:cad>81</gpxtpx:cad></gpxtpx:TrackPointExtension><power>186</power></extensions>
      </trkpt>
      <trkpt lat="51.4761219" lon="0.0062653">
        <ele>25.9</ele>
        <time>2026-08-06T11:54:51Z</time>
        <extensions><gpxtpx:TrackPointExtension><gpxtpx:hr>115</gpxtpx:hr><gpxtpx:cad>81</gpxtpx:cad></gpxtpx:TrackPointExtension><power>185</power></extensions>
      </trkpt>
      <trkpt lat="51.4760977" lon="0.0062580">
        <ele>25.8</ele>
        <time>2026-08-06T11:54:52Z</time>
        <extensions><gpxtpx:TrackPointExtension><gpxtpx:hr>114</gpxtpx:hr><gpxtpx:cad>81</gpxtpx:cad></gpxtpx:TrackPointExtension><power>185</power></extensions>
      </trkpt>
      <trkpt lat="51.4760735" lon="0.0062505">
        <ele>25.7</ele>
        <time>2026-08-06T11:54:53Z</time>
        <extensions><gpxtpx:TrackPointExtension><gpxtpx:hr>114</gpxtpx:hr><gpxtpx:cad>81</gpxtpx:cad></gpxtpx:TrackPointExtension><power>185</power></extensions>
      </trkpt>
      <trkpt lat="51.4760493" lon="0.0062427">
        <ele>25.6</ele>
        <time>2026-08-06T11:54:54Z</time>
        <extensions><gpxtpx:TrackPointExtension><gpxtpx:hr>114</gpxtpx:hr><gpxtpx:cad>81</gpxtpx:cad></gpxtpx:TrackPointExtension><power>184</power></extensions>
      </trkpt>
      <trkpt lat="51.4760252" lon="0.0062348">
        <ele>25.4</ele>
        <time>2026-08-06T11:54:55Z</time>
        <extensions><gpxtpx:TrackPointExtension><gpxtpx:hr>114</gpxtpx:hr><gpxtpx:cad>81</gpxtpx:cad></gpxtpx:TrackPointExtension><power>184</power></extensions>
      </trkpt>
      <trkpt lat="51.4760010" lon="0.0062266">
        <ele>25.3</ele>
        <time>2026-08-06T11:54:56Z</time>
        <extensions><gpxtpx:TrackPointExtension><gpxtpx:hr>113</gpxtpx:hr><gpxtpx:cad>81</gpxtpx:cad></gpxtpx:TrackPointExtension><power>183</power></extensions>
      </trkpt>
      <trkpt lat="51.4759769" lon="0.0062181">
        <ele>25.2</ele>
        <time>2026-08-06T11:54:57Z</time>
        <extensions><gpxtpx:TrackPointExtension><gpxtpx:hr>113</gpxtpx:hr><gpxtpx:cad>81</gpxtpx:cad></gpxtpx:TrackPointExtension><power>183</power></extensions>
      </trkpt>
      <trkpt lat="51.4759528" lon="0.0062095">
        <ele>25.0</ele>
        <time>2026-08-06T11:54:58Z</time>
        <extensions><gpxtpx:TrackPointExtension><gpxtpx:hr>113</gpxtpx:hr><gpxtpx:cad>81</gpxtpx:cad></gpxtpx:TrackPointExtension><power>182</power></extensions>
      </trkpt>
      <trkpt lat="51.4759287" lon="0.0062006">
        <ele>24.9</ele>
        <time>2026-08-06T11:54:59Z</time>
        <extensions><gpxtpx:TrackPointExtension><gpxtpx:hr>113</gpxtpx:hr><gpxtpx:cad>81</gpxtpx:cad></gpxtpx:TrackPointExtension><power>182</power></extensions>
      </trkpt>
      <trkpt lat="51.4759046" lon="0.0061915">
        <ele>24.8</ele>
        <time>2026-08-06T11:55:00Z</time>
        <extensions><gpxtpx:TrackPointExtension><gpxtpx:hr>112</gpxtpx:hr><gpxtpx:cad>81</gpxtpx:cad></gpxtpx:TrackPointExtension><power>182</power></extensions>
      </trkpt>
      <trkpt lat="51.4758806" lon="0.0061821">
        <ele>24.7</ele>
        <time>2026-08-06T11:55:01Z</time>
        <extensions><gpxtpx:TrackPointExtension><gpxtpx:hr>112</gpxtpx:hr><gpxtpx:cad>81</gpxtpx:cad></gpxtpx:TrackPointExtension><power>181</power></extensions>
      </trkpt>
      <trkpt lat="51.4758565" lon="0.0061725">
        <ele>24.5</ele>
        <time>2026-08-06T11:55:02Z</time>
        <extensions><gpxtpx:TrackPointExtension><gpxtpx:hr>112</gpxtpx:hr><gpxtpx:cad>81</gpxtpx:cad></gpxtpx:TrackPointExtension><power>181</power></extensions>
      </trkpt>
      <trkpt lat="51.4758325" lon="0.0061627">
        <ele>24.4</ele>
        <time>2026-08-06T11:55:03Z</time>
        <extensions><gpxtpx:TrackPointExtension><gpxtpx:hr>112</gpxtpx:hr><gpxtpx:cad>81</gpxtpx:cad></gpxtpx:TrackPointExtension><power>180</power></extensions>
      </trkpt>
      <trkpt lat="51.4758085" lon="0.0061527">
        <ele>24.3</ele>
        <time>2026-08-06T11:55:04Z</time>
        <extensions><gpxtpx:TrackPointExtension><gpxtpx:hr>112</gpxtpx:hr><gpxtpx:cad>81</gpxtpx:cad></gpxtpx:TrackPointExtension><power>180</power></extensions>
      </trkpt>
      <trkpt lat="51.4757846" lon="0.0061425">
        <ele>24.2</ele>
        <time>2026-08-06T11:55:05Z</time>
        <extensions><gpxtpx:TrackPointExtension><gpxtpx:hr>111</gpxtpx:hr><gpxtpx:cad>81</gpxtpx:cad></gpxtpx:TrackPointExtension><power>180</power></extensions>
      </trkpt>
      <trkpt lat="51.4757607" lon="0.0061320">
        <ele>24.0</ele>
        <time>2026-08-06T11:55:06Z</time>
        <extensions><gpxtpx:TrackPointExtension><gpxtpx:hr>111</gpxtpx:hr><gpxtpx:cad>81</gpxtpx:cad></gpxtpx:TrackPointExtension><power>179</power></extensions>
      </trkpt>
      <trkpt lat="51.4757368" lon="0.0061213">
        <ele>23.9</ele>
        <time>2026-08-06T11:55:07Z</time>
        <extensions><gpxtpx:TrackPointExtension><gpxtpx:hr>111</gpxtpx:hr><gpxtpx:cad>81</gpxtpx:cad></gpxtpx:TrackPointExtension><power>179</power></extensions>
      </trkpt>
      <trkpt lat="51.4757129" lon="0.0061103">
        <ele>23.8</ele>
        <time>2026-08-06T11:55:08Z</time>
        <extensions><gpxtpx:TrackPointExtension><gpxtpx:hr>111</gpxtpx:hr><gpxtpx:cad>81</gpxtpx:cad></gpxtpx:TrackPointExtension><power>179</power></extensions>
      </trkpt>
      <trkpt lat="51.4756891" lon="0.0060992">
        <ele>23.7</ele>
        <time>2026-08-06T11:55:09Z</time>
        <extensions><gpxtpx:TrackPointExtension><gpxtpx:hr>110</gpxtpx:hr><gpxtpx:cad>81</gpxtpx:cad></gpxtpx:TrackPointExtension><power>178</power></extensions>
      </trkpt>
      <trkpt lat="51.4756653" lon="0.0060878">
        <ele>23.5</ele>
        <time>2026-08-06T11:55:10Z</time>
        <extensions><gpxtpx:TrackPointExtension><gpxtpx:hr>110</gpxtpx:hr><gpxtpx:cad>81</gpxtpx:cad></gpxtpx:TrackPointExtension><power>178</power></extensions>
      </trkpt>
      <trkpt lat="51.4756415" lon="0.0060762">
        <ele>23.4</ele>
        <time>2026-08-06T11:55:11Z</time>
        <extensions><gpxtpx:TrackPointExtension><gpxtpx:hr>110</gpxtpx:hr><gpxtpx:cad>81</gpxtpx:cad></gpxtpx:TrackPointExtension><power>178</power></extensions>
      </trkpt>
      <trkpt lat="51.4756178" lon="0.0060644">
        <ele>23.3</ele>
        <time>2026-08-06T11:55:12Z</time>
        <extensions><gpxtpx:TrackPointExtension><gpxtpx:hr>110</gpxtpx:hr><gpxtpx:cad>81</gpxtpx:cad></gpxtpx:TrackPointExtension><power>177</power></extensions>
      </trkpt>
      <trkpt lat="51.4755941" lon="0.0060523">
        <ele>23.2</ele>
        <time>2026-08-06T11:55:13Z</time>
        <extensions><gpxtpx:TrackPointExtension><gpxtpx:hr>110</gpxtpx:hr><gpxtpx:cad>81</gpxtpx:cad></gpxtpx:TrackPointExtension><power>177</power></extensions>
      </trkpt>
      <trkpt lat="51.4755704" lon="0.0060400">
        <ele>23.0</ele>
        <time>2026-08-06T11:55:14Z</time>
        <extensions><gpxtpx:TrackPointExtension><gpxtpx:hr>109</gpxtpx:hr><gpxtpx:cad>81</gpxtpx:cad></gpxtpx:TrackPointExtension><power>177</power></extensions>
      </trkpt>
      <trkpt lat="51.4755468" lon="0.0060275">
        <ele>22.9</ele>
        <time>2026-08-06T11:55:15Z</time>
        <extensions><gpxtpx:TrackPointExtension><gpxtpx:hr>109</gpxtpx:hr><gpxtpx:cad>81</gpxtpx:cad></gpxtpx:TrackPointExtension><power>177</power></extensions>
      </trkpt>
      <trkpt lat="51.4755232" lon="0.0060148">
        <ele>22.8</ele>
        <time>2026-08-06T11:55:16Z</time>
        <extensions><gpxtpx:TrackPointExtension><gpxtpx:hr>109</gpxtpx:hr><gpxtpx:cad>81</gpxtpx:cad></gpxtpx:TrackPointExtension><power>176</power></extensions>
      </trkpt>
      <trkpt lat="51.4754997" lon="0.0060018">
        <ele>22.7</ele>
        <time>2026-08-06T11:55:17Z</time>
        <extensions><gpxtpx:TrackPointExtension><gpxtpx:hr>109</gpxtpx:hr><gpxtpx:cad>81</gpxtpx:cad></gpxtpx:TrackPointExtension><power>176</power></extensions>
      </trkpt>
      <trkpt lat="51.4754762" lon="0.0059887">
        <ele>22.6</ele>
        <time>2026-08-06T11:55:18Z</time>
        <extensions><gpxtpx:TrackPointExtension><gpxtpx:hr>108</gpxtpx:hr><gpxtpx:cad>81</gpxtpx:cad></gpxtpx:TrackPointExtension><power>176</power></extensions>
      </trkpt>
      <trkpt lat="51.4754527" lon="0.0059753">
        <ele>22.4</ele>
        <time>2026-08-06T11:55:19Z</time>
        <extensions><gpxtpx:TrackPointExtension><gpxtpx:hr>108</gpxtpx:hr><gpxtpx:cad>81</gpxtpx:cad></gpxtpx:TrackPointExtension><power>176</power></extensions>
      </trkpt>
      <trkpt lat="51.4754293" lon="0.0059617">
        <ele>22.3</ele>
        <time>2026-08-06T11:55:20Z</time>
        <extensions><gpxtpx:TrackPointExtension><gpxtpx:hr>108</gpxtpx:hr><gpxtpx:cad>81</gpxtpx:cad></gpxtpx:TrackPointExtension><power>176</power></extensions>
      </trkpt>
      <trkpt lat="51.4754059" lon="0.0059478">
        <ele>22.2</ele>
        <time>2026-08-06T11:55:21Z</time>
        <extensions><gpxtpx:TrackPointExtension><gpxtpx:hr>108</gpxtpx:hr><gpxtpx:cad>81</gpxtpx:cad></gpxtpx:TrackPointExtension><power>175</power></extensions>
      </trkpt>
      <trkpt lat="51.4753826" lon="0.0059338">
        <ele>22.1</ele>
        <time>2026-08-06T11:55:22Z</time>
        <extensions><gpxtpx:TrackPointExtension><gpxtpx:hr>108</gpxtpx:hr><gpxtpx:cad>81</gpxtpx:cad></gpxtpx:TrackPointExtension><power>175</power></extensions>
      </trkpt>
      <trkpt lat="51.4753593" lon="0.0059195">
        <ele>22.0</ele>
        <time>2026-08-06T11:55:23Z</time>
        <extensions><gpxtpx:TrackPointExtension><gpxtpx:hr>107</gpxtpx:hr><gpxtpx:cad>81</gpxtpx:cad></gpxtpx:TrackPointExtension><power>175</power></extensions>
      </trkpt>
      <trkpt lat="51.4753361" lon="0.0059050">
        <ele>21.9</ele>
        <time>2026-08-06T11:55:24Z</time>
        <extensions><gpxtpx:TrackPointExtension><gpxtpx:hr>107</gpxtpx:hr><gpxtpx:cad>81</gpxtpx:cad></gpxtpx:TrackPointExtension><power>175</power></extensions>
      </trkpt>
      <trkpt lat="51.4753130" lon="0.0058903">
        <ele>21.7</ele>
        <time>2026-08-06T11:55:25Z</time>
        <extensions><gpxtpx:TrackPointExtension><gpxtpx:hr>107</gpxtpx:hr><gpxtpx:cad>81</gpxtpx:cad></gpxtpx:TrackPointExtension><power>175</power></extensions>
      </trkpt>
      <trkpt lat="51.4752898" lon="0.0058754">
        <ele>21.6</ele>
        <time>2026-08-06T11:55:26Z</time>
        <extensions><gpxtpx:TrackPointExtension><gpxtpx:hr>107</gpxtpx:hr><gpxtpx:cad>81</gpxtpx:cad></gpxtpx:TrackPointExtension><power>175</power></extensions>
      </trkpt>
      <trkpt lat="51.4752668" lon="0.0058602">
        <ele>21.5</ele>
        <time>2026-08-06T11:55:27Z</time>
        <extensions><gpxtpx:TrackPointExtension><gpxtpx:hr>107</gpxtpx:hr><gpxtpx:cad>81</gpxtpx:cad></gpxtpx:TrackPointExtension><power>174</power></extensions>
      </trkpt>
      <trkpt lat="51.4752438" lon="0.0058449">
        <ele>21.4</ele>
        <time>2026-08-06T11:55:28Z</time>
        <extensions><gpxtpx:TrackPointExtension><gpxtpx:hr>106</gpxtpx:hr><gpxtpx:cad>81</gpxtpx:cad></gpxtpx:TrackPointExtension><power>174</power></extensions>
      </trkpt>
      <trkpt lat="51.4752208" lon="0.0058293">
        <ele>21.3</ele>
        <time>2026-08-06T11:55:29Z</time>
        <extensions><gpxtpx:TrackPointExtension><gpxtpx:hr>106</gpxtpx:hr><gpxtpx:cad>81</gpxtpx:cad></gpxtpx:TrackPointExtension><power>174</power></extensions>
      </trkpt>
      <trkpt lat="51.4751979" lon="0.0058135">
        <ele>21.2</ele>
        <time>2026-08-06T11:55:30Z</time>
        <extensions><gpxtpx:TrackPointExtension><gpxtpx:hr>106</gpxtpx:hr><gpxtpx:cad>81</gpxtpx:cad></gpxtpx:TrackPointExtension><power>174</power></extensions>
      </trkpt>
      <trkpt lat="51.4751751" lon="0.0057975">
        <ele>21.0</ele>
        <time>2026-08-06T11:55:31Z</time>
        <extensions><gpxtpx:TrackPointExtension><gpxtpx:hr>106</gpxtpx:hr><gpxtpx:cad>81</gpxtpx:cad></gpxtpx:TrackPointExtension><power>174</power></extensions>
      </trkpt>
      <trkpt lat="51.4751523" lon="0.0057813">
        <ele>20.9</ele>
        <time>2026-08-06T11:55:32Z</time>
        <extensions><gpxtpx:TrackPointExtension><gpxtpx:hr>106</gpxtpx:hr><gpxtpx:cad>81</gpxtpx:cad></gpxtpx:TrackPointExtension><power>174</power></extensions>
      </trkpt>
      <trkpt lat="51.4751296" lon="0.0057649">
        <ele>20.8</ele>
        <time>2026-08-06T11:55:33Z</time>
        <extensions><gpxtpx:TrackPointExtension><gpxtpx:hr>105</gpxtpx:hr><gpxtpx:cad>81</gpxtpx:cad></gpxtpx:TrackPointExtension><power>174</power></extensions>
      </trkpt>
      <trkpt lat="51.4751070" lon="0.0057483">
        <ele>20.7</ele>
        <time>2026-08-06T11:55:34Z</time>
        <extensions><gpxtpx:TrackPointExtension><gpxtpx:hr>105</gpxtpx:hr><gpxtpx:cad>81</gpxtpx:cad></gpxtpx:TrackPointExtension><power>174</power></extensions>
      </trkpt>
      <trkpt lat="51.4750844" lon="0.0057314">
        <ele>20.6</ele>
        <time>2026-08-06T11:55:35Z</time>
        <extensions><gpxtpx:TrackPointExtension><gpxtpx:hr>105</gpxtpx:hr><gpxtpx:cad>81</gpxtpx:cad></gpxtpx:TrackPointExtension><power>174</power></extensions>
      </trkpt>
      <trkpt lat="51.4750618" lon="0.0057144">
        <ele>20.5</ele>
        <time>2026-08-06T11:55:36Z</time>
        <extensions><gpxtpx:TrackPointExtension><gpxtpx:hr>105</gpxtpx:hr><gpxtpx:cad>81</gpxtpx:cad></gpxtpx:TrackPointExtension><power>174</power></extensions>
      </trkpt>
      <trkpt lat="51.4750394" lon="0.0056971">
        <ele>20.4</ele>
        <time>2026-08-06T11:55:37Z</time>
        <extensions><gpxtpx:TrackPointExtension><gpxtpx:hr>105</gpxtpx:hr><gpxtpx:cad>81</gpxtpx:cad></gpxtpx:TrackPointExtension><power>174</power></extensions>
      </trkpt>
      <trkpt lat="51.4750170" lon="0.0056796">
        <ele>20.2</ele>
        <time>2026-08-06T11:55:38Z</time>
        <extensions><gpxtpx:TrackPointExtension><gpxtpx:hr>104</gpxtpx:hr><gpxtpx:cad>81</gpxtpx:cad></gpxtpx:TrackPointExtension><power>174</power></extensions>
      </trkpt>
      <trkpt lat="51.4749947" lon="0.0056620">
        <ele>20.1</ele>
        <time>2026-08-06T11:55:39Z</time>
        <extensions><gpxtpx:TrackPointExtension><gpxtpx:hr>104</gpxtpx:hr><gpxtpx:cad>81</gpxtpx:cad></gpxtpx:TrackPointExtension><power>174</power></extensions>
      </trkpt>
      <trkpt lat="51.4749724" lon="0.0056441">
        <ele>20.0</ele>
        <time>2026-08-06T11:55:40Z</time>
        <extensions><gpxtpx:TrackPointExtension><gpxtpx:hr>104</gpxtpx:hr><gpxtpx:cad>82</gpxtpx:cad></gpxtpx:TrackPointExtension><power>174</power></extensions>
      </trkpt>
      <trkpt lat="51.4749502" lon="0.0056260">
        <ele>19.9</ele>
        <time>2026-08-06T11:55:41Z</time>
        <extensions><gpxtpx:TrackPointExtension><gpxtpx:hr>104</gpxtpx:hr><gpxtpx:cad>82</gpxtpx:cad></gpxtpx:TrackPointExtension><power>174</power></extensions>
      </trkpt>
      <trkpt lat="51.4749281" lon="0.0056077">
        <ele>19.8</ele>
        <time>2026-08-06T11:55:42Z</time>
        <extensions><gpxtpx:TrackPointExtension><gpxtpx:hr>104</gpxtpx:hr><gpxtpx:cad>82</gpxtpx:cad></gpxtpx:TrackPointExtension><power>174</power></extensions>
      </trkpt>
      <trkpt lat="51.4749060" lon="0.0055893">
        <ele>19.7</ele>
        <time>2026-08-06T11:55:43Z</time>
        <extensions><gpxtpx:TrackPointExtension><gpxtpx:hr>104</gpxtpx:hr><gpxtpx:cad>82</gpxtpx:cad></gpxtpx:TrackPointExtension><power>174</power></extensions>
      </trkpt>
      <trkpt lat="51.4748841" lon="0.0055706">
        <ele>19.6</ele>
        <time>2026-08-06T11:55:44Z</time>
        <extensions><gpxtpx:TrackPointExtension><gpxtpx:hr>103</gpxtpx:hr><gpxtpx:cad>82</gpxtpx:cad></gpxtpx:TrackPointExtension><power>174</power></extensions>
      </trkpt>
      <trkpt lat="51.4748622" lon="0.0055517">
        <ele>19.5</ele>
        <time>2026-08-06T11:55:45Z</time>
        <extensions><gpxtpx:TrackPointExtension><gpxtpx:hr>103</gpxtpx:hr><gpxtpx:cad>82</gpxtpx:cad></gpxtpx:TrackPointExtension><power>174</power></extensions>
      </trkpt>
      <trkpt lat="51.4748404" lon="0.0055326">
        <ele>19.4</ele>
        <time>2026-08-06T11:55:46Z</time>
        <extensions><gpxtpx:TrackPointExtension><gpxtpx:hr>103</gpxtpx:hr><gpxtpx:cad>82</gpxtpx:cad></gpxtpx:TrackPointExtension><power>174</power></extensions>
      </trkpt>
      <trkpt lat="51.4748186" lon="0.0055134">
        <ele>19.3</ele>
        <time>2026-08-06T11:55:47Z</time>
        <extensions><gpxtpx:TrackPointExtension><gpxtpx:hr>103</gpxtpx:hr><gpxtpx:cad>82</gpxtpx:cad></gpxtpx:TrackPointExtension><power>174</power></extensions>
      </trkpt>
      <trkpt lat="51.4747969" lon="0.0054939">
        <ele>19.2</ele>
        <time>2026-08-06T11:55:48Z</time>
        <extensions><gpxtpx:TrackPointExtension><gpxtpx:hr>103</gpxtpx:hr><gpxtpx:cad>82</gpxtpx:cad></gpxtpx:TrackPointExtension><power>174</power></extensions>
      </trkpt>
      <trkpt lat="51.4747753" lon="0.0054742">
        <ele>19.1</ele>
        <time>2026-08-06T11:55:49Z</time>
        <extensions><gpxtpx:TrackPointExtension><gpxtpx:hr>103</gpxtpx:hr><gpxtpx:cad>82</gpxtpx:cad></gpxtpx:TrackPointExtension><power>174</power></extensions>
      </trkpt>
      <trkpt lat="51.4747538" lon="0.0054544">
        <ele>18.9</ele>
        <time>2026-08-06T11:55:50Z</time>
        <extensions><gpxtpx:TrackPointExtension><gpxtpx:hr>102</gpxtpx:hr><gpxtpx:cad>82</gpxtpx:cad></gpxtpx:TrackPointExtension><power>174</power></extensions>
      </trkpt>
      <trkpt lat="51.4747324" lon="0.0054343">
        <ele>18.8</ele>
        <time>2026-08-06T11:55:51Z</time>
        <extensions><gpxtpx:TrackPointExtension><gpxtpx:hr>102</gpxtpx:hr><gpxtpx:cad>82</gpxtpx:cad></gpxtpx:TrackPointExtension><power>174</power></extensions>
      </trkpt>
      <trkpt lat="51.4747111" lon="0.0054141">
        <ele>18.7</ele>
        <time>2026-08-06T11:55:52Z</time>
        <extensions><gpxtpx:TrackPointExtension><gpxtpx:hr>102</gpxtpx:hr><gpxtpx:cad>82</gpxtpx:cad></gpxtpx:TrackPointExtension><power>174</power></extensions>
      </trkpt>
      <trkpt lat="51.4746898" lon="0.0053937">
        <ele>18.6</ele>
        <time>2026-08-06T11:55:53Z</time>
        <extensions><gpxtpx:TrackPointExtension><gpxtpx:hr>102</gpxtpx:hr><gpxtpx:cad>82</gpxtpx:cad></gpxtpx:TrackPointExtension><power>174</power></extensions>
      </trkpt>
      <trkpt lat="51.4746686" lon="0.0053731">
        <ele>18.5</ele>
        <time>2026-08-06T11:55:54Z</time>
        <extensions><gpxtpx:TrackPointExtension><gpxtpx:hr>102</gpxtpx:hr><gpxtpx:cad>82</gpxtpx:cad></gpxtpx:TrackPointExtension><power>174</power></extensions>
      </trkpt>
      <trkpt lat="51.4746475" lon="0.0053523">
        <ele>18.4</ele>
        <time>2026-08-06T11:55:55Z</time>
        <extensions><gpxtpx:TrackPointExtension><gpxtpx:hr>102</gpxtpx:hr><gpxtpx:cad>82</gpxtpx:cad></gpxtpx:TrackPointExtension><power>174</power></extensions>
      </trkpt>
      <trkpt lat="51.4746265" lon="0.0053313">
        <ele>18.3</ele>
        <time>2026-08-06T11:55:56Z</time>
        <extensions><gpxtpx:TrackPointExtension><gpxtpx:hr>102</gpxtpx:hr><gpxtpx:cad>82</gpxtpx:cad></gpxtpx:TrackPointExtension><power>174</power></extensions>
      </trkpt>
      <trkpt lat="51.4746056" lon="0.0053101">
        <ele>18.2</ele>
        <time>2026-08-06T11:55:57Z</time>
        <extensions><gpxtpx:TrackPointExtension><gpxtpx:hr>101</gpxtpx:hr><gpxtpx:cad>82</gpxtpx:cad></gpxtpx:TrackPointExtension><power>174</power></extensions>
      </trkpt>
      <trkpt lat="51.4745847" lon="0.0052888">
        <ele>18.1</ele>
        <time>2026-08-06T11:55:58Z</time>
        <extensions><gpxtpx:TrackPointExtension><gpxtpx:hr>101</gpxtpx:hr><gpxtpx:cad>82</gpxtpx:cad></gpxtpx:TrackPointExtension><power>175</power></extensions>
      </trkpt>
      <trkpt lat="51.4745640" lon="0.0052672">
        <ele>18.0</ele>
        <time>2026-08-06T11:55:59Z</time>
        <extensions><gpxtpx:TrackPointExtension><gpxtpx:hr>101</gpxtpx:hr><gpxtpx:cad>82</gpxtpx:cad></gpxtpx:TrackPointExtension><power>175</power></extensions>
      </trkpt>
      <trkpt lat="51.4745433" lon="0.0052455">
        <ele>17.9</ele>
        <time>2026-08-06T11:56:00Z</time>
        <extensions><gpxtpx:TrackPointExtension><gpxtpx:hr>101</gpxtpx:hr><gpxtpx:cad>82</gpxtpx:cad></gpxtpx:TrackPointExtension><power>175</power></extensions>
      </trkpt>
      <trkpt lat="51.4745228" lon="0.0052236">
        <ele>17.8</ele>
        <time>2026-08-06T11:56:01Z</time>
        <extensions><gpxtpx:TrackPointExtension><gpxtpx:hr>101</gpxtpx:hr><gpxtpx:cad>82</gpxtpx:cad></gpxtpx:TrackPointExtension><power>175</power></extensions>
      </trkpt>
      <trkpt lat="51.4745023" lon="0.0052016">
        <ele>17.7</ele>
        <time>2026-08-06T11:56:02Z</time>
        <extensions><gpxtpx:TrackPointExtension><gpxtpx:hr>101</gpxtpx:hr><gpxtpx:cad>82</gpxtpx:cad></gpxtpx:TrackPointExtension><power>175</power></extensions>
      </trkpt>
      <trkpt lat="51.4744819" lon="0.0051793">
        <ele>17.6</ele>
        <time>2026-08-06T11:56:03Z</time>
        <extensions><gpxtpx:TrackPointExtension><gpxtpx:hr>101</gpxtpx:hr><gpxtpx:cad>82</gpxtpx:cad></gpxtpx:TrackPointExtension><power>175</power></extensions>
      </trkpt>
      <trkpt lat="51.4744616" lon="0.0051569">
        <ele>17.5</ele>
        <time>2026-08-06T11:56:04Z</time>
        <extensions><gpxtpx:TrackPointExtension><gpxtpx:hr>100</gpxtpx:hr><gpxtpx:cad>82</gpxtpx:cad></gpxtpx:TrackPointExtension><power>175</power></extensions>
      </trkpt>
      <trkpt lat="51.4744414" lon="0.0051343">
        <ele>17.4</ele>
        <time>2026-08-06T11:56:05Z</time>
        <extensions><gpxtpx:TrackPointExtension><gpxtpx:hr>100</gpxtpx:hr><gpxtpx:cad>82</gpxtpx:cad></gpxtpx:TrackPointExtension><power>175</power></extensions>
      </trkpt>
      <trkpt lat="51.4744213" lon="0.0051116">
        <ele>17.3</ele>
        <time>2026-08-06T11:56:06Z</time>
        <extensions><gpxtpx:TrackPointExtension><gpxtpx:hr>100</gpxtpx:hr><gpxtpx:cad>82</gpxtpx:cad></gpxtpx:TrackPointExtension><power>176</power></extensions>
      </trkpt>
      <trkpt lat="51.4744013" lon="0.0050887">
        <ele>17.2</ele>
        <time>2026-08-06T11:56:07Z</time>
        <extensions><gpxtpx:TrackPointExtension><gpxtpx:hr>100</gpxtpx:hr><gpxtpx:cad>83</gpxtpx:cad></gpxtpx:TrackPointExtension><power>176</power></extensions>
      </trkpt>
      <trkpt lat="51.4743814" lon="0.0050656">
        <ele>17.1</ele>
        <time>2026-08-06T11:56:08Z</time>
        <extensions><gpxtpx:TrackPointExtension><gpxtpx:hr>100</gpxtpx:hr><gpxtpx:cad>83</gpxtpx:cad></gpxtpx:TrackPointExtension><power>176</power></extensions>
      </trkpt>
      <trkpt lat="51.4743616" lon="0.0050423">
        <ele>17.0</ele>
        <time>2026-08-06T11:56:09Z</time>
        <extensions><gpxtpx:TrackPointExtension><gpxtpx:hr>100</gpxtpx:hr><gpxtpx:cad>83</gpxtpx:cad></gpxtpx:TrackPointExtension><power>176</power></extensions>
      </trkpt>
      <trkpt lat="51.4743419" lon="0.0050189">
        <ele>16.9</ele>
        <time>2026-08-06T11:56:10Z</time>
        <extensions><gpxtpx:TrackPointExtension><gpxtpx:hr>100</gpxtpx:hr><gpxtpx:cad>83</gpxtpx:cad></gpxtpx:TrackPointExtension><power>176</power></extensions>
      </trkpt>
      <trkpt lat="51.4743222" lon="0.0049953">
        <ele>16.8</ele>
        <time>2026-08-06T11:56:11Z</time>
        <extensions><gpxtpx:TrackPointExtension><gpxtpx:hr>100</gpxtpx:hr><gpxtpx:cad>83</gpxtpx:cad></gpxtpx:TrackPointExtension><power>176</power></extensions>
      </trkpt>
      <trkpt lat="51.4743027" lon="0.0049716">
        <ele>16.7</ele>
        <time>2026-08-06T11:56:12Z</time>
        <extensions><gpxtpx:TrackPointExtension><gpxtpx:hr>99</gpxtpx:hr><gpxtpx:cad>83</gpxtpx:cad></gpxtpx:TrackPointExtension><power>177</power></extensions>
      </trkpt>
      <trkpt lat="51.4742833" lon="0.0049477">
        <ele>16.6</ele>
        <time>2026-08-06T11:56:13Z</time>
        <extensions><gpxtpx:TrackPointExtension><gpxtpx:hr>99</gpxtpx:hr><gpxtpx:cad>83</gpxtpx:cad></gpxtpx:TrackPointExtension><power>177</power></extensions>
      </trkpt>
      <trkpt lat="51.4742640" lon="0.0049236">
        <ele>16.5</ele>
        <time>2026-08-06T11:56:14Z</time>
        <extensions><gpxtpx:TrackPointExtension><gpxtpx:hr>99</gpxtpx:hr><gpxtpx:cad>83</gpxtpx:cad></gpxtpx:TrackPointExtension><power>177</power></extensions>
      </trkpt>
      <trkpt lat="51.4742448" lon="0.0048994">
        <ele>16.4</ele>
        <time>2026-08-06T11:56:15Z</time>
        <extensions><gpxtpx:TrackPointExtension><gpxtpx:hr>99</gpxtpx:hr><gpxtpx:cad>83</gpxtpx:cad></gpxtpx:TrackPointExtension><power>177</power></extensions>
      </trkpt>
      <trkpt lat="51.4742257" lon="0.0048750">
        <ele>16.3</ele>
        <time>2026-08-06T11:56:16Z</time>
        <extensions><gpxtpx:TrackPointExtension><gpxtpx:hr>99</gpxtpx:hr><gpxtpx:cad>83</gpxtpx:cad></gpxtpx:TrackPointExtension><power>177</power></extensions>
      </trkpt>
      <trkpt lat="51.4742066" lon="0.0048505">
        <ele>16.2</ele>
        <time>2026-08-06T11:56:17Z</time>
        <extensions><gpxtpx:TrackPointExtension><gpxtpx:hr>99</gpxtpx:hr><gpxtpx:cad>83</gpxtpx:cad></gpxtpx:TrackPointExtension><power>177</power></extensions>
      </trkpt>
      <trkpt lat="51.4741877" lon="0.0048258">
        <ele>16.1</ele>
        <time>2026-08-06T11:56:18Z</time>
        <extensions><gpxtpx:TrackPointExtension><gpxtpx:hr>99</gpxtpx:hr><gpxtpx:cad>83</gpxtpx:cad></gpxtpx:TrackPointExtension><power>178</power></extensions>
      </trkpt>
      <trkpt lat="51.4741689" lon="0.0048010">
        <ele>16.0</ele>
        <time>2026-08-06T11:56:19Z</time>
        <extensions><gpxtpx:TrackPointExtension><gpxtpx:hr>99</gpxtpx:hr><gpxtpx:cad>83</gpxtpx:cad></gpxtpx:TrackPointExtension><power>178</power></extensions>
      </trkpt>
      <trkpt lat="51.4741502" lon="0.0047760">
        <ele>15.9</ele>
        <time>2026-08-06T11:56:20Z</time>
        <extensions><gpxtpx:TrackPointExtension><gpxtpx:hr>99</gpxtpx:hr><gpxtpx:cad>83</gpxtpx:cad></gpxtpx:TrackPointExtension><power>178</power></extensions>
      </trkpt>
      <trkpt lat="51.4741316" lon="0.0047509">
        <ele>15.9</ele>
        <time>2026-08-06T11:56:21Z</time>
        <extensions><gpxtpx:TrackPointExtension><gpxtpx:hr>99</gpxtpx:hr><gpxtpx:cad>83</gpxtpx:cad></gpxtpx:TrackPointExtension><power>178</power></extensions>
      </trkpt>
      <trkpt lat="51.4741132" lon="0.0047256">
        <ele>15.8</ele>
        <time>2026-08-06T11:56:22Z</time>
        <extensions><gpxtpx:TrackPointExtension><gpxtpx:hr>98</gpxtpx:hr><gpxtpx:cad>83</gpxtpx:cad></gpxtpx:TrackPointExtension><power>178</power></extensions>
      </trkpt>
      <trkpt lat="51.4740948" lon="0.0047002">
        <ele>15.7</ele>
        <time>2026-08-06T11:56:23Z</time>
        <extensions><gpxtpx:TrackPointExtension><gpxtpx:hr>98</gpxtpx:hr><gpxtpx:cad>83</gpxtpx:cad></gpxtpx:TrackPointExtension><power>178</power></extensions>
      </trkpt>
      <trkpt lat="51.4740765" lon="0.0046747">
        <ele>15.6</ele>
        <time>2026-08-06T11:56:24Z</time>
        <extensions><gpxtpx:TrackPointExtension><gpxtpx:hr>98</gpxtpx:hr><gpxtpx:cad>83</gpxtpx:cad></gpxtpx:TrackPointExtension><power>179</power></extensions>
      </trkpt>
      <trkpt lat="51.4740583" lon="0.0046490">
        <ele>15.5</ele>
        <time>2026-08-06T11:56:25Z</time>
        <extensions><gpxtpx:TrackPointExtension><gpxtpx:hr>98</gpxtpx:hr><gpxtpx:cad>83</gpxtpx:cad></gpxtpx:TrackPointExtension><power>179</power></extensions>
      </trkpt>
      <trkpt lat="51.4740403" lon="0.0046231">
        <ele>15.4</ele>
        <time>2026-08-06T11:56:26Z</time>
        <extensions><gpxtpx:TrackPointExtension><gpxtpx:hr>98</gpxtpx:hr><gpxtpx:cad>83</gpxtpx:cad></gpxtpx:TrackPointExtension><power>179</power></extensions>
      </trkpt>
      <trkpt lat="51.4740223" lon="0.0045972">
        <ele>15.3</ele>
        <time>2026-08-06T11:56:27Z</time>
        <extensions><gpxtpx:TrackPointExtension><gpxtpx:hr>98</gpxtpx:hr><gpxtpx:cad>83</gpxtpx:cad></gpxtpx:TrackPointExtension><power>179</power></extensions>
      </trkpt>
      <trkpt lat="51.4740045" lon="0.0045711">
        <ele>15.2</ele>
        <time>2026-08-06T11:56:28Z</time>
        <extensions><gpxtpx:TrackPointExtension><gpxtpx:hr>98</gpxtpx:hr><gpxtpx:cad>83</gpxtpx:cad></gpxtpx:TrackPointExtension><power>179</power></extensions>
      </trkpt>
      <trkpt lat="51.4739868" lon="0.0045448">
        <ele>15.1</ele>
        <time>2026-08-06T11:56:29Z</time>
        <extensions><gpxtpx:TrackPointExtension><gpxtpx:hr>98</gpxtpx:hr><gpxtpx:cad>83</gpxtpx:cad></gpxtpx:TrackPointExtension><power>180</power></extensions>
      </trkpt>
      <trkpt lat="51.4739691" lon="0.0045184">
        <ele>15.0</ele>
        <time>2026-08-06T11:56:30Z</time>
        <extensions><gpxtpx:TrackPointExtension><gpxtpx:hr>98</gpxtpx:hr><gpxtpx:cad>83</gpxtpx:cad></gpxtpx:TrackPointExtension><power>180</power></extensions>
      </trkpt>
      <trkpt lat="51.4739516" lon="0.0044919">
        <ele>14.9</ele>
        <time>2026-08-06T11:56:31Z</time>
        <extensions><gpxtpx:TrackPointExtension><gpxtpx:hr>98</gpxtpx:hr><gpxtpx:cad>83</gpxtpx:cad></gpxtpx:TrackPointExtension><power>180</power></extensions>
      </trkpt>
      <trkpt lat="51.4739342" lon="0.0044653">
        <ele>14.9</ele>
        <time>2026-08-06T11:56:32Z</time>
        <extensions><gpxtpx:TrackPointExtension><gpxtpx:hr>98</gpxtpx:hr><gpxtpx:cad>83</gpxtpx:cad></gpxtpx:TrackPointExtension><power>180</power></extensions>
      </trkpt>
      <trkpt lat="51.4739170" lon="0.0044385">
        <ele>14.8</ele>
        <time>2026-08-06T11:56:33Z</time>
        <extensions><gpxtpx:TrackPointExtension><gpxtpx:hr>98</gpxtpx:hr><gpxtpx:cad>83</gpxtpx:cad></gpxtpx:TrackPointExtension><power>180</power></extensions>
      </trkpt>
      <trkpt lat="51.4738998" lon="0.0044116">
        <ele>14.7</ele>
        <time>2026-08-06T11:56:34Z</time>
        <extensions><gpxtpx:TrackPointExtension><gpxtpx:hr>98</gpxtpx:hr><gpxtpx:cad>83</gpxtpx:cad></gpxtpx:TrackPointExtension><power>180</power></extensions>
      </trkpt>
      <trkpt lat="51.4738827" lon="0.0043846">
        <ele>14.6</ele>
        <time>2026-08-06T11:56:35Z</time>
        <extensions><gpxtpx:TrackPointExtension><gpxtpx:hr>97</gpxtpx:hr><gpxtpx:cad>83</gpxtpx:cad></gpxtpx:TrackPointExtension><power>181</power></extensions>
      </trkpt>
      <trkpt lat="51.4738658" lon="0.0043575">
        <ele>14.5</ele>
        <time>2026-08-06T11:56:36Z</time>
        <extensions><gpxtpx:TrackPointExtension><gpxtpx:hr>97</gpxtpx:hr><gpxtpx:cad>83</gpxtpx:cad></gpxtpx:TrackPointExtension><power>181</power></extensions>
      </trkpt>
      <trkpt lat="51.4738489" lon="0.0043302">
        <ele>14.4</ele>
        <time>2026-08-06T11:56:37Z</time>
        <extensions><gpxtpx:TrackPointExtension><gpxtpx:hr>97</gpxtpx:hr><gpxtpx:cad>83</gpxtpx:cad></gpxtpx:TrackPointExtension><power>181</power></extensions>
      </trkpt>
      <trkpt lat="51.4738322" lon="0.0043028">
        <ele>14.3</ele>
        <time>2026-08-06T11:56:38Z</time>
        <extensions><gpxtpx:TrackPointExtension><gpxtpx:hr>97</gpxtpx:hr><gpxtpx:cad>83</gpxtpx:cad></gpxtpx:TrackPointExtension><power>181</power></extensions>
      </trkpt>
      <trkpt lat="51.4738156" lon="0.0042754">
        <ele>14.2</ele>
        <time>2026-08-06T11:56:39Z</time>
        <extensions><gpxtpx:TrackPointExtension><gpxtpx:hr>97</gpxtpx:hr><gpxtpx:cad>83</gpxtpx:cad></gpxtpx:TrackPointExtension><power>181</power></extensions>
      </trkpt>
      <trkpt lat="51.4737991" lon="0.0042477">
        <ele>14.2</ele>
        <time>2026-08-06T11:56:40Z</time>
        <extensions><gpxtpx:TrackPointExtension><gpxtpx:hr>97</gpxtpx:hr><gpxtpx:cad>83</gpxtpx:cad></gpxtpx:TrackPointExtension><power>182</power></extensions>
      </trkpt>
      <trkpt lat="51.4737827" lon="0.0042200">
        <ele>14.1</ele>
        <time>2026-08-06T11:56:41Z</time>
        <extensions><gpxtpx:TrackPointExtension><gpxtpx:hr>97</gpxtpx:hr><gpxtpx:cad>83</gpxtpx:cad></gpxtpx:TrackPointExtension><power>182</power></extensions>
      </trkpt>
      <trkpt lat="51.4737665" lon="0.0041922">
        <ele>14.0</ele>
        <time>2026-08-06T11:56:42Z</time>
        <extensions><gpxtpx:TrackPointExtension><gpxtpx:hr>97</gpxtpx:hr><gpxtpx:cad>83</gpxtpx:cad></gpxtpx:TrackPointExtension><power>182</power></extensions>
      </trkpt>
      <trkpt lat="51.4737503" lon="0.0041642">
        <ele>13.9</ele>
        <time>2026-08-06T11:56:43Z</time>
        <extensions><gpxtpx:TrackPointExtension><gpxtpx:hr>97</gpxtpx:hr><gpxtpx:cad>83</gpxtpx:cad></gpxtpx:TrackPointExtension><power>182</power></extensions>
      </trkpt>
      <trkpt lat="51.4737343" lon="0.0041361">
        <ele>13.8</ele>
        <time>2026-08-06T11:56:44Z</time>
        <extensions><gpxtpx:TrackPointExtension><gpxtpx:hr>97</gpxtpx:hr><gpxtpx:cad>83</gpxtpx:cad></gpxtpx:TrackPointExtension><power>182</power></extensions>
      </trkpt>
      <trkpt lat="51.4737184" lon="0.0041080">
        <ele>13.7</ele>
        <time>2026-08-06T11:56:45Z</time>
        <extensions><gpxtpx:TrackPointExtension><gpxtpx:hr>97</gpxtpx:hr><gpxtpx:cad>83</gpxtpx:cad></gpxtpx:TrackPointExtension><power>182</power></extensions>
      </trkpt>
      <trkpt lat="51.4737026" lon="0.0040797">
        <ele>13.6</ele>
        <time>2026-08-06T11:56:46Z</time>
        <extensions><gpxtpx:TrackPointExtension><gpxtpx:hr>97</gpxtpx:hr><gpxtpx:cad>83</gpxtpx:cad></gpxtpx:TrackPointExtension><power>183</power></extensions>
      </trkpt>
      <trkpt lat="51.4736869" lon="0.0040513">
        <ele>13.6</ele>
        <time>2026-08-06T11:56:47Z</time>
        <extensions><gpxtpx:TrackPointExtension><gpxtpx:hr>97</gpxtpx:hr><gpxtpx:cad>83</gpxtpx:cad></gpxtpx:TrackPointExtension><power>183</power></extensions>
      </trkpt>
      <trkpt lat="51.4736713" lon="0.0040228">
        <ele>13.5</ele>
        <time>2026-08-06T11:56:48Z</time>
        <extensions><gpxtpx:TrackPointExtension><gpxtpx:hr>97</gpxtpx:hr><gpxtpx:cad>83</gpxtpx:cad></gpxtpx:TrackPointExtension><power>183</power></extensions>
      </trkpt>
      <trkpt lat="51.4736558" lon="0.0039942">
        <ele>13.4</ele>
        <time>2026-08-06T11:56:49Z</time>
        <extensions><gpxtpx:TrackPointExtension><gpxtpx:hr>97</gpxtpx:hr><gpxtpx:cad>83</gpxtpx:cad></gpxtpx:TrackPointExtension><power>183</power></extensions>
      </trkpt>
      <trkpt lat="51.4736405" lon="0.0039655">
        <ele>13.3</ele>
        <time>2026-08-06T11:56:50Z</time>
        <extensions><gpxtpx:TrackPointExtension><gpxtpx:hr>97</gpxtpx:hr><gpxtpx:cad>83</gpxtpx:cad></gpxtpx:TrackPointExtension><power>183</power></extensions>
      </trkpt>
      <trkpt lat="51.4736253" lon="0.0039367">
        <ele>13.2</ele>
        <time>2026-08-06T11:56:51Z</time>
        <extensions><gpxtpx:TrackPointExtension><gpxtpx:hr>97</gpxtpx:hr><gpxtpx:cad>83</gpxtpx:cad></gpxtpx:TrackPointExtension><power>183</power></extensions>
      </trkpt>
      <trkpt lat="51.4736102" lon="0.0039078">
        <ele>13.1</ele>
        <time>2026-08-06T11:56:52Z</time>
        <extensions><gpxtpx:TrackPointExtension><gpxtpx:hr>97</gpxtpx:hr><gpxtpx:cad>83</gpxtpx:cad></gpxtpx:TrackPointExtension><power>184</power></extensions>
      </trkpt>
      <trkpt lat="51.4735952" lon="0.0038788">
        <ele>13.1</ele>
        <time>2026-08-06T11:56:53Z</time>
        <extensions><gpxtpx:TrackPointExtension><gpxtpx:hr>97</gpxtpx:hr><gpxtpx:cad>83</gpxtpx:cad></gpxtpx:TrackPointExtension><power>184</power></extensions>
      </trkpt>
      <trkpt lat="51.4735803" lon="0.0038497">
        <ele>13.0</ele>
        <time>2026-08-06T11:56:54Z</time>
        <extensions><gpxtpx:TrackPointExtension><gpxtpx:hr>97</gpxtpx:hr><gpxtpx:cad>83</gpxtpx:cad></gpxtpx:TrackPointExtension><power>184</power></extensions>
      </trkpt>
      <trkpt lat="51.4735656" lon="0.0038205">
        <ele>12.9</ele>
        <time>2026-08-06T11:56:55Z</time>
        <extensions><gpxtpx:TrackPointExtension><gpxtpx:hr>97</gpxtpx:hr><gpxtpx:cad>83</gpxtpx:cad></gpxtpx:TrackPointExtension><power>184</power></extensions>
      </trkpt>
      <trkpt lat="51.4735509" lon="0.0037912">
        <ele>12.8</ele>
        <time>2026-08-06T11:56:56Z</time>
        <extensions><gpxtpx:TrackPointExtension><gpxtpx:hr>97</gpxtpx:hr><gpxtpx:cad>83</gpxtpx:cad></gpxtpx:TrackPointExtension><power>184</power></extensions>
      </trkpt>
      <trkpt lat="51.4735364" lon="0.0037619">
        <ele>12.7</ele>
        <time>2026-08-06T11:56:57Z</time>
        <extensions><gpxtpx:TrackPointExtension><gpxtpx:hr>97</gpxtpx:hr><gpxtpx:cad>83</gpxtpx:cad></gpxtpx:TrackPointExtension><power>184</power></extensions>
      </trkpt>
      <trkpt lat="51.4735220" lon="0.0037324">
        <ele>12.7</ele>
        <time>2026-08-06T11:56:58Z</time>
        <extensions><gpxtpx:TrackPointExtension><gpxtpx:hr>97</gpxtpx:hr><gpxtpx:cad>83</gpxtpx:cad></gpxtpx:TrackPointExtension><power>185</power></extensions>
      </trkpt>
      <trkpt lat="51.4735077" lon="0.0037028">
        <ele>12.6</ele>
        <time>2026-08-06T11:56:59Z</time>
        <extensions><gpxtpx:TrackPointExtension><gpxtpx:hr>97</gpxtpx:hr><gpxtpx:cad>83</gpxtpx:cad></gpxtpx:TrackPointExtension><power>185</power></extensions>
      </trkpt>
      <trkpt lat="51.4734935" lon="0.0036732">
        <ele>12.5</ele>
        <time>2026-08-06T11:57:00Z</time>
        <extensions><gpxtpx:TrackPointExtension><gpxtpx:hr>97</gpxtpx:hr><gpxtpx:cad>83</gpxtpx:cad></gpxtpx:TrackPointExtension><power>185</power></extensions>
      </trkpt>
      <trkpt lat="51.4734795" lon="0.0036435">
        <ele>12.4</ele>
        <time>2026-08-06T11:57:01Z</time>
        <extensions><gpxtpx:TrackPointExtension><gpxtpx:hr>97</gpxtpx:hr><gpxtpx:cad>83</gpxtpx:cad></gpxtpx:TrackPointExtension><power>185</power></extensions>
      </trkpt>
      <trkpt lat="51.4734656" lon="0.0036137">
        <ele>12.4</ele>
        <time>2026-08-06T11:57:02Z</time>
        <extensions><gpxtpx:TrackPointExtension><gpxtpx:hr>97</gpxtpx:hr><gpxtpx:cad>83</gpxtpx:cad></gpxtpx:TrackPointExtension><power>185</power></extensions>
      </trkpt>
      <trkpt lat="51.4734517" lon="0.0035838">
        <ele>12.3</ele>
        <time>2026-08-06T11:57:03Z</time>
        <extensions><gpxtpx:TrackPointExtension><gpxtpx:hr>97</gpxtpx:hr><gpxtpx:cad>83</gpxtpx:cad></gpxtpx:TrackPointExtension><power>185</power></extensions>
      </trkpt>
      <trkpt lat="51.4734381" lon="0.0035538">
        <ele>12.2</ele>
        <time>2026-08-06T11:57:04Z</time>
        <extensions><gpxtpx:TrackPointExtension><gpxtpx:hr>97</gpxtpx:hr><gpxtpx:cad>83</gpxtpx:cad></gpxtpx:TrackPointExtension><power>185</power></extensions>
      </trkpt>
      <trkpt lat="51.4734245" lon="0.0035237">
        <ele>12.1</ele>
        <time>2026-08-06T11:57:05Z</time>
        <extensions><gpxtpx:TrackPointExtension><gpxtpx:hr>97</gpxtpx:hr><gpxtpx:cad>83</gpxtpx:cad></gpxtpx:TrackPointExtension><power>186</power></extensions>
      </trkpt>
      <trkpt lat="51.4734110" lon="0.0034936">
        <ele>12.1</ele>
        <time>2026-08-06T11:57:06Z</time>
        <extensions><gpxtpx:TrackPointExtension><gpxtpx:hr>97</gpxtpx:hr><gpxtpx:cad>83</gpxtpx:cad></gpxtpx:TrackPointExtension><power>186</power></extensions>
      </trkpt>
      <trkpt lat="51.4733977" lon="0.0034633">
        <ele>12.0</ele>
        <time>2026-08-06T11:57:07Z</time>
        <extensions><gpxtpx:TrackPointExtension><gpxtpx:hr>97</gpxtpx:hr><gpxtpx:cad>83</gpxtpx:cad></gpxtpx:TrackPointExtension><power>186</power></extensions>
      </trkpt>
      <trkpt lat="51.4733844" lon="0.0034330">
        <ele>11.9</ele>
        <time>2026-08-06T11:57:08Z</time>
        <extensions><gpxtpx:TrackPointExtension><gpxtpx:hr>97</gpxtpx:hr><gpxtpx:cad>83</gpxtpx:cad></gpxtpx:TrackPointExtension><power>186</power></extensions>
      </trkpt>
      <trkpt lat="51.4733713" lon="0.0034027">
        <ele>11.8</ele>
        <time>2026-08-06T11:57:09Z</time>
        <extensions><gpxtpx:TrackPointExtension><gpxtpx:hr>97</gpxtpx:hr><gpxtpx:cad>83</gpxtpx:cad></gpxtpx:TrackPointExtension><power>186</power></extensions>
      </trkpt>
      <trkpt lat="51.4733583" lon="0.0033722">
        <ele>11.8</ele>
        <time>2026-08-06T11:57:10Z</time>
        <extensions><gpxtpx:TrackPointExtension><gpxtpx:hr>97</gpxtpx:hr><gpxtpx:cad>83</gpxtpx:cad></gpxtpx:TrackPointExtension><power>186</power></extensions>
      </trkpt>
      <trkpt lat="51.4733455" lon="0.0033417">
        <ele>11.7</ele>
        <time>2026-08-06T11:57:11Z</time>
        <extensions><gpxtpx:TrackPointExtension><gpxtpx:hr>97</gpxtpx:hr><gpxtpx:cad>83</gpxtpx:cad></gpxtpx:TrackPointExtension><power>186</power></extensions>
      </trkpt>
      <trkpt lat="51.4733327" lon="0.0033111">
        <ele>11.6</ele>
        <time>2026-08-06T11:57:12Z</time>
        <extensions><gpxtpx:TrackPointExtension><gpxtpx:hr>97</gpxtpx:hr><gpxtpx:cad>83</gpxtpx:cad></gpxtpx:TrackPointExtension><power>187</power></extensions>
      </trkpt>
      <trkpt lat="51.4733201" lon="0.0032804">
        <ele>11.5</ele>
        <time>2026-08-06T11:57:13Z</time>
        <extensions><gpxtpx:TrackPointExtension><gpxtpx:hr>97</gpxtpx:hr><gpxtpx:cad>83</gpxtpx:cad></gpxtpx:TrackPointExtension><power>187</power></extensions>
      </trkpt>
      <trkpt lat="51.4733075" lon="0.0032497">
        <ele>11.5</ele>
        <time>2026-08-06T11:57:14Z</time>
        <extensions><gpxtpx:TrackPointExtension><gpxtpx:hr>97</gpxtpx:hr><gpxtpx:cad>83</gpxtpx:cad></gpxtpx:TrackPointExtension><power>187</power></extensions>
      </trkpt>
      <trkpt lat="51.4732951" lon="0.0032189">
        <ele>11.4</ele>
        <time>2026-08-06T11:57:15Z</time>
        <extensions><gpxtpx:TrackPointExtension><gpxtpx:hr>97</gpxtpx:hr><gpxtpx:cad>83</gpxtpx:cad></gpxtpx:TrackPointExtension><power>187</power></extensions>
      </trkpt>
      <trkpt lat="51.4732829" lon="0.0031880">
        <ele>11.3</ele>
        <time>2026-08-06T11:57:16Z</time>
        <extensions><gpxtpx:TrackPointExtension><gpxtpx:hr>97</gpxtpx:hr><gpxtpx:cad>83</gpxtpx:cad></gpxtpx:TrackPointExtension><power>187</power></extensions>
      </trkpt>
      <trkpt lat="51.4732707" lon="0.0031570">
        <ele>11.3</ele>
        <time>2026-08-06T11:57:17Z</time>
        <extensions><gpxtpx:TrackPointExtension><gpxtpx:hr>97</gpxtpx:hr><gpxtpx:cad>83</gpxtpx:cad></gpxtpx:TrackPointExtension><power>187</power></extensions>
      </trkpt>
      <trkpt lat="51.4732586" lon="0.0031260">
        <ele>11.2</ele>
        <time>2026-08-06T11:57:18Z</time>
        <extensions><gpxtpx:TrackPointExtension><gpxtpx:hr>97</gpxtpx:hr><gpxtpx:cad>83</gpxtpx:cad></gpxtpx:TrackPointExtension><power>187</power></extensions>
      </trkpt>
      <trkpt lat="51.4732467" lon="0.0030949">
        <ele>11.1</ele>
        <time>2026-08-06T11:57:19Z</time>
        <extensions><gpxtpx:TrackPointExtension><gpxtpx:hr>98</gpxtpx:hr><gpxtpx:cad>83</gpxtpx:cad></gpxtpx:TrackPointExtension><power>187</power></extensions>
      </trkpt>
      <trkpt lat="51.4732349" lon="0.0030638">
        <ele>11.0</ele>
        <time>2026-08-06T11:57:20Z</time>
        <extensions><gpxtpx:TrackPointExtension><gpxtpx:hr>98</gpxtpx:hr><gpxtpx:cad>83</gpxtpx:cad></gpxtpx:TrackPointExtension><power>188</power></extensions>
      </trkpt>
      <trkpt lat="51.4732232" lon="0.0030326">
        <ele>11.0</ele>
        <time>2026-08-06T11:57:21Z</time>
        <extensions><gpxtpx:TrackPointExtension><gpxtpx:hr>98</gpxtpx:hr><gpxtpx:cad>83</gpxtpx:cad></gpxtpx:TrackPointExtension><power>188</power></extensions>
      </trkpt>
      <trkpt lat="51.4732116" lon="0.0030013">
        <ele>10.9</ele>
        <time>2026-08-06T11:57:22Z</time>
        <extensions><gpxtpx:TrackPointExtension><gpxtpx:hr>98</gpxtpx:hr><gpxtpx:cad>83</gpxtpx:cad></gpxtpx:TrackPointExtension><power>188</power></extensions>
      </trkpt>
      <trkpt lat="51.4732001" lon="0.0029700">
        <ele>10.8</ele>
        <time>2026-08-06T11:57:23Z</time>
        <extensions><gpxtpx:TrackPointExtension><gpxtpx:hr>98</gpxtpx:hr><gpxtpx:cad>83</gpxtpx:cad></gpxtpx:TrackPointExtension><power>188</power></extensions>
      </trkpt>
      <trkpt lat="51.4731887" lon="0.0029386">
        <ele>10.8</ele>
        <time>2026-08-06T11:57:24Z</time>
        <extensions><gpxtpx:TrackPointExtension><gpxtpx:hr>98</gpxtpx:hr><gpxtpx:cad>83</gpxtpx:cad></gpxtpx:TrackPointExtension><power>188</power></extensions>
      </trkpt>
      <trkpt lat="51.4731775" lon="0.0029071">
        <ele>10.7</ele>
        <time>2026-08-06T11:57:25Z</time>
        <extensions><gpxtpx:TrackPointExtension><gpxtpx:hr>98</gpxtpx:hr><gpxtpx:cad>83</gpxtpx:cad></gpxtpx:TrackPointExtension><power>188</power></extensions>
      </trkpt>
      <trkpt lat="51.4731664" lon="0.0028756">
        <ele>10.6</ele>
        <time>2026-08-06T11:57:26Z</time>
        <extensions><gpxtpx:TrackPointExtension><gpxtpx:hr>98</gpxtpx:hr><gpxtpx:cad>83</gpxtpx:cad></gpxtpx:TrackPointExtension><power>188</power></extensions>
      </trkpt>
      <trkpt lat="51.4731554" lon="0.0028440">
        <ele>10.6</ele>
        <time>2026-08-06T11:57:27Z</time>
        <extensions><gpxtpx:TrackPointExtension><gpxtpx:hr>98</gpxtpx:hr><gpxtpx:cad>83</gpxtpx:cad></gpxtpx:TrackPointExtension><power>189</power></extensions>
      </trkpt>
      <trkpt lat="51.4731445" lon="0.0028124">
        <ele>10.5</ele>
        <time>2026-08-06T11:57:28Z</time>
        <extensions><gpxtpx:TrackPointExtension><gpxtpx:hr>98</gpxtpx:hr><gpxtpx:cad>83</gpxtpx:cad></gpxtpx:TrackPointExtension><power>189</power></extensions>
      </trkpt>
      <trkpt lat="51.4731337" lon="0.0027807">
        <ele>10.4</ele>
        <time>2026-08-06T11:57:29Z</time>
        <extensions><gpxtpx:TrackPointExtension><gpxtpx:hr>98</gpxtpx:hr><gpxtpx:cad>84</gpxtpx:cad></gpxtpx:TrackPointExtension><power>189</power></extensions>
      </trkpt>
      <trkpt lat="51.4731230" lon="0.0027489">
        <ele>10.4</ele>
        <time>2026-08-06T11:57:30Z</time>
        <extensions><gpxtpx:TrackPointExtension><gpxtpx:hr>98</gpxtpx:hr><gpxtpx:cad>84</gpxtpx:cad></gpxtpx:TrackPointExtension><power>189</power></extensions>
      </trkpt>
      <trkpt lat="51.4731125" lon="0.0027171">
        <ele>10.3</ele>
        <time>2026-08-06T11:57:31Z</time>
        <extensions><gpxtpx:TrackPointExtension><gpxtpx:hr>98</gpxtpx:hr><gpxtpx:cad>84</gpxtpx:cad></gpxtpx:TrackPointExtension><power>189</power></extensions>
      </trkpt>
      <trkpt lat="51.4731021" lon="0.0026853">
        <ele>10.3</ele>
        <time>2026-08-06T11:57:32Z</time>
        <extensions><gpxtpx:TrackPointExtension><gpxtpx:hr>99</gpxtpx:hr><gpxtpx:cad>84</gpxtpx:cad></gpxtpx:TrackPointExtension><power>189</power></extensions>
      </trkpt>
      <trkpt lat="51.4730918" lon="0.0026534">
        <ele>10.2</ele>
        <time>2026-08-06T11:57:33Z</time>
        <extensions><gpxtpx:TrackPointExtension><gpxtpx:hr>99</gpxtpx:hr><gpxtpx:cad>84</gpxtpx:cad></gpxtpx:TrackPointExtension><power>190</power></extensions>
      </trkpt>
      <trkpt lat="51.4730816" lon="0.0026214">
        <ele>10.1</ele>
        <time>2026-08-06T11:57:34Z</time>
        <extensions><gpxtpx:TrackPointExtension><gpxtpx:hr>99</gpxtpx:hr><gpxtpx:cad>84</gpxtpx:cad></gpxtpx:TrackPointExtension><power>190</power></extensions>
      </trkpt>
      <trkpt lat="51.4730715" lon="0.0025894">
        <ele>10.1</ele>
        <time>2026-08-06T11:57:35Z</time>
        <extensions><gpxtpx:TrackPointExtension><gpxtpx:hr>99</gpxtpx:hr><gpxtpx:cad>84</gpxtpx:cad></gpxtpx:TrackPointExtension><power>190</power></extensions>
      </trkpt>
      <trkpt lat="51.4730615" lon="0.0025573">
        <ele>10.0</ele>
        <time>2026-08-06T11:57:36Z</time>
        <extensions><gpxtpx:TrackPointExtension><gpxtpx:hr>99</gpxtpx:hr><gpxtpx:cad>84</gpxtpx:cad></gpxtpx:TrackPointExtension><power>190</power></extensions>
      </trkpt>
      <trkpt lat="51.4730516" lon="0.0025252">
        <ele>10.0</ele>
        <time>2026-08-06T11:57:37Z</time>
        <extensions><gpxtpx:TrackPointExtension><gpxtpx:hr>99</gpxtpx:hr><gpxtpx:cad>84</gpxtpx:cad></gpxtpx:TrackPointExtension><power>190</power></extensions>
      </trkpt>
      <trkpt lat="51.4730419" lon="0.0024931">
        <ele>9.9</ele>
        <time>2026-08-06T11:57:38Z</time>
        <extensions><gpxtpx:TrackPointExtension><gpxtpx:hr>99</gpxtpx:hr><gpxtpx:cad>84</gpxtpx:cad></gpxtpx:TrackPointExtension><power>190</power></extensions>
      </trkpt>
      <trkpt lat="51.4730323" lon="0.0024609">
        <ele>9.8</ele>
        <time>2026-08-06T11:57:39Z</time>
        <extensions><gpxtpx:TrackPointExtension><gpxtpx:hr>99</gpxtpx:hr><gpxtpx:cad>84</gpxtpx:cad></gpxtpx:TrackPointExtension><power>191</power></extensions>
      </trkpt>
      <trkpt lat="51.4730227" lon="0.0024286">
        <ele>9.8</ele>
        <time>2026-08-06T11:57:40Z</time>
        <extensions><gpxtpx:TrackPointExtension><gpxtpx:hr>99</gpxtpx:hr><gpxtpx:cad>84</gpxtpx:cad></gpxtpx:TrackPointExtension><power>191</power></extensions>
      </trkpt>
      <trkpt lat="51.4730133" lon="0.0023963">
        <ele>9.7</ele>
        <time>2026-08-06T11:57:41Z</time>
        <extensions><gpxtpx:TrackPointExtension><gpxtpx:hr>99</gpxtpx:hr><gpxtpx:cad>84</gpxtpx:cad></gpxtpx:TrackPointExtension><power>191</power></extensions>
      </trkpt>
      <trkpt lat="51.4730040" lon="0.0023639">
        <ele>9.7</ele>
        <time>2026-08-06T11:57:42Z</time>
        <extensions><gpxtpx:TrackPointExtension><gpxtpx:hr>100</gpxtpx:hr><gpxtpx:cad>84</gpxtpx:cad></gpxtpx:TrackPointExtension><power>191</power></extensions>
      </trkpt>
      <trkpt lat="51.4729949" lon="0.0023315">
        <ele>9.6</ele>
        <time>2026-08-06T11:57:43Z</time>
        <extensions><gpxtpx:TrackPointExtension><gpxtpx:hr>100</gpxtpx:hr><gpxtpx:cad>84</gpxtpx:cad></gpxtpx:TrackPointExtension><power>191</power></extensions>
      </trkpt>
      <trkpt lat="51.4729858" lon="0.0022991">
        <ele>9.5</ele>
        <time>2026-08-06T11:57:44Z</time>
        <extensions><gpxtpx:TrackPointExtension><gpxtpx:hr>100</gpxtpx:hr><gpxtpx:cad>84</gpxtpx:cad></gpxtpx:TrackPointExtension><power>191</power></extensions>
      </trkpt>
      <trkpt lat="51.4729768" lon="0.0022666">
        <ele>9.5</ele>
        <time>2026-08-06T11:57:45Z</time>
        <extensions><gpxtpx:TrackPointExtension><gpxtpx:hr>100</gpxtpx:hr><gpxtpx:cad>84</gpxtpx:cad></gpxtpx:TrackPointExtension><power>192</power></extensions>
      </trkpt>
      <trkpt lat="51.4729680" lon="0.0022340">
        <ele>9.4</ele>
        <time>2026-08-06T11:57:46Z</time>
        <extensions><gpxtpx:TrackPointExtension><gpxtpx:hr>100</gpxtpx:hr><gpxtpx:cad>84</gpxtpx:cad></gpxtpx:TrackPointExtension><power>192</power></extensions>
      </trkpt>
      <trkpt lat="51.4729593" lon="0.0022015">
        <ele>9.4</ele>
        <time>2026-08-06T11:57:47Z</time>
        <extensions><gpxtpx:TrackPointExtension><gpxtpx:hr>100</gpxtpx:hr><gpxtpx:cad>84</gpxtpx:cad></gpxtpx:TrackPointExtension><power>192</power></extensions>
      </trkpt>
      <trkpt lat="51.4729507" lon="0.0021688">
        <ele>9.3</ele>
        <time>2026-08-06T11:57:48Z</time>
        <extensions><gpxtpx:TrackPointExtension><gpxtpx:hr>100</gpxtpx:hr><gpxtpx:cad>84</gpxtpx:cad></gpxtpx:TrackPointExtension><power>192</power></extensions>
      </trkpt>
      <trkpt lat="51.4729422" lon="0.0021362">
        <ele>9.3</ele>
        <time>2026-08-06T11:57:49Z</time>
        <extensions><gpxtpx:TrackPointExtension><gpxtpx:hr>100</gpxtpx:hr><gpxtpx:cad>84</gpxtpx:cad></gpxtpx:TrackPointExtension><power>192</power></extensions>
      </trkpt>
      <trkpt lat="51.4729338" lon="0.0021035">
        <ele>9.2</ele>
        <time>2026-08-06T11:57:50Z</time>
        <extensions><gpxtpx:TrackPointExtension><gpxtpx:hr>101</gpxtpx:hr><gpxtpx:cad>84</gpxtpx:cad></gpxtpx:TrackPointExtension><power>193</power></extensions>
      </trkpt>
      <trkpt lat="51.4729255" lon="0.0020707">
        <ele>9.2</ele>
        <time>2026-08-06T11:57:51Z</time>
        <extensions><gpxtpx:TrackPointExtension><gpxtpx:hr>101</gpxtpx:hr><gpxtpx:cad>84</gpxtpx:cad></gpxtpx:TrackPointExtension><power>193</power></extensions>
      </trkpt>
      <trkpt lat="51.4729173" lon="0.0020379">
        <ele>9.1</ele>
        <time>2026-08-06T11:57:52Z</time>
        <extensions><gpxtpx:TrackPointExtension><gpxtpx:hr>101</gpxtpx:hr><gpxtpx:cad>84</gpxtpx:cad></gpxtpx:TrackPointExtension><power>193</power></extensions>
      </trkpt>
      <trkpt lat="51.4729093" lon="0.0020051">
        <ele>9.1</ele>
        <time>2026-08-06T11:57:53Z</time>
        <extensions><gpxtpx:TrackPointExtension><gpxtpx:hr>101</gpxtpx:hr><gpxtpx:cad>84</gpxtpx:cad></gpxtpx:TrackPointExtension><power>193</power></extensions>
      </trkpt>
      <trkpt lat="51.4729013" lon="0.0019722">
        <ele>9.0</ele>
        <time>2026-08-06T11:57:54Z</time>
        <extensions><gpxtpx:TrackPointExtension><gpxtpx:hr>101</gpxtpx:hr><gpxtpx:cad>84</gpxtpx:cad></gpxtpx:TrackPointExtension><power>194</power></extensions>
      </trkpt>
      <trkpt lat="51.4728935" lon="0.0019393">
        <ele>9.0</ele>
        <time>2026-08-06T11:57:55Z</time>
        <extensions><gpxtpx:TrackPointExtension><gpxtpx:hr>101</gpxtpx:hr><gpxtpx:cad>84</gpxtpx:cad></gpxtpx:TrackPointExtension><power>194</power></extensions>
      </trkpt>
      <trkpt lat="51.4728858" lon="0.0019063">
        <ele>8.9</ele>
        <time>2026-08-06T11:57:56Z</time>
        <extensions><gpxtpx:TrackPointExtension><gpxtpx:hr>101</gpxtpx:hr><gpxtpx:cad>84</gpxtpx:cad></gpxtpx:TrackPointExtension><power>194</power></extensions>
      </trkpt>
      <trkpt lat="51.4728781" lon="0.0018733">
        <ele>8.9</ele>
        <time>2026-08-06T11:57:57Z</time>
        <extensions><gpxtpx:TrackPointExtension><gpxtpx:hr>102</gpxtpx:hr><gpxtpx:cad>84</gpxtpx:cad></gpxtpx:TrackPointExtension><power>194</power></extensions>
      </trkpt>
      <trkpt lat="51.4728706" lon="0.0018403">
        <ele>8.8</ele>
        <time>2026-08-06T11:57:58Z</time>
        <extensions><gpxtpx:TrackPointExtension><gpxtpx:hr>102</gpxtpx:hr><gpxtpx:cad>84</gpxtpx:cad></gpxtpx:TrackPointExtension><power>195</power></extensions>
      </trkpt>
      <trkpt lat="51.4728632" lon="0.0018072">
        <ele>8.8</ele>
        <time>2026-08-06T11:57:59Z</time>
        <extensions><gpxtpx:TrackPointExtension><gpxtpx:hr>102</gpxtpx:hr><gpxtpx:cad>84</gpxtpx:cad></gpxtpx:TrackPointExtension><power>195</power></extensions>
      </trkpt>
      <trkpt lat="51.4728560" lon="0.0017741">
        <ele>8.7</ele>
        <time>2026-08-06T11:58:00Z</time>
        <extensions><gpxtpx:TrackPointExtension><gpxtpx:hr>102</gpxtpx:hr><gpxtpx:cad>84</gpxtpx:cad></gpxtpx:TrackPointExtension><power>195</power></extensions>
      </trkpt>
      <trkpt lat="51.4728488" lon="0.0017410">
        <ele>8.7</ele>
        <time>2026-08-06T11:58:01Z</time>
        <extensions><gpxtpx:TrackPointExtension><gpxtpx:hr>102</gpxtpx:hr><gpxtpx:cad>85</gpxtpx:cad></gpxtpx:TrackPointExtension><power>195</power></extensions>
      </trkpt>
      <trkpt lat="51.4728417" lon="0.0017078">
        <ele>8.7</ele>
        <time>2026-08-06T11:58:02Z</time>
        <extensions><gpxtpx:TrackPointExtension><gpxtpx:hr>102</gpxtpx:hr><gpxtpx:cad>85</gpxtpx:cad></gpxtpx:TrackPointExtension><power>196</power></extensions>
      </trkpt>
      <trkpt lat="51.4728348" lon="0.0016746">
        <ele>8.6</ele>
        <time>2026-08-06T11:58:03Z</time>
        <extensions><gpxtpx:TrackPointExtension><gpxtpx:hr>102</gpxtpx:hr><gpxtpx:cad>85</gpxtpx:cad></gpxtpx:TrackPointExtension><power>196</power></extensions>
      </trkpt>
      <trkpt lat="51.4728279" lon="0.0016413">
        <ele>8.6</ele>
        <time>2026-08-06T11:58:04Z</time>
        <extensions><gpxtpx:TrackPointExtension><gpxtpx:hr>103</gpxtpx:hr><gpxtpx:cad>85</gpxtpx:cad></gpxtpx:TrackPointExtension><power>196</power></extensions>
      </trkpt>
      <trkpt lat="51.4728212" lon="0.0016080">
        <ele>8.5</ele>
        <time>2026-08-06T11:58:05Z</time>
        <extensions><gpxtpx:TrackPointExtension><gpxtpx:hr>103</gpxtpx:hr><gpxtpx:cad>85</gpxtpx:cad></gpxtpx:TrackPointExtension><power>197</power></extensions>
      </trkpt>
      <trkpt lat="51.4728146" lon="0.0015747">
        <ele>8.5</ele>
        <time>2026-08-06T11:58:06Z</time>
        <extensions><gpxtpx:TrackPointExtension><gpxtpx:hr>103</gpxtpx:hr><gpxtpx:cad>85</gpxtpx:cad></gpxtpx:TrackPointExtension><power>197</power></extensions>
      </trkpt>
      <trkpt lat="51.4728081" lon="0.0015413">
        <ele>8.4</ele>
        <time>2026-08-06T11:58:07Z</time>
        <extensions><gpxtpx:TrackPointExtension><gpxtpx:hr>103</gpxtpx:hr><gpxtpx:cad>85</gpxtpx:cad></gpxtpx:TrackPointExtension><power>197</power></extensions>
      </trkpt>
      <trkpt lat="51.4728017" lon="0.0015079">
        <ele>8.4</ele>
        <time>2026-08-06T11:58:08Z</time>
        <extensions><gpxtpx:TrackPointExtension><gpxtpx:hr>103</gpxtpx:hr><gpxtpx:cad>85</gpxtpx:cad></gpxtpx:TrackPointExtension><power>198</power></extensions>
      </trkpt>
      <trkpt lat="51.4727954" lon="0.0014745">
        <ele>8.4</ele>
        <time>2026-08-06T11:58:09Z</time>
        <extensions><gpxtpx:TrackPointExtension><gpxtpx:hr>104</gpxtpx:hr><gpxtpx:cad>85</gpxtpx:cad></gpxtpx:TrackPointExtension><power>198</power></extensions>
      </trkpt>
      <trkpt lat="51.4727892" lon="0.0014410">
        <ele>8.3</ele>
        <time>2026-08-06T11:58:10Z</time>
        <extensions><gpxtpx:TrackPointExtension><gpxtpx:hr>104</gpxtpx:hr><gpxtpx:cad>85</gpxtpx:cad></gpxtpx:TrackPointExtension><power>198</power></extensions>
      </trkpt>
      <trkpt lat="51.4727831" lon="0.0014075">
        <ele>8.3</ele>
        <time>2026-08-06T11:58:11Z</time>
        <extensions><gpxtpx:TrackPointExtension><gpxtpx:hr>104</gpxtpx:hr><gpxtpx:cad>85</gpxtpx:cad></gpxtpx:TrackPointExtension><power>199</power></extensions>
      </trkpt>
      <trkpt lat="51.4727771" lon="0.0013740">
        <ele>8.3</ele>
        <time>2026-08-06T11:58:12Z</time>
        <extensions><gpxtpx:TrackPointExtension><gpxtpx:hr>104</gpxtpx:hr><gpxtpx:cad>85</gpxtpx:cad></gpxtpx:TrackPointExtension><power>199</power></extensions>
      </trkpt>
      <trkpt lat="51.4727713" lon="0.0013404">
        <ele>8.2</ele>
        <time>2026-08-06T11:58:13Z</time>
        <extensions><gpxtpx:TrackPointExtension><gpxtpx:hr>104</gpxtpx:hr><gpxtpx:cad>85</gpxtpx:cad></gpxtpx:TrackPointExtension><power>199</power></extensions>
      </trkpt>
      <trkpt lat="51.4727655" lon="0.0013068">
        <ele>8.2</ele>
        <time>2026-08-06T11:58:14Z</time>
        <extensions><gpxtpx:TrackPointExtension><gpxtpx:hr>104</gpxtpx:hr><gpxtpx:cad>85</gpxtpx:cad></gpxtpx:TrackPointExtension><power>200</power></extensions>
      </trkpt>
      <trkpt lat="51.4727599" lon="0.0012732">
        <ele>8.2</ele>
        <time>2026-08-06T11:58:15Z</time>
        <extensions><gpxtpx:TrackPointExtension><gpxtpx:hr>105</gpxtpx:hr><gpxtpx:cad>85</gpxtpx:cad></gpxtpx:TrackPointExtension><power>200</power></extensions>
      </trkpt>
      <trkpt lat="51.4727543" lon="0.0012396">
        <ele>8.1</ele>
        <time>2026-08-06T11:58:16Z</time>
        <extensions><gpxtpx:TrackPointExtension><gpxtpx:hr>105</gpxtpx:hr><gpxtpx:cad>85</gpxtpx:cad></gpxtpx:TrackPointExtension><power>201</power></extensions>
      </trkpt>
      <trkpt lat="51.4727489" lon="0.0012059">
        <ele>8.1</ele>
        <time>2026-08-06T11:58:17Z</time>
        <extensions><gpxtpx:TrackPointExtension><gpxtpx:hr>105</gpxtpx:hr><gpxtpx:cad>85</gpxtpx:cad></gpxtpx:TrackPointExtension><power>201</power></extensions>
      </trkpt>
      <trkpt lat="51.4727436" lon="0.0011721">
        <ele>8.1</ele>
        <time>2026-08-06T11:58:18Z</time>
        <extensions><gpxtpx:TrackPointExtension><gpxtpx:hr>105</gpxtpx:hr><gpxtpx:cad>85</gpxtpx:cad></gpxtpx:TrackPointExtension><power>201</power></extensions>
      </trkpt>
      <trkpt lat="51.4727384" lon="0.0011384">
        <ele>8.0</ele>
        <time>2026-08-06T11:58:19Z</time>
        <extensions><gpxtpx:TrackPointExtension><gpxtpx:hr>105</gpxtpx:hr><gpxtpx:cad>86</gpxtpx:cad></gpxtpx:TrackPointExtension><power>202</power></extensions>
      </trkpt>
      <trkpt lat="51.4727333" lon="0.0011046">
        <ele>8.0</ele>
        <time>2026-08-06T11:58:20Z</time>
        <extensions><gpxtpx:TrackPointExtension><gpxtpx:hr>106</gpxtpx:hr><gpxtpx:cad>86</gpxtpx:cad></gpxtpx:TrackPointExtension><power>202</power></extensions>
      </trkpt>
      <trkpt lat="51.4727283" lon="0.0010708">
        <ele>8.0</ele>
        <time>2026-08-06T11:58:21Z</time>
        <extensions><gpxtpx:TrackPointExtension><gpxtpx:hr>106</gpxtpx:hr><gpxtpx:cad>86</gpxtpx:cad></gpxtpx:TrackPointExtension><power>203</power></extensions>
      </trkpt>
      <trkpt lat="51.4727234" lon="0.0010369">
        <ele>7.9</ele>
        <time>2026-08-06T11:58:22Z</time>
        <extensions><gpxtpx:TrackPointExtension><gpxtpx:hr>106</gpxtpx:hr><gpxtpx:cad>86</gpxtpx:cad></gpxtpx:TrackPointExtension><power>203</power></extensions>
      </trkpt>
      <trkpt lat="51.4727186" lon="0.0010031">
        <ele>7.9</ele>
        <time>2026-08-06T11:58:23Z</time>
        <extensions><gpxtpx:TrackPointExtension><gpxtpx:hr>106</gpxtpx:hr><gpxtpx:cad>86</gpxtpx:cad></gpxtpx:TrackPointExtension><power>203</power></extensions>
      </trkpt>
      <trkpt lat="51.4727139" lon="0.0009692">
        <ele>7.9</ele>
        <time>2026-08-06T11:58:24Z</time>
        <extensions><gpxtpx:TrackPointExtension><gpxtpx:hr>106</gpxtpx:hr><gpxtpx:cad>86</gpxtpx:cad></gpxtpx:TrackPointExtension><power>204</power></extensions>
      </trkpt>
      <trkpt lat="51.4727094" lon="0.0009352">
        <ele>7.9</ele>
        <time>2026-08-06T11:58:25Z</time>
        <extensions><gpxtpx:TrackPointExtension><gpxtpx:hr>107</gpxtpx:hr><gpxtpx:cad>86</gpxtpx:cad></gpxtpx:TrackPointExtension><power>204</power></extensions>
      </trkpt>
      <trkpt lat="51.4727049" lon="0.0009013">
        <ele>7.9</ele>
        <time>2026-08-06T11:58:26Z</time>
        <extensions><gpxtpx:TrackPointExtension><gpxtpx:hr>107</gpxtpx:hr><gpxtpx:cad>86</gpxtpx:cad></gpxtpx:TrackPointExtension><power>205</power></extensions>
      </trkpt>
      <trkpt lat="51.4727005" lon="0.0008673">
        <ele>7.8</ele>
        <time>2026-08-06T11:58:27Z</time>
        <extensions><gpxtpx:TrackPointExtension><gpxtpx:hr>107</gpxtpx:hr><gpxtpx:cad>86</gpxtpx:cad></gpxtpx:TrackPointExtension><power>205</power></extensions>
      </trkpt>
      <trkpt lat="51.4726963" lon="0.0008333">
        <ele>7.8</ele>
        <time>2026-08-06T11:58:28Z</time>
        <extensions><gpxtpx:TrackPointExtension><gpxtpx:hr>107</gpxtpx:hr><gpxtpx:cad>86</gpxtpx:cad></gpxtpx:TrackPointExtension><power>206</power></extensions>
      </trkpt>
      <trkpt lat="51.4726922" lon="0.0007992">
        <ele>7.8</ele>
        <time>2026-08-06T11:58:29Z</time>
        <extensions><gpxtpx:TrackPointExtension><gpxtpx:hr>107</gpxtpx:hr><gpxtpx:cad>86</gpxtpx:cad></gpxtpx:TrackPointExtension><power>206</power></extensions>
      </trkpt>
      <trkpt lat="51.4726881" lon="0.0007652">
        <ele>7.8</ele>
        <time>2026-08-06T11:58:30Z</time>
        <extensions><gpxtpx:TrackPointExtension><gpxtpx:hr>108</gpxtpx:hr><gpxtpx:cad>86</gpxtpx:cad></gpxtpx:TrackPointExtension><power>207</power></extensions>
      </trkpt>
      <trkpt lat="51.4726842" lon="0.0007311">
        <ele>7.8</ele>
        <time>2026-08-06T11:58:31Z</time>
        <extensions><gpxtpx:TrackPointExtension><gpxtpx:hr>108</gpxtpx:hr><gpxtpx:cad>86</gpxtpx:cad></gpxtpx:TrackPointExtension><power>207</power></extensions>
      </trkpt>
      <trkpt lat="51.4726804" lon="0.0006969">
        <ele>7.7</ele>
        <time>2026-08-06T11:58:32Z</time>
        <extensions><gpxtpx:TrackPointExtension><gpxtpx:hr>108</gpxtpx:hr><gpxtpx:cad>86</gpxtpx:cad></gpxtpx:TrackPointExtension><power>207</power></extensions>
      </trkpt>
      <trkpt lat="51.4726767" lon="0.0006628">
        <ele>7.7</ele>
        <time>2026-08-06T11:58:33Z</time>
        <extensions><gpxtpx:TrackPointExtension><gpxtpx:hr>108</gpxtpx:hr><gpxtpx:cad>86</gpxtpx:cad></gpxtpx:TrackPointExtension><power>208</power></extensions>
      </trkpt>
      <trkpt lat="51.4726731" lon="0.0006286">
        <ele>7.7</ele>
        <time>2026-08-06T11:58:34Z</time>
        <extensions><gpxtpx:TrackPointExtension><gpxtpx:hr>108</gpxtpx:hr><gpxtpx:cad>86</gpxtpx:cad></gpxtpx:TrackPointExtension><power>208</power></extensions>
      </trkpt>
      <trkpt lat="51.4726696" lon="0.0005944">
        <ele>7.7</ele>
        <time>2026-08-06T11:58:35Z</time>
        <extensions><gpxtpx:TrackPointExtension><gpxtpx:hr>109</gpxtpx:hr><gpxtpx:cad>87</gpxtpx:cad></gpxtpx:TrackPointExtension><power>209</power></extensions>
      </trkpt>
      <trkpt lat="51.4726662" lon="0.0005602">
        <ele>7.7</ele>
        <time>2026-08-06T11:58:36Z</time>
        <extensions><gpxtpx:TrackPointExtension><gpxtpx:hr>109</gpxtpx:hr><gpxtpx:cad>87</gpxtpx:cad></gpxtpx:TrackPointExtension><power>209</power></extensions>
      </trkpt>
      <trkpt lat="51.4726630" lon="0.0005259">
        <ele>7.7</ele>
        <time>2026-08-06T11:58:37Z</time>
        <extensions><gpxtpx:TrackPointExtension><gpxtpx:hr>109</gpxtpx:hr><gpxtpx:cad>87</gpxtpx:cad></gpxtpx:TrackPointExtension><power>210</power></extensions>
      </trkpt>
      <trkpt lat="51.4726598" lon="0.0004917">
        <ele>7.7</ele>
        <time>2026-08-06T11:58:38Z</time>
        <extensions><gpxtpx:TrackPointExtension><gpxtpx:hr>109</gpxtpx:hr><gpxtpx:cad>87</gpxtpx:cad></gpxtpx:TrackPointExtension><power>211</power></extensions>
      </trkpt>
      <trkpt lat="51.4726568" lon="0.0004574">
        <ele>7.6</ele>
        <time>2026-08-06T11:58:39Z</time>
        <extensions><gpxtpx:TrackPointExtension><gpxtpx:hr>110</gpxtpx:hr><gpxtpx:cad>87</gpxtpx:cad></gpxtpx:TrackPointExtension><power>211</power></extensions>
      </trkpt>
      <trkpt lat="51.4726538" lon="0.0004231">
        <ele>7.6</ele>
        <time>2026-08-06T11:58:40Z</time>
        <extensions><gpxtpx:TrackPointExtension><gpxtpx:hr>110</gpxtpx:hr><gpxtpx:cad>87</gpxtpx:cad></gpxtpx:TrackPointExtension><power>212</power></extensions>
      </trkpt>
      <trkpt lat="51.4726510" lon="0.0003887">
        <ele>7.6</ele>
        <time>2026-08-06T11:58:41Z</time>
        <extensions><gpxtpx:TrackPointExtension><gpxtpx:hr>110</gpxtpx:hr><gpxtpx:cad>87</gpxtpx:cad></gpxtpx:TrackPointExtension><power>212</power></extensions>
      </trkpt>
      <trkpt lat="51.4726482" lon="0.0003543">
        <ele>7.6</ele>
        <time>2026-08-06T11:58:42Z</time>
        <extensions><gpxtpx:TrackPointExtension><gpxtpx:hr>110</gpxtpx:hr><gpxtpx:cad>87</gpxtpx:cad></gpxtpx:TrackPointExtension><power>213</power></extensions>
      </trkpt>
      <trkpt lat="51.4726456" lon="0.0003200">
        <ele>7.6</ele>
        <time>2026-08-06T11:58:43Z</time>
        <extensions><gpxtpx:TrackPointExtension><gpxtpx:hr>110</gpxtpx:hr><gpxtpx:cad>87</gpxtpx:cad></gpxtpx:TrackPointExtension><power>213</power></extensions>
      </trkpt>
      <trkpt lat="51.4726431" lon="0.0002855">
        <ele>7.6</ele>
        <time>2026-08-06T11:58:44Z</time>
        <extensions><gpxtpx:TrackPointExtension><gpxtpx:hr>111</gpxtpx:hr><gpxtpx:cad>87</gpxtpx:cad></gpxtpx:TrackPointExtension><power>214</power></extensions>
      </trkpt>
      <trkpt lat="51.4726407" lon="0.0002511">
        <ele>7.6</ele>
        <time>2026-08-06T11:58:45Z</time>
        <extensions><gpxtpx:TrackPointExtension><gpxtpx:hr>111</gpxtpx:hr><gpxtpx:cad>87</gpxtpx:cad></gpxtpx:TrackPointExtension><power>214</power></extensions>
      </trkpt>
      <trkpt lat="51.4726384" lon="0.0002167">
        <ele>7.6</ele>
        <time>2026-08-06T11:58:46Z</time>
        <extensions><gpxtpx:TrackPointExtension><gpxtpx:hr>111</gpxtpx:hr><gpxtpx:cad>87</gpxtpx:cad></gpxtpx:TrackPointExtension><power>215</power></extensions>
      </trkpt>
      <trkpt lat="51.4726362" lon="0.0001822">
        <ele>7.6</ele>
        <time>2026-08-06T11:58:47Z</time>
        <extensions><gpxtpx:TrackPointExtension><gpxtpx:hr>111</gpxtpx:hr><gpxtpx:cad>87</gpxtpx:cad></gpxtpx:TrackPointExtension><power>215</power></extensions>
      </trkpt>
      <trkpt lat="51.4726341" lon="0.0001477">
        <ele>7.6</ele>
        <time>2026-08-06T11:58:48Z</time>
        <extensions><gpxtpx:TrackPointExtension><gpxtpx:hr>112</gpxtpx:hr><gpxtpx:cad>87</gpxtpx:cad></gpxtpx:TrackPointExtension><power>216</power></extensions>
      </trkpt>
      <trkpt lat="51.4726321" lon="0.0001132">
        <ele>7.6</ele>
        <time>2026-08-06T11:58:49Z</time>
        <extensions><gpxtpx:TrackPointExtension><gpxtpx:hr>112</gpxtpx:hr><gpxtpx:cad>87</gpxtpx:cad></gpxtpx:TrackPointExtension><power>217</power></extensions>
      </trkpt>
      <trkpt lat="51.4726302" lon="0.0000786">
        <ele>7.6</ele>
        <time>2026-08-06T11:58:50Z</time>
        <extensions><gpxtpx:TrackPointExtension><gpxtpx:hr>112</gpxtpx:hr><gpxtpx:cad>87</gpxtpx:cad></gpxtpx:TrackPointExtension><power>217</power></extensions>
      </trkpt>
      <trkpt lat="51.4726285" lon="0.0000441">
        <ele>7.6</ele>
        <time>2026-08-06T11:58:51Z</time>
        <extensions><gpxtpx:TrackPointExtension><gpxtpx:hr>112</gpxtpx:hr><gpxtpx:cad>87</gpxtpx:cad></gpxtpx:TrackPointExtension><power>218</power></extensions>
      </trkpt>
      <trkpt lat="51.4726268" lon="0.0000095">
        <ele>7.6</ele>
        <time>2026-08-06T11:58:52Z</time>
        <extensions><gpxtpx:TrackPointExtension><gpxtpx:hr>113</gpxtpx:hr><gpxtpx:cad>87</gpxtpx:cad></gpxtpx:TrackPointExtension><power>218</power></extensions>
      </trkpt>
      <trkpt lat="51.4726253" lon="-0.0000251">
        <ele>7.6</ele>
        <time>2026-08-06T11:58:53Z</time>
        <extensions><gpxtpx:TrackPointExtension><gpxtpx:hr>113</gpxtpx:hr><gpxtpx:cad>87</gpxtpx:cad></gpxtpx:TrackPointExtension><power>219</power></extensions>
      </trkpt>
      <trkpt lat="51.4726238" lon="-0.0000597">
        <ele>7.6</ele>
        <time>2026-08-06T11:58:54Z</time>
        <extensions><gpxtpx:TrackPointExtension><gpxtpx:hr>113</gpxtpx:hr><gpxtpx:cad>88</gpxtpx:cad></gpxtpx:TrackPointExtension><power>219</power></extensions>
      </trkpt>
      <trkpt lat="51.4726225" lon="-0.0000943">
        <ele>7.6</ele>
        <time>2026-08-06T11:58:55Z</time>
        <extensions><gpxtpx:TrackPointExtension><gpxtpx:hr>113</gpxtpx:hr><gpxtpx:cad>88</gpxtpx:cad></gpxtpx:TrackPointExtension><power>220</power></extensions>
      </trkpt>
      <trkpt lat="51.4726213" lon="-0.0001289">
        <ele>7.7</ele>
        <time>2026-08-06T11:58:56Z</time>
        <extensions><gpxtpx:TrackPointExtension><gpxtpx:hr>114</gpxtpx:hr><gpxtpx:cad>88</gpxtpx:cad></gpxtpx:TrackPointExtension><power>221</power></extensions>
      </trkpt>
      <trkpt lat="51.4726202" lon="-0.0001636">
        <ele>7.7</ele>
        <time>2026-08-06T11:58:57Z</time>
        <extensions><gpxtpx:TrackPointExtension><gpxtpx:hr>114</gpxtpx:hr><gpxtpx:cad>88</gpxtpx:cad></gpxtpx:TrackPointExtension><power>221</power></extensions>
      </trkpt>
      <trkpt lat="51.4726192" lon="-0.0001982">
        <ele>7.7</ele>
        <time>2026-08-06T11:58:58Z</time>
        <extensions><gpxtpx:TrackPointExtension><gpxtpx:hr>114</gpxtpx:hr><gpxtpx:cad>88</gpxtpx:cad></gpxtpx:TrackPointExtension><power>222</power></extensions>
      </trkpt>
      <trkpt lat="51.4726183" lon="-0.0002329">
        <ele>7.7</ele>
        <time>2026-08-06T11:58:59Z</time>
        <extensions><gpxtpx:TrackPointExtension><gpxtpx:hr>114</gpxtpx:hr><gpxtpx:cad>88</gpxtpx:cad></gpxtpx:TrackPointExtension><power>222</power></extensions>
      </trkpt>
      <trkpt lat="51.4726175" lon="-0.0002676">
        <ele>7.7</ele>
        <time>2026-08-06T11:59:00Z</time>
        <extensions><gpxtpx:TrackPointExtension><gpxtpx:hr>114</gpxtpx:hr><gpxtpx:cad>88</gpxtpx:cad></gpxtpx:TrackPointExtension><power>223</power></extensions>
      </trkpt>
      <trkpt lat="51.4726168" lon="-0.0003023">
        <ele>7.7</ele>
        <time>2026-08-06T11:59:01Z</time>
        <extensions><gpxtpx:TrackPointExtension><gpxtpx:hr>115</gpxtpx:hr><gpxtpx:cad>88</gpxtpx:cad></gpxtpx:TrackPointExtension><power>223</power></extensions>
      </trkpt>
      <trkpt lat="51.4726163" lon="-0.0003370">
        <ele>7.7</ele>
        <time>2026-08-06T11:59:02Z</time>
        <extensions><gpxtpx:TrackPointExtension><gpxtpx:hr>115</gpxtpx:hr><gpxtpx:cad>88</gpxtpx:cad></gpxtpx:TrackPointExtension><power>224</power></extensions>
      </trkpt>
      <trkpt lat="51.4726158" lon="-0.0003717">
        <ele>7.8</ele>
        <time>2026-08-06T11:59:03Z</time>
        <extensions><gpxtpx:TrackPointExtension><gpxtpx:hr>115</gpxtpx:hr><gpxtpx:cad>88</gpxtpx:cad></gpxtpx:TrackPointExtension><power>225</power></extensions>
      </trkpt>
      <trkpt lat="51.4726155" lon="-0.0004065">
        <ele>7.8</ele>
        <time>2026-08-06T11:59:04Z</time>
        <extensions><gpxtpx:TrackPointExtension><gpxtpx:hr>115</gpxtpx:hr><gpxtpx:cad>88</gpxtpx:cad></gpxtpx:TrackPointExtension><power>225</power></extensions>
      </trkpt>
      <trkpt lat="51.4726152" lon="-0.0004412">
        <ele>7.8</ele>
        <time>2026-08-06T11:59:05Z</time>
        <extensions><gpxtpx:TrackPointExtension><gpxtpx:hr>116</gpxtpx:hr><gpxtpx:cad>88</gpxtpx:cad></gpxtpx:TrackPointExtension><power>226</power></extensions>
      </trkpt>
      <trkpt lat="51.4726151" lon="-0.0004760">
        <ele>7.8</ele>
        <time>2026-08-06T11:59:06Z</time>
        <extensions><gpxtpx:TrackPointExtension><gpxtpx:hr>116</gpxtpx:hr><gpxtpx:cad>88</gpxtpx:cad></gpxtpx:TrackPointExtension><power>226</power></extensions>
      </trkpt>
      <trkpt lat="51.4726151" lon="-0.0005107">
        <ele>7.8</ele>
        <time>2026-08-06T11:59:07Z</time>
        <extensions><gpxtpx:TrackPointExtension><gpxtpx:hr>116</gpxtpx:hr><gpxtpx:cad>88</gpxtpx:cad></gpxtpx:TrackPointExtension><power>227</power></extensions>
      </trkpt>
      <trkpt lat="51.4726151" lon="-0.0005455">
        <ele>7.9</ele>
        <time>2026-08-06T11:59:08Z</time>
        <extensions><gpxtpx:TrackPointExtension><gpxtpx:hr>116</gpxtpx:hr><gpxtpx:cad>88</gpxtpx:cad></gpxtpx:TrackPointExtension><power>228</power></extensions>
      </trkpt>
      <trkpt lat="51.4726153" lon="-0.0005803">
        <ele>7.9</ele>
        <time>2026-08-06T11:59:09Z</time>
        <extensions><gpxtpx:TrackPointExtension><gpxtpx:hr>117</gpxtpx:hr><gpxtpx:cad>88</gpxtpx:cad></gpxtpx:TrackPointExtension><power>228</power></extensions>
      </trkpt>
      <trkpt lat="51.4726157" lon="-0.0006151">
        <ele>7.9</ele>
        <time>2026-08-06T11:59:10Z</time>
        <extensions><gpxtpx:TrackPointExtension><gpxtpx:hr>117</gpxtpx:hr><gpxtpx:cad>88</gpxtpx:cad></gpxtpx:TrackPointExtension><power>229</power></extensions>
      </trkpt>
      <trkpt lat="51.4726161" lon="-0.0006499">
        <ele>8.0</ele>
        <time>2026-08-06T11:59:11Z</time>
        <extensions><gpxtpx:TrackPointExtension><gpxtpx:hr>117</gpxtpx:hr><gpxtpx:cad>88</gpxtpx:cad></gpxtpx:TrackPointExtension><power>229</power></extensions>
      </trkpt>
      <trkpt lat="51.4726166" lon="-0.0006847">
        <ele>8.0</ele>
        <time>2026-08-06T11:59:12Z</time>
        <extensions><gpxtpx:TrackPointExtension><gpxtpx:hr>117</gpxtpx:hr><gpxtpx:cad>88</gpxtpx:cad></gpxtpx:TrackPointExtension><power>230</power></extensions>
      </trkpt>
      <trkpt lat="51.4726172" lon="-0.0007195">
        <ele>8.0</ele>
        <time>2026-08-06T11:59:13Z</time>
        <extensions><gpxtpx:TrackPointExtension><gpxtpx:hr>118</gpxtpx:hr><gpxtpx:cad>88</gpxtpx:cad></gpxtpx:TrackPointExtension><power>231</power></extensions>
      </trkpt>
      <trkpt lat="51.4726180" lon="-0.0007543">
        <ele>8.1</ele>
        <time>2026-08-06T11:59:14Z</time>
        <extensions><gpxtpx:TrackPointExtension><gpxtpx:hr>118</gpxtpx:hr><gpxtpx:cad>88</gpxtpx:cad></gpxtpx:TrackPointExtension><power>231</power></extensions>
      </trkpt>
      <trkpt lat="51.4726188" lon="-0.0007891">
        <ele>8.1</ele>
        <time>2026-08-06T11:59:15Z</time>
        <extensions><gpxtpx:TrackPointExtension><gpxtpx:hr>118</gpxtpx:hr><gpxtpx:cad>88</gpxtpx:cad></gpxtpx:TrackPointExtension><power>232</power></extensions>
      </trkpt>
      <trkpt lat="51.4726198" lon="-0.0008239">
        <ele>8.1</ele>
        <time>2026-08-06T11:59:16Z</time>
        <extensions><gpxtpx:TrackPointExtension><gpxtpx:hr>119</gpxtpx:hr><gpxtpx:cad>88</gpxtpx:cad></gpxtpx:TrackPointExtension><power>232</power></extensions>
      </trkpt>
      <trkpt lat="51.4726209" lon="-0.0008587">
        <ele>8.2</ele>
        <time>2026-08-06T11:59:17Z</time>
        <extensions><gpxtpx:TrackPointExtension><gpxtpx:hr>119</gpxtpx:hr><gpxtpx:cad>88</gpxtpx:cad></gpxtpx:TrackPointExtension><power>233</power></extensions>
      </trkpt>
      <trkpt lat="51.4726221" lon="-0.0008935">
        <ele>8.2</ele>
        <time>2026-08-06T11:59:18Z</time>
        <extensions><gpxtpx:TrackPointExtension><gpxtpx:hr>119</gpxtpx:hr><gpxtpx:cad>88</gpxtpx:cad></gpxtpx:TrackPointExtension><power>233</power></extensions>
      </trkpt>
      <trkpt lat="51.4726234" lon="-0.0009283">
        <ele>8.2</ele>
        <time>2026-08-06T11:59:19Z</time>
        <extensions><gpxtpx:TrackPointExtension><gpxtpx:hr>119</gpxtpx:hr><gpxtpx:cad>88</gpxtpx:cad></gpxtpx:TrackPointExtension><power>234</power></extensions>
      </trkpt>
      <trkpt lat="51.4726248" lon="-0.0009632">
        <ele>8.3</ele>
        <time>2026-08-06T11:59:20Z</time>
        <extensions><gpxtpx:TrackPointExtension><gpxtpx:hr>120</gpxtpx:hr><gpxtpx:cad>88</gpxtpx:cad></gpxtpx:TrackPointExtension><power>235</power></extensions>
      </trkpt>
      <trkpt lat="51.4726263" lon="-0.0009980">
        <ele>8.3</ele>
        <time>2026-08-06T11:59:21Z</time>
        <extensions><gpxtpx:TrackPointExtension><gpxtpx:hr>120</gpxtpx:hr><gpxtpx:cad>88</gpxtpx:cad></gpxtpx:TrackPointExtension><power>235</power></extensions>
      </trkpt>
      <trkpt lat="51.4726279" lon="-0.0010328">
        <ele>8.4</ele>
        <time>2026-08-06T11:59:22Z</time>
        <extensions><gpxtpx:TrackPointExtension><gpxtpx:hr>120</gpxtpx:hr><gpxtpx:cad>88</gpxtpx:cad></gpxtpx:TrackPointExtension><power>236</power></extensions>
      </trkpt>
      <trkpt lat="51.4726297" lon="-0.0010676">
        <ele>8.4</ele>
        <time>2026-08-06T11:59:23Z</time>
        <extensions><gpxtpx:TrackPointExtension><gpxtpx:hr>120</gpxtpx:hr><gpxtpx:cad>88</gpxtpx:cad></gpxtpx:TrackPointExtension><power>236</power></extensions>
      </trkpt>
      <trkpt lat="51.4726315" lon="-0.0011024">
        <ele>8.5</ele>
        <time>2026-08-06T11:59:24Z</time>
        <extensions><gpxtpx:TrackPointExtension><gpxtpx:hr>121</gpxtpx:hr><gpxtpx:cad>88</gpxtpx:cad></gpxtpx:TrackPointExtension><power>237</power></extensions>
      </trkpt>
      <trkpt lat="51.4726335" lon="-0.0011372">
        <ele>8.5</ele>
        <time>2026-08-06T11:59:25Z</time>
        <extensions><gpxtpx:TrackPointExtension><gpxtpx:hr>121</gpxtpx:hr><gpxtpx:cad>88</gpxtpx:cad></gpxtpx:TrackPointExtension><power>237</power></extensions>
      </trkpt>
      <trkpt lat="51.4726355" lon="-0.0011719">
        <ele>8.6</ele>
        <time>2026-08-06T11:59:26Z</time>
        <extensions><gpxtpx:TrackPointExtension><gpxtpx:hr>121</gpxtpx:hr><gpxtpx:cad>88</gpxtpx:cad></gpxtpx:TrackPointExtension><power>238</power></extensions>
      </trkpt>
      <trkpt lat="51.4726377" lon="-0.0012067">
        <ele>8.6</ele>
        <time>2026-08-06T11:59:27Z</time>
        <extensions><gpxtpx:TrackPointExtension><gpxtpx:hr>121</gpxtpx:hr><gpxtpx:cad>88</gpxtpx:cad></gpxtpx:TrackPointExtension><power>238</power></extensions>
      </trkpt>
      <trkpt lat="51.4726400" lon="-0.0012415">
        <ele>8.7</ele>
        <time>2026-08-06T11:59:28Z</time>
        <extensions><gpxtpx:TrackPointExtension><gpxtpx:hr>122</gpxtpx:hr><gpxtpx:cad>88</gpxtpx:cad></gpxtpx:TrackPointExtension><power>239</power></extensions>
      </trkpt>
      <trkpt lat="51.4726424" lon="-0.0012762">
        <ele>8.7</ele>
        <time>2026-08-06T11:59:29Z</time>
        <extensions><gpxtpx:TrackPointExtension><gpxtpx:hr>122</gpxtpx:hr><gpxtpx:cad>88</gpxtpx:cad></gpxtpx:TrackPointExtension><power>239</power></extensions>
      </trkpt>
      <trkpt lat="51.4726449" lon="-0.0013110">
        <ele>8.8</ele>
        <time>2026-08-06T11:59:30Z</time>
        <extensions><gpxtpx:TrackPointExtension><gpxtpx:hr>122</gpxtpx:hr><gpxtpx:cad>88</gpxtpx:cad></gpxtpx:TrackPointExtension><power>240</power></extensions>
      </trkpt>
      <trkpt lat="51.4726476" lon="-0.0013457">
        <ele>8.8</ele>
        <time>2026-08-06T11:59:31Z</time>
        <extensions><gpxtpx:TrackPointExtension><gpxtpx:hr>122</gpxtpx:hr><gpxtpx:cad>88</gpxtpx:cad></gpxtpx:TrackPointExtension><power>240</power></extensions>
      </trkpt>
      <trkpt lat="51.4726503" lon="-0.0013804">
        <ele>8.9</ele>
        <time>2026-08-06T11:59:32Z</time>
        <extensions><gpxtpx:TrackPointExtension><gpxtpx:hr>123</gpxtpx:hr><gpxtpx:cad>88</gpxtpx:cad></gpxtpx:TrackPointExtension><power>241</power></extensions>
      </trkpt>
      <trkpt lat="51.4726531" lon="-0.0014151">
        <ele>9.0</ele>
        <time>2026-08-06T11:59:33Z</time>
        <extensions><gpxtpx:TrackPointExtension><gpxtpx:hr>123</gpxtpx:hr><gpxtpx:cad>88</gpxtpx:cad></gpxtpx:TrackPointExtension><power>241</power></extensions>
      </trkpt>
      <trkpt lat="51.4726561" lon="-0.0014498">
        <ele>9.0</ele>
        <time>2026-08-06T11:59:34Z</time>
        <extensions><gpxtpx:TrackPointExtension><gpxtpx:hr>123</gpxtpx:hr><gpxtpx:cad>88</gpxtpx:cad></gpxtpx:TrackPointExtension><power>242</power></extensions>
      </trkpt>
      <trkpt lat="51.4726592" lon="-0.0014845">
        <ele>9.1</ele>
        <time>2026-08-06T11:59:35Z</time>
        <extensions><gpxtpx:TrackPointExtension><gpxtpx:hr>123</gpxtpx:hr><gpxtpx:cad>88</gpxtpx:cad></gpxtpx:TrackPointExtension><power>242</power></extensions>
      </trkpt>
      <trkpt lat="51.4726623" lon="-0.0015191">
        <ele>9.2</ele>
        <time>2026-08-06T11:59:36Z</time>
        <extensions><gpxtpx:TrackPointExtension><gpxtpx:hr>124</gpxtpx:hr><gpxtpx:cad>88</gpxtpx:cad></gpxtpx:TrackPointExtension><power>243</power></extensions>
      </trkpt>
      <trkpt lat="51.4726656" lon="-0.0015538">
        <ele>9.2</ele>
        <time>2026-08-06T11:59:37Z</time>
        <extensions><gpxtpx:TrackPointExtension><gpxtpx:hr>124</gpxtpx:hr><gpxtpx:cad>88</gpxtpx:cad></gpxtpx:TrackPointExtension><power>243</power></extensions>
      </trkpt>
      <trkpt lat="51.4726690" lon="-0.0015884">
        <ele>9.3</ele>
        <time>2026-08-06T11:59:38Z</time>
        <extensions><gpxtpx:TrackPointExtension><gpxtpx:hr>124</gpxtpx:hr><gpxtpx:cad>88</gpxtpx:cad></gpxtpx:TrackPointExtension><power>244</power></extensions>
      </trkpt>
      <trkpt lat="51.4726725" lon="-0.0016230">
        <ele>9.4</ele>
        <time>2026-08-06T11:59:39Z</time>
        <extensions><gpxtpx:TrackPointExtension><gpxtpx:hr>124</gpxtpx:hr><gpxtpx:cad>88</gpxtpx:cad></gpxtpx:TrackPointExtension><power>244</power></extensions>
      </trkpt>
      <trkpt lat="51.4726762" lon="-0.0016575">
        <ele>9.4</ele>
        <time>2026-08-06T11:59:40Z</time>
        <extensions><gpxtpx:TrackPointExtension><gpxtpx:hr>125</gpxtpx:hr><gpxtpx:cad>88</gpxtpx:cad></gpxtpx:TrackPointExtension><power>244</power></extensions>
      </trkpt>
      <trkpt lat="51.4726799" lon="-0.0016921">
        <ele>9.5</ele>
        <time>2026-08-06T11:59:41Z</time>
        <extensions><gpxtpx:TrackPointExtension><gpxtpx:hr>125</gpxtpx:hr><gpxtpx:cad>88</gpxtpx:cad></gpxtpx:TrackPointExtension><power>245</power></extensions>
      </trkpt>
      <trkpt lat="51.4726837" lon="-0.0017266">
        <ele>9.6</ele>
        <time>2026-08-06T11:59:42Z</time>
        <extensions><gpxtpx:TrackPointExtension><gpxtpx:hr>125</gpxtpx:hr><gpxtpx:cad>88</gpxtpx:cad></gpxtpx:TrackPointExtension><power>245</power></extensions>
      </trkpt>
      <trkpt lat="51.4726877" lon="-0.0017611">
        <ele>9.7</ele>
        <time>2026-08-06T11:59:43Z</time>
        <extensions><gpxtpx:TrackPointExtension><gpxtpx:hr>125</gpxtpx:hr><gpxtpx:cad>88</gpxtpx:cad></gpxtpx:TrackPointExtension><power>246</power></extensions>
      </trkpt>
      <trkpt lat="51.4726917" lon="-0.0017956">
        <ele>9.7</ele>
        <time>2026-08-06T11:59:44Z</time>
        <extensions><gpxtpx:TrackPointExtension><gpxtpx:hr>126</gpxtpx:hr><gpxtpx:cad>88</gpxtpx:cad></gpxtpx:TrackPointExtension><power>246</power></extensions>
      </trkpt>
      <trkpt lat="51.4726959" lon="-0.0018300">
        <ele>9.8</ele>
        <time>2026-08-06T11:59:45Z</time>
        <extensions><gpxtpx:TrackPointExtension><gpxtpx:hr>126</gpxtpx:hr><gpxtpx:cad>88</gpxtpx:cad></gpxtpx:TrackPointExtension><power>247</power></extensions>
      </trkpt>
      <trkpt lat="51.4727002" lon="-0.0018644">
        <ele>9.9</ele>
        <time>2026-08-06T11:59:46Z</time>
        <extensions><gpxtpx:TrackPointExtension><gpxtpx:hr>126</gpxtpx:hr><gpxtpx:cad>88</gpxtpx:cad></gpxtpx:TrackPointExtension><power>247</power></extensions>
      </trkpt>
      <trkpt lat="51.4727046" lon="-0.0018988">
        <ele>10.0</ele>
        <time>2026-08-06T11:59:47Z</time>
        <extensions><gpxtpx:TrackPointExtension><gpxtpx:hr>126</gpxtpx:hr><gpxtpx:cad>88</gpxtpx:cad></gpxtpx:TrackPointExtension><power>247</power></extensions>
      </trkpt>
      <trkpt lat="51.4727091" lon="-0.0019332">
        <ele>10.1</ele>
        <time>2026-08-06T11:59:48Z</time>
        <extensions><gpxtpx:TrackPointExtension><gpxtpx:hr>127</gpxtpx:hr><gpxtpx:cad>88</gpxtpx:cad></gpxtpx:TrackPointExtension><power>248</power></extensions>
      </trkpt>
      <trkpt lat="51.4727137" lon="-0.0019675">
        <ele>10.1</ele>
        <time>2026-08-06T11:59:49Z</time>
        <extensions><gpxtpx:TrackPointExtension><gpxtpx:hr>127</gpxtpx:hr><gpxtpx:cad>88</gpxtpx:cad></gpxtpx:TrackPointExtension><power>248</power></extensions>
      </trkpt>
      <trkpt lat="51.4727184" lon="-0.0020018">
        <ele>10.2</ele>
        <time>2026-08-06T11:59:50Z</time>
        <extensions><gpxtpx:TrackPointExtension><gpxtpx:hr>127</gpxtpx:hr><gpxtpx:cad>88</gpxtpx:cad></gpxtpx:TrackPointExtension><power>248</power></extensions>
      </trkpt>
      <trkpt lat="51.4727232" lon="-0.0020360">
        <ele>10.3</ele>
        <time>2026-08-06T11:59:51Z</time>
        <extensions><gpxtpx:TrackPointExtension><gpxtpx:hr>127</gpxtpx:hr><gpxtpx:cad>88</gpxtpx:cad></gpxtpx:TrackPointExtension><power>249</power></extensions>
      </trkpt>
      <trkpt lat="51.4727282" lon="-0.0020702">
        <ele>10.4</ele>
        <time>2026-08-06T11:59:52Z</time>
        <extensions><gpxtpx:TrackPointExtension><gpxtpx:hr>128</gpxtpx:hr><gpxtpx:cad>88</gpxtpx:cad></gpxtpx:TrackPointExtension><power>249</power></extensions>
      </trkpt>
      <trkpt lat="51.4727332" lon="-0.0021044">
        <ele>10.5</ele>
        <time>2026-08-06T11:59:53Z</time>
        <extensions><gpxtpx:TrackPointExtension><gpxtpx:hr>128</gpxtpx:hr><gpxtpx:cad>88</gpxtpx:cad></gpxtpx:TrackPointExtension><power>249</power></extensions>
      </trkpt>
      <trkpt lat="51.4727384" lon="-0.0021385">
        <ele>10.6</ele>
        <time>2026-08-06T11:59:54Z</time>
        <extensions><gpxtpx:TrackPointExtension><gpxtpx:hr>128</gpxtpx:hr><gpxtpx:cad>88</gpxtpx:cad></gpxtpx:TrackPointExtension><power>250</power></extensions>
      </trkpt>
      <trkpt lat="51.4727436" lon="-0.0021726">
        <ele>10.7</ele>
        <time>2026-08-06T11:59:55Z</time>
        <extensions><gpxtpx:TrackPointExtension><gpxtpx:hr>128</gpxtpx:hr><gpxtpx:cad>87</gpxtpx:cad></gpxtpx:TrackPointExtension><power>250</power></extensions>
      </trkpt>
      <trkpt lat="51.4727490" lon="-0.0022067">
        <ele>10.8</ele>
        <time>2026-08-06T11:59:56Z</time>
        <extensions><gpxtpx:TrackPointExtension><gpxtpx:hr>129</gpxtpx:hr><gpxtpx:cad>87</gpxtpx:cad></gpxtpx:TrackPointExtension><power>250</power></extensions>
      </trkpt>
      <trkpt lat="51.4727545" lon="-0.0022407">
        <ele>10.9</ele>
        <time>2026-08-06T11:59:57Z</time>
        <extensions><gpxtpx:TrackPointExtension><gpxtpx:hr>129</gpxtpx:hr><gpxtpx:cad>87</gpxtpx:cad></gpxtpx:TrackPointExtension><power>250</power></extensions>
      </trkpt>
      <trkpt lat="51.4727601" lon="-0.0022747">
        <ele>11.0</ele>
        <time>2026-08-06T11:59:58Z</time>
        <extensions><gpxtpx:TrackPointExtension><gpxtpx:hr>129</gpxtpx:hr><gpxtpx:cad>87</gpxtpx:cad></gpxtpx:TrackPointExtension><power>251</power></extensions>
      </trkpt>
      <trkpt lat="51.4727658" lon="-0.0023086">
        <ele>11.1</ele>
        <time>2026-08-06T11:59:59Z</time>
        <extensions><gpxtpx:TrackPointExtension><gpxtpx:hr>129</gpxtpx:hr><gpxtpx:cad>87</gpxtpx:cad></gpxtpx:TrackPointExtension><power>251</power></extensions>
      </trkpt>
      <trkpt lat="51.4727716" lon="-0.0023424">
        <ele>11.2</ele>
        <time>2026-08-06T12:00:00Z</time>
        <extensions><gpxtpx:TrackPointExtension><gpxtpx:hr>130</gpxtpx:hr><gpxtpx:cad>87</gpxtpx:cad></gpxtpx:TrackPointExtension><power>251</power></extensions>
      </trkpt>
      <trkpt lat="51.4727775" lon="-0.0023763">
        <ele>11.3</ele>
        <time>2026-08-06T12:00:01Z</time>
        <extensions><gpxtpx:TrackPointExtension><gpxtpx:hr>130</gpxtpx:hr><gpxtpx:cad>87</gpxtpx:cad></gpxtpx:TrackPointExtension><power>251</power></extensions>
      </trkpt>
      <trkpt lat="51.4727835" lon="-0.0024100">
        <ele>11.4</ele>
        <time>2026-08-06T12:00:02Z</time>
        <extensions><gpxtpx:TrackPointExtension><gpxtpx:hr>130</gpxtpx:hr><gpxtpx:cad>87</gpxtpx:cad></gpxtpx:TrackPointExtension><power>252</power></extensions>
      </trkpt>
      <trkpt lat="51.4727897" lon="-0.0024438">
        <ele>11.5</ele>
        <time>2026-08-06T12:00:03Z</time>
        <extensions><gpxtpx:TrackPointExtension><gpxtpx:hr>130</gpxtpx:hr><gpxtpx:cad>87</gpxtpx:cad></gpxtpx:TrackPointExtension><power>252</power></extensions>
      </trkpt>
      <trkpt lat="51.4727959" lon="-0.0024774">
        <ele>11.6</ele>
        <time>2026-08-06T12:00:04Z</time>
        <extensions><gpxtpx:TrackPointExtension><gpxtpx:hr>131</gpxtpx:hr><gpxtpx:cad>87</gpxtpx:cad></gpxtpx:TrackPointExtension><power>252</power></extensions>
      </trkpt>
      <trkpt lat="51.4728022" lon="-0.0025110">
        <ele>11.7</ele>
        <time>2026-08-06T12:00:05Z</time>
        <extensions><gpxtpx:TrackPointExtension><gpxtpx:hr>131</gpxtpx:hr><gpxtpx:cad>87</gpxtpx:cad></gpxtpx:TrackPointExtension><power>252</power></extensions>
      </trkpt>
      <trkpt lat="51.4728087" lon="-0.0025446">
        <ele>11.8</ele>
        <time>2026-08-06T12:00:06Z</time>
        <extensions><gpxtpx:TrackPointExtension><gpxtpx:hr>131</gpxtpx:hr><gpxtpx:cad>87</gpxtpx:cad></gpxtpx:TrackPointExtension><power>252</power></extensions>
      </trkpt>
      <trkpt lat="51.4728152" lon="-0.0025781">
        <ele>11.9</ele>
        <time>2026-08-06T12:00:07Z</time>
        <extensions><gpxtpx:TrackPointExtension><gpxtpx:hr>131</gpxtpx:hr><gpxtpx:cad>87</gpxtpx:cad></gpxtpx:TrackPointExtension><power>252</power></extensions>
      </trkpt>
      <trkpt lat="51.4728219" lon="-0.0026115">
        <ele>12.0</ele>
        <time>2026-08-06T12:00:08Z</time>
        <extensions><gpxtpx:TrackPointExtension><gpxtpx:hr>132</gpxtpx:hr><gpxtpx:cad>87</gpxtpx:cad></gpxtpx:TrackPointExtension><power>253</power></extensions>
      </trkpt>
      <trkpt lat="51.4728287" lon="-0.0026449">
        <ele>12.1</ele>
        <time>2026-08-06T12:00:09Z</time>
        <extensions><gpxtpx:TrackPointExtension><gpxtpx:hr>132</gpxtpx:hr><gpxtpx:cad>87</gpxtpx:cad></gpxtpx:TrackPointExtension><power>253</power></extensions>
      </trkpt>
      <trkpt lat="51.4728355" lon="-0.0026782">
        <ele>12.3</ele>
        <time>2026-08-06T12:00:10Z</time>
        <extensions><gpxtpx:TrackPointExtension><gpxtpx:hr>132</gpxtpx:hr><gpxtpx:cad>87</gpxtpx:cad></gpxtpx:TrackPointExtension><power>253</power></extensions>
      </trkpt>
      <trkpt lat="51.4728425" lon="-0.0027115">
        <ele>12.4</ele>
        <time>2026-08-06T12:00:11Z</time>
        <extensions><gpxtpx:TrackPointExtension><gpxtpx:hr>132</gpxtpx:hr><gpxtpx:cad>87</gpxtpx:cad></gpxtpx:TrackPointExtension><power>253</power></extensions>
      </trkpt>
      <trkpt lat="51.4728496" lon="-0.0027447">
        <ele>12.5</ele>
        <time>2026-08-06T12:00:12Z</time>
        <extensions><gpxtpx:TrackPointExtension><gpxtpx:hr>133</gpxtpx:hr><gpxtpx:cad>87</gpxtpx:cad></gpxtpx:TrackPointExtension><power>253</power></extensions>
      </trkpt>
      <trkpt lat="51.4728568" lon="-0.0027778">
        <ele>12.6</ele>
        <time>2026-08-06T12:00:13Z</time>
        <extensions><gpxtpx:TrackPointExtension><gpxtpx:hr>133</gpxtpx:hr><gpxtpx:cad>87</gpxtpx:cad></gpxtpx:TrackPointExtension><power>253</power></extensions>
      </trkpt>
      <trkpt lat="51.4728641" lon="-0.0028109">
        <ele>12.7</ele>
        <time>2026-08-06T12:00:14Z</time>
        <extensions><gpxtpx:TrackPointExtension><gpxtpx:hr>133</gpxtpx:hr><gpxtpx:cad>86</gpxtpx:cad></gpxtpx:TrackPointExtension><power>253</power></extensions>
      </trkpt>
      <trkpt lat="51.4728714" lon="-0.0028439">
        <ele>12.9</ele>
        <time>2026-08-06T12:00:15Z</time>
        <extensions><gpxtpx:TrackPointExtension><gpxtpx:hr>133</gpxtpx:hr><gpxtpx:cad>86</gpxtpx:cad></gpxtpx:TrackPointExtension><power>253</power></extensions>
      </trkpt>
      <trkpt lat="51.4728789" lon="-0.0028768">
        <ele>13.0</ele>
        <time>2026-08-06T12:00:16Z</time>
        <extensions><gpxtpx:TrackPointExtension><gpxtpx:hr>133</gpxtpx:hr><gpxtpx:cad>86</gpxtpx:cad></gpxtpx:TrackPointExtension><power>253</power></extensions>
      </trkpt>
      <trkpt lat="51.4728865" lon="-0.0029097">
        <ele>13.1</ele>
        <time>2026-08-06T12:00:17Z</time>
        <extensions><gpxtpx:TrackPointExtension><gpxtpx:hr>134</gpxtpx:hr><gpxtpx:cad>86</gpxtpx:cad></gpxtpx:TrackPointExtension><power>253</power></extensions>
      </trkpt>
      <trkpt lat="51.4728942" lon="-0.0029425">
        <ele>13.2</ele>
        <time>2026-08-06T12:00:18Z</time>
        <extensions><gpxtpx:TrackPointExtension><gpxtpx:hr>134</gpxtpx:hr><gpxtpx:cad>86</gpxtpx:cad></gpxtpx:TrackPointExtension><power>253</power></extensions>
      </trkpt>
      <trkpt lat="51.4729020" lon="-0.0029752">
        <ele>13.4</ele>
        <time>2026-08-06T12:00:19Z</time>
        <extensions><gpxtpx:TrackPointExtension><gpxtpx:hr>134</gpxtpx:hr><gpxtpx:cad>86</gpxtpx:cad></gpxtpx:TrackPointExtension><power>254</power></extensions>
      </trkpt>
      <trkpt lat="51.4729099" lon="-0.0030078">
        <ele>13.5</ele>
        <time>2026-08-06T12:00:20Z</time>
        <extensions><gpxtpx:TrackPointExtension><gpxtpx:hr>134</gpxtpx:hr><gpxtpx:cad>86</gpxtpx:cad></gpxtpx:TrackPointExtension><power>254</power></extensions>
      </trkpt>
      <trkpt lat="51.4729179" lon="-0.0030404">
        <ele>13.6</ele>
        <time>2026-08-06T12:00:21Z</time>
        <extensions><gpxtpx:TrackPointExtension><gpxtpx:hr>135</gpxtpx:hr><gpxtpx:cad>86</gpxtpx:cad></gpxtpx:TrackPointExtension><power>254</power></extensions>
      </trkpt>
      <trkpt lat="51.4729260" lon="-0.0030729">
        <ele>13.8</ele>
        <time>2026-08-06T12:00:22Z</time>
        <extensions><gpxtpx:TrackPointExtension><gpxtpx:hr>135</gpxtpx:hr><gpxtpx:cad>86</gpxtpx:cad></gpxtpx:TrackPointExtension><power>254</power></extensions>
      </trkpt>
      <trkpt lat="51.4729342" lon="-0.0031053">
        <ele>13.9</ele>
        <time>2026-08-06T12:00:23Z</time>
        <extensions><gpxtpx:TrackPointExtension><gpxtpx:hr>135</gpxtpx:hr><gpxtpx:cad>86</gpxtpx:cad></gpxtpx:TrackPointExtension><power>254</power></extensions>
      </trkpt>
      <trkpt lat="51.4729425" lon="-0.0031376">
        <ele>14.0</ele>
        <time>2026-08-06T12:00:24Z</time>
        <extensions><gpxtpx:TrackPointExtension><gpxtpx:hr>135</gpxtpx:hr><gpxtpx:cad>86</gpxtpx:cad></gpxtpx:TrackPointExtension><power>254</power></extensions>
      </trkpt>
      <trkpt lat="51.4729509" lon="-0.0031699">
        <ele>14.2</ele>
        <time>2026-08-06T12:00:25Z</time>
        <extensions><gpxtpx:TrackPointExtension><gpxtpx:hr>135</gpxtpx:hr><gpxtpx:cad>86</gpxtpx:cad></gpxtpx:TrackPointExtension><power>254</power></extensions>
      </trkpt>
      <trkpt lat="51.4729594" lon="-0.0032020">
        <ele>14.3</ele>
        <time>2026-08-06T12:00:26Z</time>
        <extensions><gpxtpx:TrackPointExtension><gpxtpx:hr>136</gpxtpx:hr><gpxtpx:cad>86</gpxtpx:cad></gpxtpx:TrackPointExtension><power>253</power></extensions>
      </trkpt>
      <trkpt lat="51.4729680" lon="-0.0032341">
        <ele>14.4</ele>
        <time>2026-08-06T12:00:27Z</time>
        <extensions><gpxtpx:TrackPointExtension><gpxtpx:hr>136</gpxtpx:hr><gpxtpx:cad>86</gpxtpx:cad></gpxtpx:TrackPointExtension><power>253</power></extensions>
      </trkpt>
      <trkpt lat="51.4729767" lon="-0.0032661">
        <ele>14.6</ele>
        <time>2026-08-06T12:00:28Z</time>
        <extensions><gpxtpx:TrackPointExtension><gpxtpx:hr>136</gpxtpx:hr><gpxtpx:cad>86</gpxtpx:cad></gpxtpx:TrackPointExtension><power>253</power></extensions>
      </trkpt>
      <trkpt lat="51.4729855" lon="-0.0032980">
        <ele>14.7</ele>
        <time>2026-08-06T12:00:29Z</time>
        <extensions><gpxtpx:TrackPointExtension><gpxtpx:hr>136</gpxtpx:hr><gpxtpx:cad>86</gpxtpx:cad></gpxtpx:TrackPointExtension><power>253</power></extensions>
      </trkpt>
      <trkpt lat="51.4729944" lon="-0.0033298">
        <ele>14.9</ele>
        <time>2026-08-06T12:00:30Z</time>
        <extensions><gpxtpx:TrackPointExtension><gpxtpx:hr>137</gpxtpx:hr><gpxtpx:cad>86</gpxtpx:cad></gpxtpx:TrackPointExtension><power>253</power></extensions>
      </trkpt>
      <trkpt lat="51.4730034" lon="-0.0033616">
        <ele>15.0</ele>
        <time>2026-08-06T12:00:31Z</time>
        <extensions><gpxtpx:TrackPointExtension><gpxtpx:hr>137</gpxtpx:hr><gpxtpx:cad>86</gpxtpx:cad></gpxtpx:TrackPointExtension><power>253</power></extensions>
      </trkpt>
      <trkpt lat="51.4730125" lon="-0.0033932">
        <ele>15.2</ele>
        <time>2026-08-06T12:00:32Z</time>
        <extensions><gpxtpx:TrackPointExtension><gpxtpx:hr>137</gpxtpx:hr><gpxtpx:cad>86</gpxtpx:cad></gpxtpx:TrackPointExtension><power>253</power></extensions>
      </trkpt>
      <trkpt lat="51.4730216" lon="-0.0034248">
        <ele>15.3</ele>
        <time>2026-08-06T12:00:33Z</time>
        <extensions><gpxtpx:TrackPointExtension><gpxtpx:hr>137</gpxtpx:hr><gpxtpx:cad>85</gpxtpx:cad></gpxtpx:TrackPointExtension><power>253</power></extensions>
      </trkpt>
      <trkpt lat="51.4730309" lon="-0.0034562">
        <ele>15.5</ele>
        <time>2026-08-06T12:00:34Z</time>
        <extensions><gpxtpx:TrackPointExtension><gpxtpx:hr>137</gpxtpx:hr><gpxtpx:cad>85</gpxtpx:cad></gpxtpx:TrackPointExtension><power>253</power></extensions>
      </trkpt>
      <trkpt lat="51.4730403" lon="-0.0034876">
        <ele>15.6</ele>
        <time>2026-08-06T12:00:35Z</time>
        <extensions><gpxtpx:TrackPointExtension><gpxtpx:hr>138</gpxtpx:hr><gpxtpx:cad>85</gpxtpx:cad></gpxtpx:TrackPointExtension><power>253</power></extensions>
      </trkpt>
      <trkpt lat="51.4730497" lon="-0.0035189">
        <ele>15.8</ele>
        <time>2026-08-06T12:00:36Z</time>
        <extensions><gpxtpx:TrackPointExtension><gpxtpx:hr>138</gpxtpx:hr><gpxtpx:cad>85</gpxtpx:cad></gpxtpx:TrackPointExtension><power>253</power></extensions>
      </trkpt>
      <trkpt lat="51.4730592" lon="-0.0035501">
        <ele>15.9</ele>
        <time>2026-08-06T12:00:37Z</time>
        <extensions><gpxtpx:TrackPointExtension><gpxtpx:hr>138</gpxtpx:hr><gpxtpx:cad>85</gpxtpx:cad></gpxtpx:TrackPointExtension><power>252</power></extensions>
      </trkpt>
      <trkpt lat="51.4730689" lon="-0.0035812">
        <ele>16.1</ele>
        <time>2026-08-06T12:00:38Z</time>
        <extensions><gpxtpx:TrackPointExtension><gpxtpx:hr>138</gpxtpx:hr><gpxtpx:cad>85</gpxtpx:cad></gpxtpx:TrackPointExtension><power>252</power></extensions>
      </trkpt>
      <trkpt lat="51.4730786" lon="-0.0036121">
        <ele>16.2</ele>
        <time>2026-08-06T12:00:39Z</time>
        <extensions><gpxtpx:TrackPointExtension><gpxtpx:hr>138</gpxtpx:hr><gpxtpx:cad>85</gpxtpx:cad></gpxtpx:TrackPointExtension><power>252</power></extensions>
      </trkpt>
      <trkpt lat="51.4730884" lon="-0.0036430">
        <ele>16.4</ele>
        <time>2026-08-06T12:00:40Z</time>
        <extensions><gpxtpx:TrackPointExtension><gpxtpx:hr>139</gpxtpx:hr><gpxtpx:cad>85</gpxtpx:cad></gpxtpx:TrackPointExtension><power>252</power></extensions>
      </trkpt>
      <trkpt lat="51.4730983" lon="-0.0036738">
        <ele>16.5</ele>
        <time>2026-08-06T12:00:41Z</time>
        <extensions><gpxtpx:TrackPointExtension><gpxtpx:hr>139</gpxtpx:hr><gpxtpx:cad>85</gpxtpx:cad></gpxtpx:TrackPointExtension><power>252</power></extensions>
      </trkpt>
      <trkpt lat="51.4731083" lon="-0.0037045">
        <ele>16.7</ele>
        <time>2026-08-06T12:00:42Z</time>
        <extensions><gpxtpx:TrackPointExtension><gpxtpx:hr>139</gpxtpx:hr><gpxtpx:cad>85</gpxtpx:cad></gpxtpx:TrackPointExtension><power>252</power></extensions>
      </trkpt>
      <trkpt lat="51.4731184" lon="-0.0037351">
        <ele>16.8</ele>
        <time>2026-08-06T12:00:43Z</time>
        <extensions><gpxtpx:TrackPointExtension><gpxtpx:hr>139</gpxtpx:hr><gpxtpx:cad>85</gpxtpx:cad></gpxtpx:TrackPointExtension><power>251</power></extensions>
      </trkpt>
      <trkpt lat="51.4731286" lon="-0.0037655">
        <ele>17.0</ele>
        <time>2026-08-06T12:00:44Z</time>
        <extensions><gpxtpx:TrackPointExtension><gpxtpx:hr>139</gpxtpx:hr><gpxtpx:cad>85</gpxtpx:cad></gpxtpx:TrackPointExtension><power>251</power></extensions>
      </trkpt>
      <trkpt lat="51.4731389" lon="-0.0037959">
        <ele>17.2</ele>
        <time>2026-08-06T12:00:45Z</time>
        <extensions><gpxtpx:TrackPointExtension><gpxtpx:hr>139</gpxtpx:hr><gpxtpx:cad>85</gpxtpx:cad></gpxtpx:TrackPointExtension><power>251</power></extensions>
      </trkpt>
      <trkpt lat="51.4731492" lon="-0.0038262">
        <ele>17.3</ele>
        <time>2026-08-06T12:00:46Z</time>
        <extensions><gpxtpx:TrackPointExtension><gpxtpx:hr>140</gpxtpx:hr><gpxtpx:cad>85</gpxtpx:cad></gpxtpx:TrackPointExtension><power>251</power></extensions>
      </trkpt>
      <trkpt lat="51.4731597" lon="-0.0038563">
        <ele>17.5</ele>
        <time>2026-08-06T12:00:47Z</time>
        <extensions><gpxtpx:TrackPointExtension><gpxtpx:hr>140</gpxtpx:hr><gpxtpx:cad>85</gpxtpx:cad></gpxtpx:TrackPointExtension><power>251</power></extensions>
      </trkpt>
      <trkpt lat="51.4731702" lon="-0.0038864">
        <ele>17.7</ele>
        <time>2026-08-06T12:00:48Z</time>
        <extensions><gpxtpx:TrackPointExtension><gpxtpx:hr>140</gpxtpx:hr><gpxtpx:cad>85</gpxtpx:cad></gpxtpx:TrackPointExtension><power>250</power></extensions>
      </trkpt>
      <trkpt lat="51.4731808" lon="-0.0039163">
        <ele>17.8</ele>
        <time>2026-08-06T12:00:49Z</time>
        <extensions><gpxtpx:TrackPointExtension><gpxtpx:hr>140</gpxtpx:hr><gpxtpx:cad>85</gpxtpx:cad></gpxtpx:TrackPointExtension><power>250</power></extensions>
      </trkpt>
      <trkpt lat="51.4731915" lon="-0.0039461">
        <ele>18.0</ele>
        <time>2026-08-06T12:00:50Z</time>
        <extensions><gpxtpx:TrackPointExtension><gpxtpx:hr>140</gpxtpx:hr><gpxtpx:cad>85</gpxtpx:cad></gpxtpx:TrackPointExtension><power>250</power></extensions>
      </trkpt>
      <trkpt lat="51.4732022" lon="-0.0039758">
        <ele>18.2</ele>
        <time>2026-08-06T12:00:51Z</time>
        <extensions><gpxtpx:TrackPointExtension><gpxtpx:hr>141</gpxtpx:hr><gpxtpx:cad>85</gpxtpx:cad></gpxtpx:TrackPointExtension><power>250</power></extensions>
      </trkpt>
      <trkpt lat="51.4732131" lon="-0.0040054">
        <ele>18.3</ele>
        <time>2026-08-06T12:00:52Z</time>
        <extensions><gpxtpx:TrackPointExtension><gpxtpx:hr>141</gpxtpx:hr><gpxtpx:cad>85</gpxtpx:cad></gpxtpx:TrackPointExtension><power>250</power></extensions>
      </trkpt>
      <trkpt lat="51.4732240" lon="-0.0040349">
        <ele>18.5</ele>
        <time>2026-08-06T12:00:53Z</time>
        <extensions><gpxtpx:TrackPointExtension><gpxtpx:hr>141</gpxtpx:hr><gpxtpx:cad>85</gpxtpx:cad></gpxtpx:TrackPointExtension><power>249</power></extensions>
      </trkpt>
      <trkpt lat="51.4732351" lon="-0.0040643">
        <ele>18.7</ele>
        <time>2026-08-06T12:00:54Z</time>
        <extensions><gpxtpx:TrackPointExtension><gpxtpx:hr>141</gpxtpx:hr><gpxtpx:cad>85</gpxtpx:cad></gpxtpx:TrackPointExtension><power>249</power></extensions>
      </trkpt>
      <trkpt lat="51.4732462" lon="-0.0040936">
        <ele>18.8</ele>
        <time>2026-08-06T12:00:55Z</time>
        <extensions><gpxtpx:TrackPointExtension><gpxtpx:hr>141</gpxtpx:hr><gpxtpx:cad>85</gpxtpx:cad></gpxtpx:TrackPointExtension><power>249</power></extensions>
      </trkpt>
      <trkpt lat="51.4732573" lon="-0.0041227">
        <ele>19.0</ele>
        <time>2026-08-06T12:00:56Z</time>
        <extensions><gpxtpx:TrackPointExtension><gpxtpx:hr>141</gpxtpx:hr><gpxtpx:cad>85</gpxtpx:cad></gpxtpx:TrackPointExtension><power>249</power></extensions>
      </trkpt>
      <trkpt lat="51.4732686" lon="-0.0041517">
        <ele>19.2</ele>
        <time>2026-08-06T12:00:57Z</time>
        <extensions><gpxtpx:TrackPointExtension><gpxtpx:hr>142</gpxtpx:hr><gpxtpx:cad>84</gpxtpx:cad></gpxtpx:TrackPointExtension><power>248</power></extensions>
      </trkpt>
      <trkpt lat="51.4732799" lon="-0.0041806">
        <ele>19.4</ele>
        <time>2026-08-06T12:00:58Z</time>
        <extensions><gpxtpx:TrackPointExtension><gpxtpx:hr>142</gpxtpx:hr><gpxtpx:cad>84</gpxtpx:cad></gpxtpx:TrackPointExtension><power>248</power></extensions>
      </trkpt>
      <trkpt lat="51.4732914" lon="-0.0042094">
        <ele>19.5</ele>
        <time>2026-08-06T12:00:59Z</time>
        <extensions><gpxtpx:TrackPointExtension><gpxtpx:hr>142</gpxtpx:hr><gpxtpx:cad>84</gpxtpx:cad></gpxtpx:TrackPointExtension><power>248</power></extensions>
      </trkpt>
      <trkpt lat="51.4733029" lon="-0.0042381">
        <ele>19.7</ele>
        <time>2026-08-06T12:01:00Z</time>
        <extensions><gpxtpx:TrackPointExtension><gpxtpx:hr>142</gpxtpx:hr><gpxtpx:cad>84</gpxtpx:cad></gpxtpx:TrackPointExtension><power>248</power></extensions>
      </trkpt>
      <trkpt lat="51.4733144" lon="-0.0042666">
        <ele>19.9</ele>
        <time>2026-08-06T12:01:01Z</time>
        <extensions><gpxtpx:TrackPointExtension><gpxtpx:hr>142</gpxtpx:hr><gpxtpx:cad>84</gpxtpx:cad></gpxtpx:TrackPointExtension><power>247</power></extensions>
      </trkpt>
      <trkpt lat="51.4733261" lon="-0.0042950">
        <ele>20.1</ele>
        <time>2026-08-06T12:01:02Z</time>
        <extensions><gpxtpx:TrackPointExtension><gpxtpx:hr>142</gpxtpx:hr><gpxtpx:cad>84</gpxtpx:cad></gpxtpx:TrackPointExtension><power>247</power></extensions>
      </trkpt>
      <trkpt lat="51.4733378" lon="-0.0043233">
        <ele>20.2</ele>
        <time>2026-08-06T12:01:03Z</time>
        <extensions><gpxtpx:TrackPointExtension><gpxtpx:hr>142</gpxtpx:hr><gpxtpx:cad>84</gpxtpx:cad></gpxtpx:TrackPointExtension><power>247</power></extensions>
      </trkpt>
      <trkpt lat="51.4733496" lon="-0.0043515">
        <ele>20.4</ele>
        <time>2026-08-06T12:01:04Z</time>
        <extensions><gpxtpx:TrackPointExtension><gpxtpx:hr>143</gpxtpx:hr><gpxtpx:cad>84</gpxtpx:cad></gpxtpx:TrackPointExtension><power>246</power></extensions>
      </trkpt>
      <trkpt lat="51.4733615" lon="-0.0043796">
        <ele>20.6</ele>
        <time>2026-08-06T12:01:05Z</time>
        <extensions><gpxtpx:TrackPointExtension><gpxtpx:hr>143</gpxtpx:hr><gpxtpx:cad>84</gpxtpx:cad></gpxtpx:TrackPointExtension><power>246</power></extensions>
      </trkpt>
      <trkpt lat="51.4733734" lon="-0.0044075">
        <ele>20.8</ele>
        <time>2026-08-06T12:01:06Z</time>
        <extensions><gpxtpx:TrackPointExtension><gpxtpx:hr>143</gpxtpx:hr><gpxtpx:cad>84</gpxtpx:cad></gpxtpx:TrackPointExtension><power>246</power></extensions>
      </trkpt>
      <trkpt lat="51.4733854" lon="-0.0044353">
        <ele>21.0</ele>
        <time>2026-08-06T12:01:07Z</time>
        <extensions><gpxtpx:TrackPointExtension><gpxtpx:hr>143</gpxtpx:hr><gpxtpx:cad>84</gpxtpx:cad></gpxtpx:TrackPointExtension><power>246</power></extensions>
      </trkpt>
      <trkpt lat="51.4733975" lon="-0.0044630">
        <ele>21.2</ele>
        <time>2026-08-06T12:01:08Z</time>
        <extensions><gpxtpx:TrackPointExtension><gpxtpx:hr>143</gpxtpx:hr><gpxtpx:cad>84</gpxtpx:cad></gpxtpx:TrackPointExtension><power>245</power></extensions>
      </trkpt>
      <trkpt lat="51.4734097" lon="-0.0044905">
        <ele>21.3</ele>
        <time>2026-08-06T12:01:09Z</time>
        <extensions><gpxtpx:TrackPointExtension><gpxtpx:hr>143</gpxtpx:hr><gpxtpx:cad>84</gpxtpx:cad></gpxtpx:TrackPointExtension><power>245</power></extensions>
      </trkpt>
      <trkpt lat="51.4734219" lon="-0.0045179">
        <ele>21.5</ele>
        <time>2026-08-06T12:01:10Z</time>
        <extensions><gpxtpx:TrackPointExtension><gpxtpx:hr>143</gpxtpx:hr><gpxtpx:cad>84</gpxtpx:cad></gpxtpx:TrackPointExtension><power>245</power></extensions>
      </trkpt>
      <trkpt lat="51.4734342" lon="-0.0045452">
        <ele>21.7</ele>
        <time>2026-08-06T12:01:11Z</time>
        <extensions><gpxtpx:TrackPointExtension><gpxtpx:hr>144</gpxtpx:hr><gpxtpx:cad>84</gpxtpx:cad></gpxtpx:TrackPointExtension><power>244</power></extensions>
      </trkpt>
      <trkpt lat="51.4734465" lon="-0.0045724">
        <ele>21.9</ele>
        <time>2026-08-06T12:01:12Z</time>
        <extensions><gpxtpx:TrackPointExtension><gpxtpx:hr>144</gpxtpx:hr><gpxtpx:cad>84</gpxtpx:cad></gpxtpx:TrackPointExtension><power>244</power></extensions>
      </trkpt>
      <trkpt lat="51.4734590" lon="-0.0045994">
        <ele>22.1</ele>
        <time>2026-08-06T12:01:13Z</time>
        <extensions><gpxtpx:TrackPointExtension><gpxtpx:hr>144</gpxtpx:hr><gpxtpx:cad>84</gpxtpx:cad></gpxtpx:TrackPointExtension><power>244</power></extensions>
      </trkpt>
      <trkpt lat="51.4734715" lon="-0.0046263">
        <ele>22.3</ele>
        <time>2026-08-06T12:01:14Z</time>
        <extensions><gpxtpx:TrackPointExtension><gpxtpx:hr>144</gpxtpx:hr><gpxtpx:cad>84</gpxtpx:cad></gpxtpx:TrackPointExtension><power>244</power></extensions>
      </trkpt>
      <trkpt lat="51.4734840" lon="-0.0046531">
        <ele>22.5</ele>
        <time>2026-08-06T12:01:15Z</time>
        <extensions><gpxtpx:TrackPointExtension><gpxtpx:hr>144</gpxtpx:hr><gpxtpx:cad>84</gpxtpx:cad></gpxtpx:TrackPointExtension><power>243</power></extensions>
      </trkpt>
      <trkpt lat="51.4734967" lon="-0.0046797">
        <ele>22.6</ele>
        <time>2026-08-06T12:01:16Z</time>
        <extensions><gpxtpx:TrackPointExtension><gpxtpx:hr>144</gpxtpx:hr><gpxtpx:cad>84</gpxtpx:cad></gpxtpx:TrackPointExtension><power>243</power></extensions>
      </trkpt>
      <trkpt lat="51.4735094" lon="-0.0047063">
        <ele>22.8</ele>
        <time>2026-08-06T12:01:17Z</time>
        <extensions><gpxtpx:TrackPointExtension><gpxtpx:hr>144</gpxtpx:hr><gpxtpx:cad>84</gpxtpx:cad></gpxtpx:TrackPointExtension><power>243</power></extensions>
      </trkpt>
      <trkpt lat="51.4735221" lon="-0.0047326">
        <ele>23.0</ele>
        <time>2026-08-06T12:01:18Z</time>
        <extensions><gpxtpx:TrackPointExtension><gpxtpx:hr>144</gpxtpx:hr><gpxtpx:cad>84</gpxtpx:cad></gpxtpx:TrackPointExtension><power>242</power></extensions>
      </trkpt>
      <trkpt lat="51.4735349" lon="-0.0047589">
        <ele>23.2</ele>
        <time>2026-08-06T12:01:19Z</time>
        <extensions><gpxtpx:TrackPointExtension><gpxtpx:hr>144</gpxtpx:hr><gpxtpx:cad>84</gpxtpx:cad></gpxtpx:TrackPointExtension><power>242</power></extensions>
      </trkpt>
      <trkpt lat="51.4735478" lon="-0.0047850">
        <ele>23.4</ele>
        <time>2026-08-06T12:01:20Z</time>
        <extensions><gpxtpx:TrackPointExtension><gpxtpx:hr>145</gpxtpx:hr><gpxtpx:cad>84</gpxtpx:cad></gpxtpx:TrackPointExtension><power>242</power></extensions>
      </trkpt>
      <trkpt lat="51.4735608" lon="-0.0048110">
        <ele>23.6</ele>
        <time>2026-08-06T12:01:21Z</time>
        <extensions><gpxtpx:TrackPointExtension><gpxtpx:hr>145</gpxtpx:hr><gpxtpx:cad>84</gpxtpx:cad></gpxtpx:TrackPointExtension><power>242</power></extensions>
      </trkpt>
      <trkpt lat="51.4735738" lon="-0.0048368">
        <ele>23.8</ele>
        <time>2026-08-06T12:01:22Z</time>
        <extensions><gpxtpx:TrackPointExtension><gpxtpx:hr>145</gpxtpx:hr><gpxtpx:cad>84</gpxtpx:cad></gpxtpx:TrackPointExtension><power>241</power></extensions>
      </trkpt>
      <trkpt lat="51.4735868" lon="-0.0048625">
        <ele>24.0</ele>
        <time>2026-08-06T12:01:23Z</time>
        <extensions><gpxtpx:TrackPointExtension><gpxtpx:hr>145</gpxtpx:hr><gpxtpx:cad>84</gpxtpx:cad></gpxtpx:TrackPointExtension><power>241</power></extensions>
      </trkpt>
      <trkpt lat="51.4736000" lon="-0.0048881">
        <ele>24.2</ele>
        <time>2026-08-06T12:01:24Z</time>
        <extensions><gpxtpx:TrackPointExtension><gpxtpx:hr>145</gpxtpx:hr><gpxtpx:cad>84</gpxtpx:cad></gpxtpx:TrackPointExtension><power>241</power></extensions>
      </trkpt>
      <trkpt lat="51.4736131" lon="-0.0049135">
        <ele>24.4</ele>
        <time>2026-08-06T12:01:25Z</time>
        <extensions><gpxtpx:TrackPointExtension><gpxtpx:hr>145</gpxtpx:hr><gpxtpx:cad>84</gpxtpx:cad></gpxtpx:TrackPointExtension><power>240</power></extensions>
      </trkpt>
      <trkpt lat="51.4736264" lon="-0.0049388">
        <ele>24.6</ele>
        <time>2026-08-06T12:01:26Z</time>
        <extensions><gpxtpx:TrackPointExtension><gpxtpx:hr>145</gpxtpx:hr><gpxtpx:cad>84</gpxtpx:cad></gpxtpx:TrackPointExtension><power>240</power></extensions>
      </trkpt>
      <trkpt lat="51.4736397" lon="-0.0049640">
        <ele>24.8</ele>
        <time>2026-08-06T12:01:27Z</time>
        <extensions><gpxtpx:TrackPointExtension><gpxtpx:hr>145</gpxtpx:hr><gpxtpx:cad>84</gpxtpx:cad></gpxtpx:TrackPointExtension><power>240</power></extensions>
      </trkpt>
      <trkpt lat="51.4736531" lon="-0.0049890">
        <ele>24.9</ele>
        <time>2026-08-06T12:01:28Z</time>
        <extensions><gpxtpx:TrackPointExtension><gpxtpx:hr>145</gpxtpx:hr><gpxtpx:cad>84</gpxtpx:cad></gpxtpx:TrackPointExtension><power>240</power></extensions>
      </trkpt>
      <trkpt lat="51.4736665" lon="-0.0050139">
        <ele>25.1</ele>
        <time>2026-08-06T12:01:29Z</time>
        <extensions><gpxtpx:TrackPointExtension><gpxtpx:hr>145</gpxtpx:hr><gpxtpx:cad>84</gpxtpx:cad></gpxtpx:TrackPointExtension><power>239</power></extensions>
      </trkpt>
      <trkpt lat="51.4736799" lon="-0.0050386">
        <ele>25.3</ele>
        <time>2026-08-06T12:01:30Z</time>
        <extensions><gpxtpx:TrackPointExtension><gpxtpx:hr>146</gpxtpx:hr><gpxtpx:cad>84</gpxtpx:cad></gpxtpx:TrackPointExtension><power>239</power></extensions>
      </trkpt>
      <trkpt lat="51.4736935" lon="-0.0050633">
        <ele>25.5</ele>
        <time>2026-08-06T12:01:31Z</time>
        <extensions><gpxtpx:TrackPointExtension><gpxtpx:hr>146</gpxtpx:hr><gpxtpx:cad>84</gpxtpx:cad></gpxtpx:TrackPointExtension><power>239</power></extensions>
      </trkpt>
      <trkpt lat="51.4737070" lon="-0.0050877">
        <ele>25.7</ele>
        <time>2026-08-06T12:01:32Z</time>
        <extensions><gpxtpx:TrackPointExtension><gpxtpx:hr>146</gpxtpx:hr><gpxtpx:cad>84</gpxtpx:cad></gpxtpx:TrackPointExtension><power>238</power></extensions>
      </trkpt>
      <trkpt lat="51.4737207" lon="-0.0051121">
        <ele>25.9</ele>
        <time>2026-08-06T12:01:33Z</time>
        <extensions><gpxtpx:TrackPointExtension><gpxtpx:hr>146</gpxtpx:hr><gpxtpx:cad>84</gpxtpx:cad></gpxtpx:TrackPointExtension><power>238</power></extensions>
      </trkpt>
      <trkpt lat="51.4737344" lon="-0.0051363">
        <ele>26.1</ele>
        <time>2026-08-06T12:01:34Z</time>
        <extensions><gpxtpx:TrackPointExtension><gpxtpx:hr>146</gpxtpx:hr><gpxtpx:cad>84</gpxtpx:cad></gpxtpx:TrackPointExtension><power>238</power></extensions>
      </trkpt>
      <trkpt lat="51.4737481" lon="-0.0051603">
        <ele>26.3</ele>
        <time>2026-08-06T12:01:35Z</time>
        <extensions><gpxtpx:TrackPointExtension><gpxtpx:hr>146</gpxtpx:hr><gpxtpx:cad>84</gpxtpx:cad></gpxtpx:TrackPointExtension><power>238</power></extensions>
      </trkpt>
      <trkpt lat="51.4737619" lon="-0.0051843">
        <ele>26.5</ele>
        <time>2026-08-06T12:01:36Z</time>
        <extensions><gpxtpx:TrackPointExtension><gpxtpx:hr>146</gpxtpx:hr><gpxtpx:cad>84</gpxtpx:cad></gpxtpx:TrackPointExtension><power>237</power></extensions>
      </trkpt>
      <trkpt lat="51.4737757" lon="-0.0052080">
        <ele>26.7</ele>
        <time>2026-08-06T12:01:37Z</time>
        <extensions><gpxtpx:TrackPointExtension><gpxtpx:hr>146</gpxtpx:hr><gpxtpx:cad>84</gpxtpx:cad></gpxtpx:TrackPointExtension><power>237</power></extensions>
      </trkpt>
      <trkpt lat="51.4737896" lon="-0.0052317">
        <ele>26.9</ele>
        <time>2026-08-06T12:01:38Z</time>
        <extensions><gpxtpx:TrackPointExtension><gpxtpx:hr>146</gpxtpx:hr><gpxtpx:cad>84</gpxtpx:cad></gpxtpx:TrackPointExtension><power>237</power></extensions>
      </trkpt>
      <trkpt lat="51.4738035" lon="-0.0052552">
        <ele>27.1</ele>
        <time>2026-08-06T12:01:39Z</time>
        <extensions><gpxtpx:TrackPointExtension><gpxtpx:hr>146</gpxtpx:hr><gpxtpx:cad>84</gpxtpx:cad></gpxtpx:TrackPointExtension><power>236</power></extensions>
      </trkpt>
      <trkpt lat="51.4738175" lon="-0.0052786">
        <ele>27.3</ele>
        <time>2026-08-06T12:01:40Z</time>
        <extensions><gpxtpx:TrackPointExtension><gpxtpx:hr>146</gpxtpx:hr><gpxtpx:cad>84</gpxtpx:cad></gpxtpx:TrackPointExtension><power>236</power></extensions>
      </trkpt>
      <trkpt lat="51.4738316" lon="-0.0053018">
        <ele>27.5</ele>
        <time>2026-08-06T12:01:41Z</time>
        <extensions><gpxtpx:TrackPointExtension><gpxtpx:hr>146</gpxtpx:hr><gpxtpx:cad>84</gpxtpx:cad></gpxtpx:TrackPointExtension><power>236</power></extensions>
      </trkpt>
      <trkpt lat="51.4738456" lon="-0.0053249">
        <ele>27.7</ele>
        <time>2026-08-06T12:01:42Z</time>
        <extensions><gpxtpx:TrackPointExtension><gpxtpx:hr>146</gpxtpx:hr><gpxtpx:cad>84</gpxtpx:cad></gpxtpx:TrackPointExtension><power>236</power></extensions>
      </trkpt>
      <trkpt lat="51.4738598" lon="-0.0053478">
        <ele>27.9</ele>
        <time>2026-08-06T12:01:43Z</time>
        <extensions><gpxtpx:TrackPointExtension><gpxtpx:hr>146</gpxtpx:hr><gpxtpx:cad>84</gpxtpx:cad></gpxtpx:TrackPointExtension><power>235</power></extensions>
      </trkpt>
      <trkpt lat="51.4738740" lon="-0.0053706">
        <ele>28.1</ele>
        <time>2026-08-06T12:01:44Z</time>
        <extensions><gpxtpx:TrackPointExtension><gpxtpx:hr>146</gpxtpx:hr><gpxtpx:cad>84</gpxtpx:cad></gpxtpx:TrackPointExtension><power>235</power></extensions>
      </trkpt>
      <trkpt lat="51.4738882" lon="-0.0053933">
        <ele>28.3</ele>
        <time>2026-08-06T12:01:45Z</time>
        <extensions><gpxtpx:TrackPointExtension><gpxtpx:hr>146</gpxtpx:hr><gpxtpx:cad>84</gpxtpx:cad></gpxtpx:TrackPointExtension><power>235</power></extensions>
      </trkpt>
      <trkpt lat="51.4739024" lon="-0.0054158">
        <ele>28.5</ele>
        <time>2026-08-06T12:01:46Z</time>
        <extensions><gpxtpx:TrackPointExtension><gpxtpx:hr>147</gpxtpx:hr><gpxtpx:cad>84</gpxtpx:cad></gpxtpx:TrackPointExtension><power>235</power></extensions>
      </trkpt>
      <trkpt lat="51.4739168" lon="-0.0054382">
        <ele>28.7</ele>
        <time>2026-08-06T12:01:47Z</time>
        <extensions><gpxtpx:TrackPointExtension><gpxtpx:hr>147</gpxtpx:hr><gpxtpx:cad>84</gpxtpx:cad></gpxtpx:TrackPointExtension><power>234</power></extensions>
      </trkpt>
      <trkpt lat="51.4739311" lon="-0.0054605">
        <ele>28.9</ele>
        <time>2026-08-06T12:01:48Z</time>
        <extensions><gpxtpx:TrackPointExtension><gpxtpx:hr>147</gpxtpx:hr><gpxtpx:cad>84</gpxtpx:cad></gpxtpx:TrackPointExtension><power>234</power></extensions>
      </trkpt>
      <trkpt lat="51.4739455" lon="-0.0054826">
        <ele>29.1</ele>
        <time>2026-08-06T12:01:49Z</time>
        <extensions><gpxtpx:TrackPointExtension><gpxtpx:hr>147</gpxtpx:hr><gpxtpx:cad>84</gpxtpx:cad></gpxtpx:TrackPointExtension><power>234</power></extensions>
      </trkpt>
      <trkpt lat="51.4739600" lon="-0.0055046">
        <ele>29.3</ele>
        <time>2026-08-06T12:01:50Z</time>
        <extensions><gpxtpx:TrackPointExtension><gpxtpx:hr>147</gpxtpx:hr><gpxtpx:cad>84</gpxtpx:cad></gpxtpx:TrackPointExtension><power>234</power></extensions>
      </trkpt>
      <trkpt lat="51.4739744" lon="-0.0055264">
        <ele>29.5</ele>
        <time>2026-08-06T12:01:51Z</time>
        <extensions><gpxtpx:TrackPointExtension><gpxtpx:hr>147</gpxtpx:hr><gpxtpx:cad>84</gpxtpx:cad></gpxtpx:TrackPointExtension><power>233</power></extensions>
      </trkpt>
      <trkpt lat="51.4739890" lon="-0.0055481">
        <ele>29.6</ele>
        <time>2026-08-06T12:01:52Z</time>
        <extensions><gpxtpx:TrackPointExtension><gpxtpx:hr>147</gpxtpx:hr><gpxtpx:cad>84</gpxtpx:cad></gpxtpx:TrackPointExtension><power>233</power></extensions>
      </trkpt>
      <trkpt lat="51.4740035" lon="-0.0055696">
        <ele>29.8</ele>
        <time>2026-08-06T12:01:53Z</time>
        <extensions><gpxtpx:TrackPointExtension><gpxtpx:hr>147</gpxtpx:hr><gpxtpx:cad>84</gpxtpx:cad></gpxtpx:TrackPointExtension><power>233</power></extensions>
      </trkpt>
      <trkpt lat="51.4740181" lon="-0.0055911">
        <ele>30.0</ele>
        <time>2026-08-06T12:01:54Z</time>
        <extensions><gpxtpx:TrackPointExtension><gpxtpx:hr>147</gpxtpx:hr><gpxtpx:cad>84</gpxtpx:cad></gpxtpx:TrackPointExtension><power>233</power></extensions>
      </trkpt>
      <trkpt lat="51.4740328" lon="-0.0056123">
        <ele>30.2</ele>
        <time>2026-08-06T12:01:55Z</time>
        <extensions><gpxtpx:TrackPointExtension><gpxtpx:hr>147</gpxtpx:hr><gpxtpx:cad>84</gpxtpx:cad></gpxtpx:TrackPointExtension><power>232</power></extensions>
      </trkpt>
      <trkpt lat="51.4740475" lon="-0.0056335">
        <ele>30.4</ele>
        <time>2026-08-06T12:01:56Z</time>
        <extensions><gpxtpx:TrackPointExtension><gpxtpx:hr>147</gpxtpx:hr><gpxtpx:cad>84</gpxtpx:cad></gpxtpx:TrackPointExtension><power>232</power></extensions>
      </trkpt>
      <trkpt lat="51.4740622" lon="-0.0056545">
        <ele>30.6</ele>
        <time>2026-08-06T12:01:57Z</time>
        <extensions><gpxtpx:TrackPointExtension><gpxtpx:hr>147</gpxtpx:hr><gpxtpx:cad>84</gpxtpx:cad></gpxtpx:TrackPointExtension><power>232</power></extensions>
      </trkpt>
      <trkpt lat="51.4740770" lon="-0.0056753">
        <ele>30.8</ele>
        <time>2026-08-06T12:01:58Z</time>
        <extensions><gpxtpx:TrackPointExtension><gpxtpx:hr>147</gpxtpx:hr><gpxtpx:cad>84</gpxtpx:cad></gpxtpx:TrackPointExtension><power>232</power></extensions>
      </trkpt>
      <trkpt lat="51.4740918" lon="-0.0056960">
        <ele>31.0</ele>
        <time>2026-08-06T12:01:59Z</time>
        <extensions><gpxtpx:TrackPointExtension><gpxtpx:hr>147</gpxtpx:hr><gpxtpx:cad>84</gpxtpx:cad></gpxtpx:TrackPointExtension><power>232</power></extensions>
      </trkpt>
      <trkpt lat="51.4741066" lon="-0.0057166">
        <ele>31.2</ele>
        <time>2026-08-06T12:02:00Z</time>
        <extensions><gpxtpx:TrackPointExtension><gpxtpx:hr>147</gpxtpx:hr><gpxtpx:cad>84</gpxtpx:cad></gpxtpx:TrackPointExtension><power>231</power></extensions>
      </trkpt>
      <trkpt lat="51.4741215" lon="-0.0057371">
        <ele>31.4</ele>
        <time>2026-08-06T12:02:01Z</time>
        <extensions><gpxtpx:TrackPointExtension><gpxtpx:hr>147</gpxtpx:hr><gpxtpx:cad>84</gpxtpx:cad></gpxtpx:TrackPointExtension><power>231</power></extensions>
      </trkpt>
      <trkpt lat="51.4741364" lon="-0.0057574">
        <ele>31.6</ele>
        <time>2026-08-06T12:02:02Z</time>
        <extensions><gpxtpx:TrackPointExtension><gpxtpx:hr>147</gpxtpx:hr><gpxtpx:cad>84</gpxtpx:cad></gpxtpx:TrackPointExtension><power>231</power></extensions>
      </trkpt>
      <trkpt lat="51.4741514" lon="-0.0057776">
        <ele>31.8</ele>
        <time>2026-08-06T12:02:03Z</time>
        <extensions><gpxtpx:TrackPointExtension><gpxtpx:hr>147</gpxtpx:hr><gpxtpx:cad>84</gpxtpx:cad></gpxtpx:TrackPointExtension><power>231</power></extensions>
      </trkpt>
      <trkpt lat="51.4741664" lon="-0.0057976">
        <ele>32.0</ele>
        <time>2026-08-06T12:02:04Z</time>
        <extensions><gpxtpx:TrackPointExtension><gpxtpx:hr>147</gpxtpx:hr><gpxtpx:cad>84</gpxtpx:cad></gpxtpx:TrackPointExtension><power>230</power></extensions>
      </trkpt>
      <trkpt lat="51.4741814" lon="-0.0058175">
        <ele>32.2</ele>
        <time>2026-08-06T12:02:05Z</time>
        <extensions><gpxtpx:TrackPointExtension><gpxtpx:hr>147</gpxtpx:hr><gpxtpx:cad>84</gpxtpx:cad></gpxtpx:TrackPointExtension><power>230</power></extensions>
      </trkpt>
      <trkpt lat="51.4741965" lon="-0.0058372">
        <ele>32.3</ele>
        <time>2026-08-06T12:02:06Z</time>
        <extensions><gpxtpx:TrackPointExtension><gpxtpx:hr>147</gpxtpx:hr><gpxtpx:cad>84</gpxtpx:cad></gpxtpx:TrackPointExtension><power>230</power></extensions>
      </trkpt>
      <trkpt lat="51.4742116" lon="-0.0058569">
        <ele>32.5</ele>
        <time>2026-08-06T12:02:07Z</time>
        <extensions><gpxtpx:TrackPointExtension><gpxtpx:hr>147</gpxtpx:hr><gpxtpx:cad>84</gpxtpx:cad></gpxtpx:TrackPointExtension><power>230</power></extensions>
      </trkpt>
      <trkpt lat="51.4742267" lon="-0.0058763">
        <ele>32.7</ele>
        <time>2026-08-06T12:02:08Z</time>
        <extensions><gpxtpx:TrackPointExtension><gpxtpx:hr>147</gpxtpx:hr><gpxtpx:cad>84</gpxtpx:cad></gpxtpx:TrackPointExtension><power>230</power></extensions>
      </trkpt>
      <trkpt lat="51.4742418" lon="-0.0058957">
        <ele>32.9</ele>
        <time>2026-08-06T12:02:09Z</time>
        <extensions><gpxtpx:TrackPointExtension><gpxtpx:hr>147</gpxtpx:hr><gpxtpx:cad>84</gpxtpx:cad></gpxtpx:TrackPointExtension><power>229</power></extensions>
      </trkpt>
      <trkpt lat="51.4742570" lon="-0.0059149">
        <ele>33.1</ele>
        <time>2026-08-06T12:02:10Z</time>
        <extensions><gpxtpx:TrackPointExtension><gpxtpx:hr>147</gpxtpx:hr><gpxtpx:cad>84</gpxtpx:cad></gpxtpx:TrackPointExtension><power>229</power></extensions>
      </trkpt>
      <trkpt lat="51.4742723" lon="-0.0059340">
        <ele>33.3</ele>
        <time>2026-08-06T12:02:11Z</time>
        <extensions><gpxtpx:TrackPointExtension><gpxtpx:hr>147</gpxtpx:hr><gpxtpx:cad>84</gpxtpx:cad></gpxtpx:TrackPointExtension><power>229</power></extensions>
      </trkpt>
      <trkpt lat="51.4742875" lon="-0.0059529">
        <ele>33.5</ele>
        <time>2026-08-06T12:02:12Z</time>
        <extensions><gpxtpx:TrackPointExtension><gpxtpx:hr>147</gpxtpx:hr><gpxtpx:cad>84</gpxtpx:cad></gpxtpx:TrackPointExtension><power>229</power></extensions>
      </trkpt>
      <trkpt lat="51.4743028" lon="-0.0059717">
        <ele>33.7</ele>
        <time>2026-08-06T12:02:13Z</time>
        <extensions><gpxtpx:TrackPointExtension><gpxtpx:hr>147</gpxtpx:hr><gpxtpx:cad>84</gpxtpx:cad></gpxtpx:TrackPointExtension><power>229</power></extensions>
      </trkpt>
      <trkpt lat="51.4743182" lon="-0.0059904">
        <ele>33.8</ele>
        <time>2026-08-06T12:02:14Z</time>
        <extensions><gpxtpx:TrackPointExtension><gpxtpx:hr>147</gpxtpx:hr><gpxtpx:cad>84</gpxtpx:cad></gpxtpx:TrackPointExtension><power>228</power></extensions>
      </trkpt>
      <trkpt lat="51.4743335" lon="-0.0060090">
        <ele>34.0</ele>
        <time>2026-08-06T12:02:15Z</time>
        <extensions><gpxtpx:TrackPointExtension><gpxtpx:hr>147</gpxtpx:hr><gpxtpx:cad>84</gpxtpx:cad></gpxtpx:TrackPointExtension><power>228</power></extensions>
      </trkpt>
      <trkpt lat="51.4743489" lon="-0.0060274">
        <ele>34.2</ele>
        <time>2026-08-06T12:02:16Z</time>
        <extensions><gpxtpx:TrackPointExtension><gpxtpx:hr>147</gpxtpx:hr><gpxtpx:cad>83</gpxtpx:cad></gpxtpx:TrackPointExtension><power>228</power></extensions>
      </trkpt>
      <trkpt lat="51.4743644" lon="-0.0060456">
        <ele>34.4</ele>
        <time>2026-08-06T12:02:17Z</time>
        <extensions><gpxtpx:TrackPointExtension><gpxtpx:hr>147</gpxtpx:hr><gpxtpx:cad>83</gpxtpx:cad></gpxtpx:TrackPointExtension><power>228</power></extensions>
      </trkpt>
      <trkpt lat="51.4743798" lon="-0.0060638">
        <ele>34.6</ele>
        <time>2026-08-06T12:02:18Z</time>
        <extensions><gpxtpx:TrackPointExtension><gpxtpx:hr>146</gpxtpx:hr><gpxtpx:cad>83</gpxtpx:cad></gpxtpx:TrackPointExtension><power>228</power></extensions>
      </trkpt>
      <trkpt lat="51.4743953" lon="-0.0060818">
        <ele>34.7</ele>
        <time>2026-08-06T12:02:19Z</time>
        <extensions><gpxtpx:TrackPointExtension><gpxtpx:hr>146</gpxtpx:hr><gpxtpx:cad>83</gpxtpx:cad></gpxtpx:TrackPointExtension><power>227</power></extensions>
      </trkpt>
      <trkpt lat="51.4744108" lon="-0.0060996">
        <ele>34.9</ele>
        <time>2026-08-06T12:02:20Z</time>
        <extensions><gpxtpx:TrackPointExtension><gpxtpx:hr>146</gpxtpx:hr><gpxtpx:cad>83</gpxtpx:cad></gpxtpx:TrackPointExtension><power>227</power></extensions>
      </trkpt>
      <trkpt lat="51.4744264" lon="-0.0061174">
        <ele>35.1</ele>
        <time>2026-08-06T12:02:21Z</time>
        <extensions><gpxtpx:TrackPointExtension><gpxtpx:hr>146</gpxtpx:hr><gpxtpx:cad>83</gpxtpx:cad></gpxtpx:TrackPointExtension><power>227</power></extensions>
      </trkpt>
      <trkpt lat="51.4744420" lon="-0.0061350">
        <ele>35.3</ele>
        <time>2026-08-06T12:02:22Z</time>
        <extensions><gpxtpx:TrackPointExtension><gpxtpx:hr>146</gpxtpx:hr><gpxtpx:cad>83</gpxtpx:cad></gpxtpx:TrackPointExtension><power>227</power></extensions>
      </trkpt>
      <trkpt lat="51.4744576" lon="-0.0061525">
        <ele>35.5</ele>
        <time>2026-08-06T12:02:23Z</time>
        <extensions><gpxtpx:TrackPointExtension><gpxtpx:hr>146</gpxtpx:hr><gpxtpx:cad>83</gpxtpx:cad></gpxtpx:TrackPointExtension><power>226</power></extensions>
      </trkpt>
      <trkpt lat="51.4744732" lon="-0.0061698">
        <ele>35.6</ele>
        <time>2026-08-06T12:02:24Z</time>
        <extensions><gpxtpx:TrackPointExtension><gpxtpx:hr>146</gpxtpx:hr><gpxtpx:cad>83</gpxtpx:cad></gpxtpx:TrackPointExtension><power>226</power></extensions>
      </trkpt>
      <trkpt lat="51.4744889" lon="-0.0061870">
        <ele>35.8</ele>
        <time>2026-08-06T12:02:25Z</time>
        <extensions><gpxtpx:TrackPointExtension><gpxtpx:hr>146</gpxtpx:hr><gpxtpx:cad>83</gpxtpx:cad></gpxtpx:TrackPointExtension><power>226</power></extensions>
      </trkpt>
      <trkpt lat="51.4745046" lon="-0.0062041">
        <ele>36.0</ele>
        <time>2026-08-06T12:02:26Z</time>
        <extensions><gpxtpx:TrackPointExtension><gpxtpx:hr>146</gpxtpx:hr><gpxtpx:cad>83</gpxtpx:cad></gpxtpx:TrackPointExtension><power>226</power></extensions>
      </trkpt>
      <trkpt lat="51.4745204" lon="-0.0062211">
        <ele>36.2</ele>
        <time>2026-08-06T12:02:27Z</time>
        <extensions><gpxtpx:TrackPointExtension><gpxtpx:hr>146</gpxtpx:hr><gpxtpx:cad>83</gpxtpx:cad></gpxtpx:TrackPointExtension><power>226</power></extensions>
      </trkpt>
      <trkpt lat="51.4745361" lon="-0.0062379">
        <ele>36.3</ele>
        <time>2026-08-06T12:02:28Z</time>
        <extensions><gpxtpx:TrackPointExtension><gpxtpx:hr>146</gpxtpx:hr><gpxtpx:cad>83</gpxtpx:cad></gpxtpx:TrackPointExtension><power>225</power></extensions>
      </trkpt>
      <trkpt lat="51.4745519" lon="-0.0062546">
        <ele>36.5</ele>
        <time>2026-08-06T12:02:29Z</time>
        <extensions><gpxtpx:TrackPointExtension><gpxtpx:hr>146</gpxtpx:hr><gpxtpx:cad>83</gpxtpx:cad></gpxtpx:TrackPointExtension><power>225</power></extensions>
      </trkpt>
      <trkpt lat="51.4745677" lon="-0.0062711">
        <ele>36.7</ele>
        <time>2026-08-06T12:02:30Z</time>
        <extensions><gpxtpx:TrackPointExtension><gpxtpx:hr>146</gpxtpx:hr><gpxtpx:cad>83</gpxtpx:cad></gpxtpx:TrackPointExtension><power>225</power></extensions>
      </trkpt>
      <trkpt lat="51.4745836" lon="-0.0062876">
        <ele>36.8</ele>
        <time>2026-08-06T12:02:31Z</time>
        <extensions><gpxtpx:TrackPointExtension><gpxtpx:hr>146</gpxtpx:hr><gpxtpx:cad>83</gpxtpx:cad></gpxtpx:TrackPointExtension><power>225</power></extensions>
      </trkpt>
      <trkpt lat="51.4745995" lon="-0.0063039">
        <ele>37.0</ele>
        <time>2026-08-06T12:02:32Z</time>
        <extensions><gpxtpx:TrackPointExtension><gpxtpx:hr>146</gpxtpx:hr><gpxtpx:cad>83</gpxtpx:cad></gpxtpx:TrackPointExtension><power>224</power></extensions>
      </trkpt>
      <trkpt lat="51.4746154" lon="-0.0063200">
        <ele>37.2</ele>
        <time>2026-08-06T12:02:33Z</time>
        <extensions><gpxtpx:TrackPointExtension><gpxtpx:hr>146</gpxtpx:hr><gpxtpx:cad>83</gpxtpx:cad></gpxtpx:TrackPointExtension><power>224</power></extensions>
      </trkpt>
      <trkpt lat="51.4746313" lon="-0.0063361">
        <ele>37.3</ele>
        <time>2026-08-06T12:02:34Z</time>
        <extensions><gpxtpx:TrackPointExtension><gpxtpx:hr>145</gpxtpx:hr><gpxtpx:cad>83</gpxtpx:cad></gpxtpx:TrackPointExtension><power>224</power></extensions>
      </trkpt>
      <trkpt lat="51.4746473" lon="-0.0063520">
        <ele>37.5</ele>
        <time>2026-08-06T12:02:35Z</time>
        <extensions><gpxtpx:TrackPointExtension><gpxtpx:hr>145</gpxtpx:hr><gpxtpx:cad>83</gpxtpx:cad></gpxtpx:TrackPointExtension><power>224</power></extensions>
      </trkpt>
      <trkpt lat="51.4746633" lon="-0.0063678">
        <ele>37.7</ele>
        <time>2026-08-06T12:02:36Z</time>
        <extensions><gpxtpx:TrackPointExtension><gpxtpx:hr>145</gpxtpx:hr><gpxtpx:cad>83</gpxtpx:cad></gpxtpx:TrackPointExtension><power>224</power></extensions>
      </trkpt>
      <trkpt lat="51.4746793" lon="-0.0063835">
        <ele>37.8</ele>
        <time>2026-08-06T12:02:37Z</time>
        <extensions><gpxtpx:TrackPointExtension><gpxtpx:hr>145</gpxtpx:hr><gpxtpx:cad>83</gpxtpx:cad></gpxtpx:TrackPointExtension><power>223</power></extensions>
      </trkpt>
      <trkpt lat="51.4746953" lon="-0.0063990">
        <ele>38.0</ele>
        <time>2026-08-06T12:02:38Z</time>
        <extensions><gpxtpx:TrackPointExtension><gpxtpx:hr>145</gpxtpx:hr><gpxtpx:cad>83</gpxtpx:cad></gpxtpx:TrackPointExtension><power>223</power></extensions>
      </trkpt>
      <trkpt lat="51.4747114" lon="-0.0064144">
        <ele>38.1</ele>
        <time>2026-08-06T12:02:39Z</time>
        <extensions><gpxtpx:TrackPointExtension><gpxtpx:hr>145</gpxtpx:hr><gpxtpx:cad>83</gpxtpx:cad></gpxtpx:TrackPointExtension><power>223</power></extensions>
      </trkpt>
      <trkpt lat="51.4747275" lon="-0.0064297">
        <ele>38.3</ele>
        <time>2026-08-06T12:02:40Z</time>
        <extensions><gpxtpx:TrackPointExtension><gpxtpx:hr>145</gpxtpx:hr><gpxtpx:cad>83</gpxtpx:cad></gpxtpx:TrackPointExtension><power>223</power></extensions>
      </trkpt>
      <trkpt lat="51.4747437" lon="-0.0064449">
        <ele>38.4</ele>
        <time>2026-08-06T12:02:41Z</time>
        <extensions><gpxtpx:TrackPointExtension><gpxtpx:hr>145</gpxtpx:hr><gpxtpx:cad>83</gpxtpx:cad></gpxtpx:TrackPointExtension><power>222</power></extensions>
      </trkpt>
      <trkpt lat="51.4747598" lon="-0.0064599">
        <ele>38.6</ele>
        <time>2026-08-06T12:02:42Z</time>
        <extensions><gpxtpx:TrackPointExtension><gpxtpx:hr>145</gpxtpx:hr><gpxtpx:cad>83</gpxtpx:cad></gpxtpx:TrackPointExtension><power>222</power></extensions>
      </trkpt>
      <trkpt lat="51.4747760" lon="-0.0064748">
        <ele>38.8</ele>
        <time>2026-08-06T12:02:43Z</time>
        <extensions><gpxtpx:TrackPointExtension><gpxtpx:hr>145</gpxtpx:hr><gpxtpx:cad>83</gpxtpx:cad></gpxtpx:TrackPointExtension><power>222</power></extensions>
      </trkpt>
      <trkpt lat="51.4747922" lon="-0.0064896">
        <ele>38.9</ele>
        <time>2026-08-06T12:02:44Z</time>
        <extensions><gpxtpx:TrackPointExtension><gpxtpx:hr>144</gpxtpx:hr><gpxtpx:cad>83</gpxtpx:cad></gpxtpx:TrackPointExtension><power>222</power></extensions>
      </trkpt>
      <trkpt lat="51.4748085" lon="-0.0065043">
        <ele>39.1</ele>
        <time>2026-08-06T12:02:45Z</time>
        <extensions><gpxtpx:TrackPointExtension><gpxtpx:hr>144</gpxtpx:hr><gpxtpx:cad>82</gpxtpx:cad></gpxtpx:TrackPointExtension><power>221</power></extensions>
      </trkpt>
      <trkpt lat="51.4748247" lon="-0.0065188">
        <ele>39.2</ele>
        <time>2026-08-06T12:02:46Z</time>
        <extensions><gpxtpx:TrackPointExtension><gpxtpx:hr>144</gpxtpx:hr><gpxtpx:cad>82</gpxtpx:cad></gpxtpx:TrackPointExtension><power>221</power></extensions>
      </trkpt>
      <trkpt lat="51.4748410" lon="-0.0065332">
        <ele>39.3</ele>
        <time>2026-08-06T12:02:47Z</time>
        <extensions><gpxtpx:TrackPointExtension><gpxtpx:hr>144</gpxtpx:hr><gpxtpx:cad>82</gpxtpx:cad></gpxtpx:TrackPointExtension><power>221</power></extensions>
      </trkpt>
      <trkpt lat="51.4748574" lon="-0.0065475">
        <ele>39.5</ele>
        <time>2026-08-06T12:02:48Z</time>
        <extensions><gpxtpx:TrackPointExtension><gpxtpx:hr>144</gpxtpx:hr><gpxtpx:cad>82</gpxtpx:cad></gpxtpx:TrackPointExtension><power>220</power></extensions>
      </trkpt>
      <trkpt lat="51.4748737" lon="-0.0065617">
        <ele>39.6</ele>
        <time>2026-08-06T12:02:49Z</time>
        <extensions><gpxtpx:TrackPointExtension><gpxtpx:hr>144</gpxtpx:hr><gpxtpx:cad>82</gpxtpx:cad></gpxtpx:TrackPointExtension><power>220</power></extensions>
      </trkpt>
      <trkpt lat="51.4748901" lon="-0.0065758">
        <ele>39.8</ele>
        <time>2026-08-06T12:02:50Z</time>
        <extensions><gpxtpx:TrackPointExtension><gpxtpx:hr>144</gpxtpx:hr><gpxtpx:cad>82</gpxtpx:cad></gpxtpx:TrackPointExtension><power>220</power></extensions>
      </trkpt>
      <trkpt lat="51.4749065" lon="-0.0065897">
        <ele>39.9</ele>
        <time>2026-08-06T12:02:51Z</time>
        <extensions><gpxtpx:TrackPointExtension><gpxtpx:hr>144</gpxtpx:hr><gpxtpx:cad>82</gpxtpx:cad></gpxtpx:TrackPointExtension><power>220</power></extensions>
      </trkpt>
      <trkpt lat="51.4749230" lon="-0.0066035">
        <ele>40.1</ele>
        <time>2026-08-06T12:02:52Z</time>
        <extensions><gpxtpx:TrackPointExtension><gpxtpx:hr>144</gpxtpx:hr><gpxtpx:cad>82</gpxtpx:cad></gpxtpx:TrackPointExtension><power>219</power></extensions>
      </trkpt>
      <trkpt lat="51.4749394" lon="-0.0066172">
        <ele>40.2</ele>
        <time>2026-08-06T12:02:53Z</time>
        <extensions><gpxtpx:TrackPointExtension><gpxtpx:hr>143</gpxtpx:hr><gpxtpx:cad>82</gpxtpx:cad></gpxtpx:TrackPointExtension><power>219</power></extensions>
      </trkpt>
      <trkpt lat="51.4749559" lon="-0.0066307">
        <ele>40.3</ele>
        <time>2026-08-06T12:02:54Z</time>
        <extensions><gpxtpx:TrackPointExtension><gpxtpx:hr>143</gpxtpx:hr><gpxtpx:cad>82</gpxtpx:cad></gpxtpx:TrackPointExtension><power>219</power></extensions>
      </trkpt>
      <trkpt lat="51.4749725" lon="-0.0066442">
        <ele>40.5</ele>
        <time>2026-08-06T12:02:55Z</time>
        <extensions><gpxtpx:TrackPointExtension><gpxtpx:hr>143</gpxtpx:hr><gpxtpx:cad>82</gpxtpx:cad></gpxtpx:TrackPointExtension><power>218</power></extensions>
      </trkpt>
      <trkpt lat="51.4749890" lon="-0.0066575">
        <ele>40.6</ele>
        <time>2026-08-06T12:02:56Z</time>
        <extensions><gpxtpx:TrackPointExtension><gpxtpx:hr>143</gpxtpx:hr><gpxtpx:cad>82</gpxtpx:cad></gpxtpx:TrackPointExtension><power>218</power></extensions>
      </trkpt>
      <trkpt lat="51.4750056" lon="-0.0066707">
        <ele>40.7</ele>
        <time>2026-08-06T12:02:57Z</time>
        <extensions><gpxtpx:TrackPointExtension><gpxtpx:hr>143</gpxtpx:hr><gpxtpx:cad>82</gpxtpx:cad></gpxtpx:TrackPointExtension><power>218</power></extensions>
      </trkpt>
      <trkpt lat="51.4750222" lon="-0.0066838">
        <ele>40.9</ele>
        <time>2026-08-06T12:02:58Z</time>
        <extensions><gpxtpx:TrackPointExtension><gpxtpx:hr>143</gpxtpx:hr><gpxtpx:cad>82</gpxtpx:cad></gpxtpx:TrackPointExtension><power>217</power></extensions>
      </trkpt>
      <trkpt lat="51.4750389" lon="-0.0066967">
        <ele>41.0</ele>
        <time>2026-08-06T12:02:59Z</time>
        <extensions><gpxtpx:TrackPointExtension><gpxtpx:hr>143</gpxtpx:hr><gpxtpx:cad>82</gpxtpx:cad></gpxtpx:TrackPointExtension><power>217</power></extensions>
      </trkpt>
      <trkpt lat="51.4750555" lon="-0.0067095">
        <ele>41.1</ele>
        <time>2026-08-06T12:03:00Z</time>
        <extensions><gpxtpx:TrackPointExtension><gpxtpx:hr>142</gpxtpx:hr><gpxtpx:cad>82</gpxtpx:cad></gpxtpx:TrackPointExtension><power>217</power></extensions>
      </trkpt>
      <trkpt lat="51.4750722" lon="-0.0067223">
        <ele>41.2</ele>
        <time>2026-08-06T12:03:01Z</time>
        <extensions><gpxtpx:TrackPointExtension><gpxtpx:hr>142</gpxtpx:hr><gpxtpx:cad>82</gpxtpx:cad></gpxtpx:TrackPointExtension><power>216</power></extensions>
      </trkpt>
      <trkpt lat="51.4750890" lon="-0.0067349">
        <ele>41.4</ele>
        <time>2026-08-06T12:03:02Z</time>
        <extensions><gpxtpx:TrackPointExtension><gpxtpx:hr>142</gpxtpx:hr><gpxtpx:cad>82</gpxtpx:cad></gpxtpx:TrackPointExtension><power>216</power></extensions>
      </trkpt>
      <trkpt lat="51.4751057" lon="-0.0067473">
        <ele>41.5</ele>
        <time>2026-08-06T12:03:03Z</time>
        <extensions><gpxtpx:TrackPointExtension><gpxtpx:hr>142</gpxtpx:hr><gpxtpx:cad>82</gpxtpx:cad></gpxtpx:TrackPointExtension><power>216</power></extensions>
      </trkpt>
      <trkpt lat="51.4751225" lon="-0.0067597">
        <ele>41.6</ele>
        <time>2026-08-06T12:03:04Z</time>
        <extensions><gpxtpx:TrackPointExtension><gpxtpx:hr>142</gpxtpx:hr><gpxtpx:cad>82</gpxtpx:cad></gpxtpx:TrackPointExtension><power>215</power></extensions>
      </trkpt>
      <trkpt lat="51.4751393" lon="-0.0067719">
        <ele>41.7</ele>
        <time>2026-08-06T12:03:05Z</time>
        <extensions><gpxtpx:TrackPointExtension><gpxtpx:hr>142</gpxtpx:hr><gpxtpx:cad>82</gpxtpx:cad></gpxtpx:TrackPointExtension><power>215</power></extensions>
      </trkpt>
      <trkpt lat="51.4751561" lon="-0.0067840">
        <ele>41.8</ele>
        <time>2026-08-06T12:03:06Z</time>
        <extensions><gpxtpx:TrackPointExtension><gpxtpx:hr>142</gpxtpx:hr><gpxtpx:cad>81</gpxtpx:cad></gpxtpx:TrackPointExtension><power>215</power></extensions>
      </trkpt>
      <trkpt lat="51.4751730" lon="-0.0067960">
        <ele>41.9</ele>
        <time>2026-08-06T12:03:07Z</time>
        <extensions><gpxtpx:TrackPointExtension><gpxtpx:hr>141</gpxtpx:hr><gpxtpx:cad>81</gpxtpx:cad></gpxtpx:TrackPointExtension><power>214</power></extensions>
      </trkpt>
      <trkpt lat="51.4751899" lon="-0.0068079">
        <ele>42.0</ele>
        <time>2026-08-06T12:03:08Z</time>
        <extensions><gpxtpx:TrackPointExtension><gpxtpx:hr>141</gpxtpx:hr><gpxtpx:cad>81</gpxtpx:cad></gpxtpx:TrackPointExtension><power>214</power></extensions>
      </trkpt>
      <trkpt lat="51.4752068" lon="-0.0068197">
        <ele>42.2</ele>
        <time>2026-08-06T12:03:09Z</time>
        <extensions><gpxtpx:TrackPointExtension><gpxtpx:hr>141</gpxtpx:hr><gpxtpx:cad>81</gpxtpx:cad></gpxtpx:TrackPointExtension><power>213</power></extensions>
      </trkpt>
      <trkpt lat="51.4752238" lon="-0.0068313">
        <ele>42.3</ele>
        <time>2026-08-06T12:03:10Z</time>
        <extensions><gpxtpx:TrackPointExtension><gpxtpx:hr>141</gpxtpx:hr><gpxtpx:cad>81</gpxtpx:cad></gpxtpx:TrackPointExtension><power>213</power></extensions>
      </trkpt>
      <trkpt lat="51.4752408" lon="-0.0068429">
        <ele>42.4</ele>
        <time>2026-08-06T12:03:11Z</time>
        <extensions><gpxtpx:TrackPointExtension><gpxtpx:hr>141</gpxtpx:hr><gpxtpx:cad>81</gpxtpx:cad></gpxtpx:TrackPointExtension><power>213</power></extensions>
      </trkpt>
      <trkpt lat="51.4752578" lon="-0.0068543">
        <ele>42.5</ele>
        <time>2026-08-06T12:03:12Z</time>
        <extensions><gpxtpx:TrackPointExtension><gpxtpx:hr>141</gpxtpx:hr><gpxtpx:cad>81</gpxtpx:cad></gpxtpx:TrackPointExtension><power>212</power></extensions>
      </trkpt>
      <trkpt lat="51.4752749" lon="-0.0068656">
        <ele>42.6</ele>
        <time>2026-08-06T12:03:13Z</time>
        <extensions><gpxtpx:TrackPointExtension><gpxtpx:hr>140</gpxtpx:hr><gpxtpx:cad>81</gpxtpx:cad></gpxtpx:TrackPointExtension><power>212</power></extensions>
      </trkpt>
      <trkpt lat="51.4752919" lon="-0.0068767">
        <ele>42.7</ele>
        <time>2026-08-06T12:03:14Z</time>
        <extensions><gpxtpx:TrackPointExtension><gpxtpx:hr>140</gpxtpx:hr><gpxtpx:cad>81</gpxtpx:cad></gpxtpx:TrackPointExtension><power>211</power></extensions>
      </trkpt>
      <trkpt lat="51.4753090" lon="-0.0068878">
        <ele>42.8</ele>
        <time>2026-08-06T12:03:15Z</time>
        <extensions><gpxtpx:TrackPointExtension><gpxtpx:hr>140</gpxtpx:hr><gpxtpx:cad>81</gpxtpx:cad></gpxtpx:TrackPointExtension><power>211</power></extensions>
      </trkpt>
      <trkpt lat="51.4753262" lon="-0.0068987">
        <ele>42.9</ele>
        <time>2026-08-06T12:03:16Z</time>
        <extensions><gpxtpx:TrackPointExtension><gpxtpx:hr>140</gpxtpx:hr><gpxtpx:cad>81</gpxtpx:cad></gpxtpx:TrackPointExtension><power>211</power></extensions>
      </trkpt>
      <trkpt lat="51.4753433" lon="-0.0069095">
        <ele>43.0</ele>
        <time>2026-08-06T12:03:17Z</time>
        <extensions><gpxtpx:TrackPointExtension><gpxtpx:hr>140</gpxtpx:hr><gpxtpx:cad>81</gpxtpx:cad></gpxtpx:TrackPointExtension><power>210</power></extensions>
      </trkpt>
      <trkpt lat="51.4753605" lon="-0.0069202">
        <ele>43.0</ele>
        <time>2026-08-06T12:03:18Z</time>
        <extensions><gpxtpx:TrackPointExtension><gpxtpx:hr>140</gpxtpx:hr><gpxtpx:cad>81</gpxtpx:cad></gpxtpx:TrackPointExtension><power>210</power></extensions>
      </trkpt>
      <trkpt lat="51.4753778" lon="-0.0069308">
        <ele>43.1</ele>
        <time>2026-08-06T12:03:19Z</time>
        <extensions><gpxtpx:TrackPointExtension><gpxtpx:hr>139</gpxtpx:hr><gpxtpx:cad>81</gpxtpx:cad></gpxtpx:TrackPointExtension><power>209</power></extensions>
      </trkpt>
      <trkpt lat="51.4753950" lon="-0.0069413">
        <ele>43.2</ele>
        <time>2026-08-06T12:03:20Z</time>
        <extensions><gpxtpx:TrackPointExtension><gpxtpx:hr>139</gpxtpx:hr><gpxtpx:cad>81</gpxtpx:cad></gpxtpx:TrackPointExtension><power>209</power></extensions>
      </trkpt>
      <trkpt lat="51.4754123" lon="-0.0069516">
        <ele>43.3</ele>
        <time>2026-08-06T12:03:21Z</time>
        <extensions><gpxtpx:TrackPointExtension><gpxtpx:hr>139</gpxtpx:hr><gpxtpx:cad>81</gpxtpx:cad></gpxtpx:TrackPointExtension><power>208</power></extensions>
      </trkpt>
      <trkpt lat="51.4754296" lon="-0.0069619">
        <ele>43.4</ele>
        <time>2026-08-06T12:03:22Z</time>
        <extensions><gpxtpx:TrackPointExtension><gpxtpx:hr>139</gpxtpx:hr><gpxtpx:cad>81</gpxtpx:cad></gpxtpx:TrackPointExtension><power>208</power></extensions>
      </trkpt>
      <trkpt lat="51.4754470" lon="-0.0069720">
        <ele>43.5</ele>
        <time>2026-08-06T12:03:23Z</time>
        <extensions><gpxtpx:TrackPointExtension><gpxtpx:hr>139</gpxtpx:hr><gpxtpx:cad>81</gpxtpx:cad></gpxtpx:TrackPointExtension><power>207</power></extensions>
      </trkpt>
      <trkpt lat="51.4754644" lon="-0.0069820">
        <ele>43.6</ele>
        <time>2026-08-06T12:03:24Z</time>
        <extensions><gpxtpx:TrackPointExtension><gpxtpx:hr>138</gpxtpx:hr><gpxtpx:cad>81</gpxtpx:cad></gpxtpx:TrackPointExtension><power>207</power></extensions>
      </trkpt>
      <trkpt lat="51.4754818" lon="-0.0069918">
        <ele>43.6</ele>
        <time>2026-08-06T12:03:25Z</time>
        <extensions><gpxtpx:TrackPointExtension><gpxtpx:hr>138</gpxtpx:hr><gpxtpx:cad>81</gpxtpx:cad></gpxtpx:TrackPointExtension><power>206</power></extensions>
      </trkpt>
      <trkpt lat="51.4754992" lon="-0.0070016">
        <ele>43.7</ele>
        <time>2026-08-06T12:03:26Z</time>
        <extensions><gpxtpx:TrackPointExtension><gpxtpx:hr>138</gpxtpx:hr><gpxtpx:cad>81</gpxtpx:cad></gpxtpx:TrackPointExtension><power>206</power></extensions>
      </trkpt>
      <trkpt lat="51.4755167" lon="-0.0070112">
        <ele>43.8</ele>
        <time>2026-08-06T12:03:27Z</time>
        <extensions><gpxtpx:TrackPointExtension><gpxtpx:hr>138</gpxtpx:hr><gpxtpx:cad>81</gpxtpx:cad></gpxtpx:TrackPointExtension><power>206</power></extensions>
      </trkpt>
      <trkpt lat="51.4755342" lon="-0.0070208">
        <ele>43.9</ele>
        <time>2026-08-06T12:03:28Z</time>
        <extensions><gpxtpx:TrackPointExtension><gpxtpx:hr>138</gpxtpx:hr><gpxtpx:cad>81</gpxtpx:cad></gpxtpx:TrackPointExtension><power>205</power></extensions>
      </trkpt>
      <trkpt lat="51.4755517" lon="-0.0070302">
        <ele>43.9</ele>
        <time>2026-08-06T12:03:29Z</time>
        <extensions><gpxtpx:TrackPointExtension><gpxtpx:hr>138</gpxtpx:hr><gpxtpx:cad>81</gpxtpx:cad></gpxtpx:TrackPointExtension><power>205</power></extensions>
      </trkpt>
      <trkpt lat="51.4755693" lon="-0.0070394">
        <ele>44.0</ele>
        <time>2026-08-06T12:03:30Z</time>
        <extensions><gpxtpx:TrackPointExtension><gpxtpx:hr>137</gpxtpx:hr><gpxtpx:cad>81</gpxtpx:cad></gpxtpx:TrackPointExtension><power>204</power></extensions>
      </trkpt>
      <trkpt lat="51.4755869" lon="-0.0070486">
        <ele>44.1</ele>
        <time>2026-08-06T12:03:31Z</time>
        <extensions><gpxtpx:TrackPointExtension><gpxtpx:hr>137</gpxtpx:hr><gpxtpx:cad>81</gpxtpx:cad></gpxtpx:TrackPointExtension><power>204</power></extensions>
      </trkpt>
      <trkpt lat="51.4756045" lon="-0.0070577">
        <ele>44.1</ele>
        <time>2026-08-06T12:03:32Z</time>
        <extensions><gpxtpx:TrackPointExtension><gpxtpx:hr>137</gpxtpx:hr><gpxtpx:cad>81</gpxtpx:cad></gpxtpx:TrackPointExtension><power>203</power></extensions>
      </trkpt>
      <trkpt lat="51.4756222" lon="-0.0070666">
        <ele>44.2</ele>
        <time>2026-08-06T12:03:33Z</time>
        <extensions><gpxtpx:TrackPointExtension><gpxtpx:hr>137</gpxtpx:hr><gpxtpx:cad>81</gpxtpx:cad></gpxtpx:TrackPointExtension><power>203</power></extensions>
      </trkpt>
      <trkpt lat="51.4756399" lon="-0.0070754">
        <ele>44.2</ele>
        <time>2026-08-06T12:03:34Z</time>
        <extensions><gpxtpx:TrackPointExtension><gpxtpx:hr>137</gpxtpx:hr><gpxtpx:cad>80</gpxtpx:cad></gpxtpx:TrackPointExtension><power>202</power></extensions>
      </trkpt>
      <trkpt lat="51.4756576" lon="-0.0070841">
        <ele>44.3</ele>
        <time>2026-08-06T12:03:35Z</time>
        <extensions><gpxtpx:TrackPointExtension><gpxtpx:hr>136</gpxtpx:hr><gpxtpx:cad>80</gpxtpx:cad></gpxtpx:TrackPointExtension><power>202</power></extensions>
      </trkpt>
      <trkpt lat="51.4756754" lon="-0.0070927">
        <ele>44.3</ele>
        <time>2026-08-06T12:03:36Z</time>
        <extensions><gpxtpx:TrackPointExtension><gpxtpx:hr>136</gpxtpx:hr><gpxtpx:cad>80</gpxtpx:cad></gpxtpx:TrackPointExtension><power>201</power></extensions>
      </trkpt>
      <trkpt lat="51.4756932" lon="-0.0071011">
        <ele>44.4</ele>
        <time>2026-08-06T12:03:37Z</time>
        <extensions><gpxtpx:TrackPointExtension><gpxtpx:hr>136</gpxtpx:hr><gpxtpx:cad>80</gpxtpx:cad></gpxtpx:TrackPointExtension><power>201</power></extensions>
      </trkpt>
      <trkpt lat="51.4757110" lon="-0.0071095">
        <ele>44.4</ele>
        <time>2026-08-06T12:03:38Z</time>
        <extensions><gpxtpx:TrackPointExtension><gpxtpx:hr>136</gpxtpx:hr><gpxtpx:cad>80</gpxtpx:cad></gpxtpx:TrackPointExtension><power>200</power></extensions>
      </trkpt>
      <trkpt lat="51.4757289" lon="-0.0071177">
        <ele>44.5</ele>
        <time>2026-08-06T12:03:39Z</time>
        <extensions><gpxtpx:TrackPointExtension><gpxtpx:hr>135</gpxtpx:hr><gpxtpx:cad>80</gpxtpx:cad></gpxtpx:TrackPointExtension><power>199</power></extensions>
      </trkpt>
      <trkpt lat="51.4757467" lon="-0.0071258">
        <ele>44.5</ele>
        <time>2026-08-06T12:03:40Z</time>
        <extensions><gpxtpx:TrackPointExtension><gpxtpx:hr>135</gpxtpx:hr><gpxtpx:cad>80</gpxtpx:cad></gpxtpx:TrackPointExtension><power>199</power></extensions>
      </trkpt>
      <trkpt lat="51.4757647" lon="-0.0071337">
        <ele>44.6</ele>
        <time>2026-08-06T12:03:41Z</time>
        <extensions><gpxtpx:TrackPointExtension><gpxtpx:hr>135</gpxtpx:hr><gpxtpx:cad>80</gpxtpx:cad></gpxtpx:TrackPointExtension><power>198</power></extensions>
      </trkpt>
      <trkpt lat="51.4757826" lon="-0.0071416">
        <ele>44.6</ele>
        <time>2026-08-06T12:03:42Z</time>
        <extensions><gpxtpx:TrackPointExtension><gpxtpx:hr>135</gpxtpx:hr><gpxtpx:cad>80</gpxtpx:cad></gpxtpx:TrackPointExtension><power>198</power></extensions>
      </trkpt>
      <trkpt lat="51.4758006" lon="-0.0071493">
        <ele>44.7</ele>
        <time>2026-08-06T12:03:43Z</time>
        <extensions><gpxtpx:TrackPointExtension><gpxtpx:hr>135</gpxtpx:hr><gpxtpx:cad>80</gpxtpx:cad></gpxtpx:TrackPointExtension><power>197</power></extensions>
      </trkpt>
      <trkpt lat="51.4758186" lon="-0.0071569">
        <ele>44.7</ele>
        <time>2026-08-06T12:03:44Z</time>
        <extensions><gpxtpx:TrackPointExtension><gpxtpx:hr>134</gpxtpx:hr><gpxtpx:cad>80</gpxtpx:cad></gpxtpx:TrackPointExtension><power>197</power></extensions>
      </trkpt>
      <trkpt lat="51.4758367" lon="-0.0071644">
        <ele>44.7</ele>
        <time>2026-08-06T12:03:45Z</time>
        <extensions><gpxtpx:TrackPointExtension><gpxtpx:hr>134</gpxtpx:hr><gpxtpx:cad>80</gpxtpx:cad></gpxtpx:TrackPointExtension><power>196</power></extensions>
      </trkpt>
      <trkpt lat="51.4758547" lon="-0.0071718">
        <ele>44.8</ele>
        <time>2026-08-06T12:03:46Z</time>
        <extensions><gpxtpx:TrackPointExtension><gpxtpx:hr>134</gpxtpx:hr><gpxtpx:cad>80</gpxtpx:cad></gpxtpx:TrackPointExtension><power>196</power></extensions>
      </trkpt>
      <trkpt lat="51.4758728" lon="-0.0071791">
        <ele>44.8</ele>
        <time>2026-08-06T12:03:47Z</time>
        <extensions><gpxtpx:TrackPointExtension><gpxtpx:hr>134</gpxtpx:hr><gpxtpx:cad>80</gpxtpx:cad></gpxtpx:TrackPointExtension><power>195</power></extensions>
      </trkpt>
      <trkpt lat="51.4758910" lon="-0.0071862">
        <ele>44.8</ele>
        <time>2026-08-06T12:03:48Z</time>
        <extensions><gpxtpx:TrackPointExtension><gpxtpx:hr>134</gpxtpx:hr><gpxtpx:cad>80</gpxtpx:cad></gpxtpx:TrackPointExtension><power>195</power></extensions>
      </trkpt>
      <trkpt lat="51.4759092" lon="-0.0071932">
        <ele>44.8</ele>
        <time>2026-08-06T12:03:49Z</time>
        <extensions><gpxtpx:TrackPointExtension><gpxtpx:hr>133</gpxtpx:hr><gpxtpx:cad>80</gpxtpx:cad></gpxtpx:TrackPointExtension><power>194</power></extensions>
      </trkpt>
      <trkpt lat="51.4759274" lon="-0.0072001">
        <ele>44.9</ele>
        <time>2026-08-06T12:03:50Z</time>
        <extensions><gpxtpx:TrackPointExtension><gpxtpx:hr>133</gpxtpx:hr><gpxtpx:cad>80</gpxtpx:cad></gpxtpx:TrackPointExtension><power>194</power></extensions>
      </trkpt>
      <trkpt lat="51.4759456" lon="-0.0072068">
        <ele>44.9</ele>
        <time>2026-08-06T12:03:51Z</time>
        <extensions><gpxtpx:TrackPointExtension><gpxtpx:hr>133</gpxtpx:hr><gpxtpx:cad>80</gpxtpx:cad></gpxtpx:TrackPointExtension><power>193</power></extensions>
      </trkpt>
      <trkpt lat="51.4759639" lon="-0.0072135">
        <ele>44.9</ele>
        <time>2026-08-06T12:03:52Z</time>
        <extensions><gpxtpx:TrackPointExtension><gpxtpx:hr>133</gpxtpx:hr><gpxtpx:cad>80</gpxtpx:cad></gpxtpx:TrackPointExtension><power>193</power></extensions>
      </trkpt>
      <trkpt lat="51.4759822" lon="-0.0072200">
        <ele>44.9</ele>
        <time>2026-08-06T12:03:53Z</time>
        <extensions><gpxtpx:TrackPointExtension><gpxtpx:hr>132</gpxtpx:hr><gpxtpx:cad>80</gpxtpx:cad></gpxtpx:TrackPointExtension><power>192</power></extensions>
      </trkpt>
      <trkpt lat="51.4760005" lon="-0.0072264">
        <ele>44.9</ele>
        <time>2026-08-06T12:03:54Z</time>
        <extensions><gpxtpx:TrackPointExtension><gpxtpx:hr>132</gpxtpx:hr><gpxtpx:cad>80</gpxtpx:cad></gpxtpx:TrackPointExtension><power>191</power></extensions>
      </trkpt>
      <trkpt lat="51.4760189" lon="-0.0072326">
        <ele>44.9</ele>
        <time>2026-08-06T12:03:55Z</time>
        <extensions><gpxtpx:TrackPointExtension><gpxtpx:hr>132</gpxtpx:hr><gpxtpx:cad>80</gpxtpx:cad></gpxtpx:TrackPointExtension><power>191</power></extensions>
      </trkpt>
      <trkpt lat="51.4760373" lon="-0.0072388">
        <ele>44.9</ele>
        <time>2026-08-06T12:03:56Z</time>
        <extensions><gpxtpx:TrackPointExtension><gpxtpx:hr>132</gpxtpx:hr><gpxtpx:cad>80</gpxtpx:cad></gpxtpx:TrackPointExtension><power>190</power></extensions>
      </trkpt>
      <trkpt lat="51.4760557" lon="-0.0072448">
        <ele>45.0</ele>
        <time>2026-08-06T12:03:57Z</time>
        <extensions><gpxtpx:TrackPointExtension><gpxtpx:hr>131</gpxtpx:hr><gpxtpx:cad>80</gpxtpx:cad></gpxtpx:TrackPointExtension><power>190</power></extensions>
      </trkpt>
      <trkpt lat="51.4760742" lon="-0.0072507">
        <ele>45.0</ele>
        <time>2026-08-06T12:03:58Z</time>
        <extensions><gpxtpx:TrackPointExtension><gpxtpx:hr>131</gpxtpx:hr><gpxtpx:cad>80</gpxtpx:cad></gpxtpx:TrackPointExtension><power>189</power></extensions>
      </trkpt>
      <trkpt lat="51.4760927" lon="-0.0072565">
        <ele>45.0</ele>
        <time>2026-08-06T12:03:59Z</time>
        <extensions><gpxtpx:TrackPointExtension><gpxtpx:hr>131</gpxtpx:hr><gpxtpx:cad>80</gpxtpx:cad></gpxtpx:TrackPointExtension><power>189</power></extensions>
      </trkpt>
      <trkpt lat="51.4761112" lon="-0.0072621">
        <ele>45.0</ele>
        <time>2026-08-06T12:04:00Z</time>
        <extensions><gpxtpx:TrackPointExtension><gpxtpx:hr>131</gpxtpx:hr><gpxtpx:cad>81</gpxtpx:cad></gpxtpx:TrackPointExtension><power>188</power></extensions>
      </trkpt>
      <trkpt lat="51.4761298" lon="-0.0072676">
        <ele>45.0</ele>
        <time>2026-08-06T12:04:01Z</time>
        <extensions><gpxtpx:TrackPointExtension><gpxtpx:hr>131</gpxtpx:hr><gpxtpx:cad>81</gpxtpx:cad></gpxtpx:TrackPointExtension><power>188</power></extensions>
      </trkpt>
      <trkpt lat="51.4761484" lon="-0.0072730">
        <ele>45.0</ele>
        <time>2026-08-06T12:04:02Z</time>
        <extensions><gpxtpx:TrackPointExtension><gpxtpx:hr>130</gpxtpx:hr><gpxtpx:cad>81</gpxtpx:cad></gpxtpx:TrackPointExtension><power>187</power></extensions>
      </trkpt>
      <trkpt lat="51.4761670" lon="-0.0072783">
        <ele>44.9</ele>
        <time>2026-08-06T12:04:03Z</time>
        <extensions><gpxtpx:TrackPointExtension><gpxtpx:hr>130</gpxtpx:hr><gpxtpx:cad>81</gpxtpx:cad></gpxtpx:TrackPointExtension><power>187</power></extensions>
      </trkpt>
      <trkpt lat="51.4761857" lon="-0.0072834">
        <ele>44.9</ele>
        <time>2026-08-06T12:04:04Z</time>
        <extensions><gpxtpx:TrackPointExtension><gpxtpx:hr>130</gpxtpx:hr><gpxtpx:cad>81</gpxtpx:cad></gpxtpx:TrackPointExtension><power>186</power></extensions>
      </trkpt>
      <trkpt lat="51.4762043" lon="-0.0072884">
        <ele>44.9</ele>
        <time>2026-08-06T12:04:05Z</time>
        <extensions><gpxtpx:TrackPointExtension><gpxtpx:hr>130</gpxtpx:hr><gpxtpx:cad>81</gpxtpx:cad></gpxtpx:TrackPointExtension><power>186</power></extensions>
      </trkpt>
      <trkpt lat="51.4762230" lon="-0.0072933">
        <ele>44.9</ele>
        <time>2026-08-06T12:04:06Z</time>
        <extensions><gpxtpx:TrackPointExtension><gpxtpx:hr>129</gpxtpx:hr><gpxtpx:cad>81</gpxtpx:cad></gpxtpx:TrackPointExtension><power>185</power></extensions>
      </trkpt>
      <trkpt lat="51.4762418" lon="-0.0072980">
        <ele>44.9</ele>
        <time>2026-08-06T12:04:07Z</time>
        <extensions><gpxtpx:TrackPointExtension><gpxtpx:hr>129</gpxtpx:hr><gpxtpx:cad>81</gpxtpx:cad></gpxtpx:TrackPointExtension><power>185</power></extensions>
      </trkpt>
      <trkpt lat="51.4762606" lon="-0.0073027">
        <ele>44.9</ele>
        <time>2026-08-06T12:04:08Z</time>
        <extensions><gpxtpx:TrackPointExtension><gpxtpx:hr>129</gpxtpx:hr><gpxtpx:cad>81</gpxtpx:cad></gpxtpx:TrackPointExtension><power>184</power></extensions>
      </trkpt>
      <trkpt lat="51.4762794" lon="-0.0073072">
        <ele>44.9</ele>
        <time>2026-08-06T12:04:09Z</time>
        <extensions><gpxtpx:TrackPointExtension><gpxtpx:hr>129</gpxtpx:hr><gpxtpx:cad>81</gpxtpx:cad></gpxtpx:TrackPointExtension><power>184</power></extensions>
      </trkpt>
      <trkpt lat="51.4762982" lon="-0.0073115">
        <ele>44.8</ele>
        <time>2026-08-06T12:04:10Z</time>
        <extensions><gpxtpx:TrackPointExtension><gpxtpx:hr>128</gpxtpx:hr><gpxtpx:cad>81</gpxtpx:cad></gpxtpx:TrackPointExtension><power>183</power></extensions>
      </trkpt>
      <trkpt lat="51.4763171" lon="-0.0073157">
        <ele>44.8</ele>
        <time>2026-08-06T12:04:11Z</time>
        <extensions><gpxtpx:TrackPointExtension><gpxtpx:hr>128</gpxtpx:hr><gpxtpx:cad>81</gpxtpx:cad></gpxtpx:TrackPointExtension><power>183</power></extensions>
      </trkpt>
      <trkpt lat="51.4763360" lon="-0.0073198">
        <ele>44.8</ele>
        <time>2026-08-06T12:04:12Z</time>
        <extensions><gpxtpx:TrackPointExtension><gpxtpx:hr>128</gpxtpx:hr><gpxtpx:cad>81</gpxtpx:cad></gpxtpx:TrackPointExtension><power>182</power></extensions>
      </trkpt>
      <trkpt lat="51.4763549" lon="-0.0073238">
        <ele>44.8</ele>
        <time>2026-08-06T12:04:13Z</time>
        <extensions><gpxtpx:TrackPointExtension><gpxtpx:hr>128</gpxtpx:hr><gpxtpx:cad>81</gpxtpx:cad></gpxtpx:TrackPointExtension><power>182</power></extensions>
      </trkpt>
      <trkpt lat="51.4763738" lon="-0.0073277">
        <ele>44.7</ele>
        <time>2026-08-06T12:04:14Z</time>
        <extensions><gpxtpx:TrackPointExtension><gpxtpx:hr>127</gpxtpx:hr><gpxtpx:cad>81</gpxtpx:cad></gpxtpx:TrackPointExtension><power>181</power></extensions>
      </trkpt>
      <trkpt lat="51.4763928" lon="-0.0073314">
        <ele>44.7</ele>
        <time>2026-08-06T12:04:15Z</time>
        <extensions><gpxtpx:TrackPointExtension><gpxtpx:hr>127</gpxtpx:hr><gpxtpx:cad>81</gpxtpx:cad></gpxtpx:TrackPointExtension><power>181</power></extensions>
      </trkpt>
      <trkpt lat="51.4764118" lon="-0.0073349">
        <ele>44.7</ele>
        <time>2026-08-06T12:04:16Z</time>
        <extensions><gpxtpx:TrackPointExtension><gpxtpx:hr>127</gpxtpx:hr><gpxtpx:cad>81</gpxtpx:cad></gpxtpx:TrackPointExtension><power>180</power></extensions>
      </trkpt>
      <trkpt lat="51.4764309" lon="-0.0073384">
        <ele>44.6</ele>
        <time>2026-08-06T12:04:17Z</time>
        <extensions><gpxtpx:TrackPointExtension><gpxtpx:hr>127</gpxtpx:hr><gpxtpx:cad>81</gpxtpx:cad></gpxtpx:TrackPointExtension><power>180</power></extensions>
      </trkpt>
      <trkpt lat="51.4764499" lon="-0.0073417">
        <ele>44.6</ele>
        <time>2026-08-06T12:04:18Z</time>
        <extensions><gpxtpx:TrackPointExtension><gpxtpx:hr>126</gpxtpx:hr><gpxtpx:cad>81</gpxtpx:cad></gpxtpx:TrackPointExtension><power>179</power></extensions>
      </trkpt>
      <trkpt lat="51.4764690" lon="-0.0073448">
        <ele>44.5</ele>
        <time>2026-08-06T12:04:19Z</time>
        <extensions><gpxtpx:TrackPointExtension><gpxtpx:hr>126</gpxtpx:hr><gpxtpx:cad>81</gpxtpx:cad></gpxtpx:TrackPointExtension><power>179</power></extensions>
      </trkpt>
      <trkpt lat="51.4764881" lon="-0.0073479">
        <ele>44.5</ele>
        <time>2026-08-06T12:04:20Z</time>
        <extensions><gpxtpx:TrackPointExtension><gpxtpx:hr>126</gpxtpx:hr><gpxtpx:cad>81</gpxtpx:cad></gpxtpx:TrackPointExtension><power>179</power></extensions>
      </trkpt>
      <trkpt lat="51.4765073" lon="-0.0073508">
        <ele>44.4</ele>
        <time>2026-08-06T12:04:21Z</time>
        <extensions><gpxtpx:TrackPointExtension><gpxtpx:hr>126</gpxtpx:hr><gpxtpx:cad>81</gpxtpx:cad></gpxtpx:TrackPointExtension><power>178</power></extensions>
      </trkpt>
      <trkpt lat="51.4765265" lon="-0.0073535">
        <ele>44.4</ele>
        <time>2026-08-06T12:04:22Z</time>
        <extensions><gpxtpx:TrackPointExtension><gpxtpx:hr>125</gpxtpx:hr><gpxtpx:cad>81</gpxtpx:cad></gpxtpx:TrackPointExtension><power>178</power></extensions>
      </trkpt>
      <trkpt lat="51.4765457" lon="-0.0073562">
        <ele>44.3</ele>
        <time>2026-08-06T12:04:23Z</time>
        <extensions><gpxtpx:TrackPointExtension><gpxtpx:hr>125</gpxtpx:hr><gpxtpx:cad>81</gpxtpx:cad></gpxtpx:TrackPointExtension><power>177</power></extensions>
      </trkpt>
      <trkpt lat="51.4765649" lon="-0.0073587">
        <ele>44.3</ele>
        <time>2026-08-06T12:04:24Z</time>
        <extensions><gpxtpx:TrackPointExtension><gpxtpx:hr>125</gpxtpx:hr><gpxtpx:cad>81</gpxtpx:cad></gpxtpx:TrackPointExtension><power>177</power></extensions>
      </trkpt>
      <trkpt lat="51.4765841" lon="-0.0073610">
        <ele>44.2</ele>
        <time>2026-08-06T12:04:25Z</time>
        <extensions><gpxtpx:TrackPointExtension><gpxtpx:hr>125</gpxtpx:hr><gpxtpx:cad>82</gpxtpx:cad></gpxtpx:TrackPointExtension><power>176</power></extensions>
      </trkpt>
      <trkpt lat="51.4766034" lon="-0.0073633">
        <ele>44.2</ele>
        <time>2026-08-06T12:04:26Z</time>
        <extensions><gpxtpx:TrackPointExtension><gpxtpx:hr>125</gpxtpx:hr><gpxtpx:cad>82</gpxtpx:cad></gpxtpx:TrackPointExtension><power>176</power></extensions>
      </trkpt>
      <trkpt lat="51.4766227" lon="-0.0073653">
        <ele>44.1</ele>
        <time>2026-08-06T12:04:27Z</time>
        <extensions><gpxtpx:TrackPointExtension><gpxtpx:hr>124</gpxtpx:hr><gpxtpx:cad>82</gpxtpx:cad></gpxtpx:TrackPointExtension><power>176</power></extensions>
      </trkpt>
      <trkpt lat="51.4766420" lon="-0.0073673">
        <ele>44.1</ele>
        <time>2026-08-06T12:04:28Z</time>
        <extensions><gpxtpx:TrackPointExtension><gpxtpx:hr>124</gpxtpx:hr><gpxtpx:cad>82</gpxtpx:cad></gpxtpx:TrackPointExtension><power>175</power></extensions>
      </trkpt>
      <trkpt lat="51.4766614" lon="-0.0073691">
        <ele>44.0</ele>
        <time>2026-08-06T12:04:29Z</time>
        <extensions><gpxtpx:TrackPointExtension><gpxtpx:hr>124</gpxtpx:hr><gpxtpx:cad>82</gpxtpx:cad></gpxtpx:TrackPointExtension><power>175</power></extensions>
      </trkpt>
      <trkpt lat="51.4766808" lon="-0.0073708">
        <ele>43.9</ele>
        <time>2026-08-06T12:04:30Z</time>
        <extensions><gpxtpx:TrackPointExtension><gpxtpx:hr>124</gpxtpx:hr><gpxtpx:cad>82</gpxtpx:cad></gpxtpx:TrackPointExtension><power>175</power></extensions>
      </trkpt>
      <trkpt lat="51.4767002" lon="-0.0073723">
        <ele>43.9</ele>
        <time>2026-08-06T12:04:31Z</time>
        <extensions><gpxtpx:TrackPointExtension><gpxtpx:hr>123</gpxtpx:hr><gpxtpx:cad>82</gpxtpx:cad></gpxtpx:TrackPointExtension><power>174</power></extensions>
      </trkpt>
      <trkpt lat="51.4767196" lon="-0.0073737">
        <ele>43.8</ele>
        <time>2026-08-06T12:04:32Z</time>
        <extensions><gpxtpx:TrackPointExtension><gpxtpx:hr>123</gpxtpx:hr><gpxtpx:cad>82</gpxtpx:cad></gpxtpx:TrackPointExtension><power>174</power></extensions>
      </trkpt>
      <trkpt lat="51.4767390" lon="-0.0073749">
        <ele>43.7</ele>
        <time>2026-08-06T12:04:33Z</time>
        <extensions><gpxtpx:TrackPointExtension><gpxtpx:hr>123</gpxtpx:hr><gpxtpx:cad>82</gpxtpx:cad></gpxtpx:TrackPointExtension><power>174</power></extensions>
      </trkpt>
      <trkpt lat="51.4767585" lon="-0.0073760">
        <ele>43.6</ele>
        <time>2026-08-06T12:04:34Z</time>
        <extensions><gpxtpx:TrackPointExtension><gpxtpx:hr>123</gpxtpx:hr><gpxtpx:cad>82</gpxtpx:cad></gpxtpx:TrackPointExtension><power>173</power></extensions>
      </trkpt>
      <trkpt lat="51.4767780" lon="-0.0073770">
        <ele>43.6</ele>
        <time>2026-08-06T12:04:35Z</time>
        <extensions><gpxtpx:TrackPointExtension><gpxtpx:hr>122</gpxtpx:hr><gpxtpx:cad>82</gpxtpx:cad></gpxtpx:TrackPointExtension><power>173</power></extensions>
      </trkpt>
      <trkpt lat="51.4767975" lon="-0.0073778">
        <ele>43.5</ele>
        <time>2026-08-06T12:04:36Z</time>
        <extensions><gpxtpx:TrackPointExtension><gpxtpx:hr>122</gpxtpx:hr><gpxtpx:cad>82</gpxtpx:cad></gpxtpx:TrackPointExtension><power>173</power></extensions>
      </trkpt>
      <trkpt lat="51.4768170" lon="-0.0073785">
        <ele>43.4</ele>
        <time>2026-08-06T12:04:37Z</time>
        <extensions><gpxtpx:TrackPointExtension><gpxtpx:hr>122</gpxtpx:hr><gpxtpx:cad>82</gpxtpx:cad></gpxtpx:TrackPointExtension><power>172</power></extensions>
      </trkpt>
      <trkpt lat="51.4768365" lon="-0.0073790">
        <ele>43.3</ele>
        <time>2026-08-06T12:04:38Z</time>
        <extensions><gpxtpx:TrackPointExtension><gpxtpx:hr>122</gpxtpx:hr><gpxtpx:cad>82</gpxtpx:cad></gpxtpx:TrackPointExtension><power>172</power></extensions>
      </trkpt>
      <trkpt lat="51.4768561" lon="-0.0073794">
        <ele>43.2</ele>
        <time>2026-08-06T12:04:39Z</time>
        <extensions><gpxtpx:TrackPointExtension><gpxtpx:hr>121</gpxtpx:hr><gpxtpx:cad>82</gpxtpx:cad></gpxtpx:TrackPointExtension><power>172</power></extensions>
      </trkpt>
      <trkpt lat="51.4768757" lon="-0.0073797">
        <ele>43.2</ele>
        <time>2026-08-06T12:04:40Z</time>
        <extensions><gpxtpx:TrackPointExtension><gpxtpx:hr>121</gpxtpx:hr><gpxtpx:cad>82</gpxtpx:cad></gpxtpx:TrackPointExtension><power>172</power></extensions>
      </trkpt>
      <trkpt lat="51.4768953" lon="-0.0073798">
        <ele>43.1</ele>
        <time>2026-08-06T12:04:41Z</time>
        <extensions><gpxtpx:TrackPointExtension><gpxtpx:hr>121</gpxtpx:hr><gpxtpx:cad>83</gpxtpx:cad></gpxtpx:TrackPointExtension><power>171</power></extensions>
      </trkpt>
      <trkpt lat="51.4769149" lon="-0.0073798">
        <ele>43.0</ele>
        <time>2026-08-06T12:04:42Z</time>
        <extensions><gpxtpx:TrackPointExtension><gpxtpx:hr>121</gpxtpx:hr><gpxtpx:cad>83</gpxtpx:cad></gpxtpx:TrackPointExtension><power>171</power></extensions>
      </trkpt>
      <trkpt lat="51.4769345" lon="-0.0073796">
        <ele>42.9</ele>
        <time>2026-08-06T12:04:43Z</time>
        <extensions><gpxtpx:TrackPointExtension><gpxtpx:hr>120</gpxtpx:hr><gpxtpx:cad>83</gpxtpx:cad></gpxtpx:TrackPointExtension><power>171</power></extensions>
      </trkpt>
      <trkpt lat="51.4769542" lon="-0.0073793">
        <ele>42.8</ele>
        <time>2026-08-06T12:04:44Z</time>
        <extensions><gpxtpx:TrackPointExtension><gpxtpx:hr>120</gpxtpx:hr><gpxtpx:cad>83</gpxtpx:cad></gpxtpx:TrackPointExtension><power>171</power></extensions>
      </trkpt>
      <trkpt lat="51.4769738" lon="-0.0073788">
        <ele>42.7</ele>
        <time>2026-08-06T12:04:45Z</time>
        <extensions><gpxtpx:TrackPointExtension><gpxtpx:hr>120</gpxtpx:hr><gpxtpx:cad>83</gpxtpx:cad></gpxtpx:TrackPointExtension><power>170</power></extensions>
      </trkpt>
      <trkpt lat="51.4769935" lon="-0.0073782">
        <ele>42.6</ele>
        <time>2026-08-06T12:04:46Z</time>
        <extensions><gpxtpx:TrackPointExtension><gpxtpx:hr>120</gpxtpx:hr><gpxtpx:cad>83</gpxtpx:cad></gpxtpx:TrackPointExtension><power>170</power></extensions>
      </trkpt>
      <trkpt lat="51.4770132" lon="-0.0073774">
        <ele>42.5</ele>
        <time>2026-08-06T12:04:47Z</time>
        <extensions><gpxtpx:TrackPointExtension><gpxtpx:hr>119</gpxtpx:hr><gpxtpx:cad>83</gpxtpx:cad></gpxtpx:TrackPointExtension><power>170</power></extensions>
      </trkpt>
      <trkpt lat="51.4770329" lon="-0.0073765">
        <ele>42.4</ele>
        <time>2026-08-06T12:04:48Z</time>
        <extensions><gpxtpx:TrackPointExtension><gpxtpx:hr>119</gpxtpx:hr><gpxtpx:cad>83</gpxtpx:cad></gpxtpx:TrackPointExtension><power>170</power></extensions>
      </trkpt>
      <trkpt lat="51.4770526" lon="-0.0073755">
        <ele>42.3</ele>
        <time>2026-08-06T12:04:49Z</time>
        <extensions><gpxtpx:TrackPointExtension><gpxtpx:hr>119</gpxtpx:hr><gpxtpx:cad>83</gpxtpx:cad></gpxtpx:TrackPointExtension><power>170</power></extensions>
      </trkpt>
      <trkpt lat="51.4770724" lon="-0.0073743">
        <ele>42.2</ele>
        <time>2026-08-06T12:04:50Z</time>
        <extensions><gpxtpx:TrackPointExtension><gpxtpx:hr>119</gpxtpx:hr><gpxtpx:cad>83</gpxtpx:cad></gpxtpx:TrackPointExtension><power>170</power></extensions>
      </trkpt>
      <trkpt lat="51.4770921" lon="-0.0073729">
        <ele>42.1</ele>
        <time>2026-08-06T12:04:51Z</time>
        <extensions><gpxtpx:TrackPointExtension><gpxtpx:hr>118</gpxtpx:hr><gpxtpx:cad>83</gpxtpx:cad></gpxtpx:TrackPointExtension><power>169</power></extensions>
      </trkpt>
      <trkpt lat="51.4771119" lon="-0.0073714">
        <ele>42.0</ele>
        <time>2026-08-06T12:04:52Z</time>
        <extensions><gpxtpx:TrackPointExtension><gpxtpx:hr>118</gpxtpx:hr><gpxtpx:cad>83</gpxtpx:cad></gpxtpx:TrackPointExtension><power>169</power></extensions>
      </trkpt>
      <trkpt lat="51.4771317" lon="-0.0073698">
        <ele>41.9</ele>
        <time>2026-08-06T12:04:53Z</time>
        <extensions><gpxtpx:TrackPointExtension><gpxtpx:hr>118</gpxtpx:hr><gpxtpx:cad>83</gpxtpx:cad></gpxtpx:TrackPointExtension><power>169</power></extensions>
      </trkpt>
      <trkpt lat="51.4771514" lon="-0.0073680">
        <ele>41.8</ele>
        <time>2026-08-06T12:04:54Z</time>
        <extensions><gpxtpx:TrackPointExtension><gpxtpx:hr>118</gpxtpx:hr><gpxtpx:cad>83</gpxtpx:cad></gpxtpx:TrackPointExtension><power>169</power></extensions>
      </trkpt>
      <trkpt lat="51.4771712" lon="-0.0073660">
        <ele>41.7</ele>
        <time>2026-08-06T12:04:55Z</time>
        <extensions><gpxtpx:TrackPointExtension><gpxtpx:hr>117</gpxtpx:hr><gpxtpx:cad>83</gpxtpx:cad></gpxtpx:TrackPointExtension><power>169</power></extensions>
      </trkpt>
      <trkpt lat="51.4771910" lon="-0.0073640">
        <ele>41.5</ele>
        <time>2026-08-06T12:04:56Z</time>
        <extensions><gpxtpx:TrackPointExtension><gpxtpx:hr>117</gpxtpx:hr><gpxtpx:cad>84</gpxtpx:cad></gpxtpx:TrackPointExtension><power>169</power></extensions>
      </trkpt>
      <trkpt lat="51.4772108" lon="-0.0073617">
        <ele>41.4</ele>
        <time>2026-08-06T12:04:57Z</time>
        <extensions><gpxtpx:TrackPointExtension><gpxtpx:hr>117</gpxtpx:hr><gpxtpx:cad>84</gpxtpx:cad></gpxtpx:TrackPointExtension><power>169</power></extensions>
      </trkpt>
      <trkpt lat="51.4772307" lon="-0.0073593">
        <ele>41.3</ele>
        <time>2026-08-06T12:04:58Z</time>
        <extensions><gpxtpx:TrackPointExtension><gpxtpx:hr>117</gpxtpx:hr><gpxtpx:cad>84</gpxtpx:cad></gpxtpx:TrackPointExtension><power>169</power></extensions>
      </trkpt>
      <trkpt lat="51.4772505" lon="-0.0073568">
        <ele>41.2</ele>
        <time>2026-08-06T12:04:59Z</time>
        <extensions><gpxtpx:TrackPointExtension><gpxtpx:hr>117</gpxtpx:hr><gpxtpx:cad>84</gpxtpx:cad></gpxtpx:TrackPointExtension><power>169</power></extensions>
      </trkpt>
      <trkpt lat="51.4772703" lon="-0.0073541">
        <ele>41.1</ele>
        <time>2026-08-06T12:05:00Z</time>
        <extensions><gpxtpx:TrackPointExtension><gpxtpx:hr>116</gpxtpx:hr><gpxtpx:cad>84</gpxtpx:cad></gpxtpx:TrackPointExtension><power>169</power></extensions>
      </trkpt>
      <trkpt lat="51.4772901" lon="-0.0073513">
        <ele>40.9</ele>
        <time>2026-08-06T12:05:01Z</time>
        <extensions><gpxtpx:TrackPointExtension><gpxtpx:hr>116</gpxtpx:hr><gpxtpx:cad>84</gpxtpx:cad></gpxtpx:TrackPointExtension><power>169</power></extensions>
      </trkpt>
      <trkpt lat="51.4773100" lon="-0.0073483">
        <ele>40.8</ele>
        <time>2026-08-06T12:05:02Z</time>
        <extensions><gpxtpx:TrackPointExtension><gpxtpx:hr>116</gpxtpx:hr><gpxtpx:cad>84</gpxtpx:cad></gpxtpx:TrackPointExtension><power>169</power></extensions>
      </trkpt>
      <trkpt lat="51.4773298" lon="-0.0073452">
        <ele>40.7</ele>
        <time>2026-08-06T12:05:03Z</time>
        <extensions><gpxtpx:TrackPointExtension><gpxtpx:hr>116</gpxtpx:hr><gpxtpx:cad>84</gpxtpx:cad></gpxtpx:TrackPointExtension><power>169</power></extensions>
      </trkpt>
      <trkpt lat="51.4773497" lon="-0.0073419">
        <ele>40.6</ele>
        <time>2026-08-06T12:05:04Z</time>
        <extensions><gpxtpx:TrackPointExtension><gpxtpx:hr>115</gpxtpx:hr><gpxtpx:cad>84</gpxtpx:cad></gpxtpx:TrackPointExtension><power>169</power></extensions>
      </trkpt>
      <trkpt lat="51.4773695" lon="-0.0073384">
        <ele>40.4</ele>
        <time>2026-08-06T12:05:05Z</time>
        <extensions><gpxtpx:TrackPointExtension><gpxtpx:hr>115</gpxtpx:hr><gpxtpx:cad>84</gpxtpx:cad></gpxtpx:TrackPointExtension><power>169</power></extensions>
      </trkpt>
      <trkpt lat="51.4773894" lon="-0.0073349">
        <ele>40.3</ele>
        <time>2026-08-06T12:05:06Z</time>
        <extensions><gpxtpx:TrackPointExtension><gpxtpx:hr>115</gpxtpx:hr><gpxtpx:cad>84</gpxtpx:cad></gpxtpx:TrackPointExtension><power>169</power></extensions>
      </trkpt>
      <trkpt lat="51.4774092" lon="-0.0073311">
        <ele>40.2</ele>
        <time>2026-08-06T12:05:07Z</time>
        <extensions><gpxtpx:TrackPointExtension><gpxtpx:hr>115</gpxtpx:hr><gpxtpx:cad>84</gpxtpx:cad></gpxtpx:TrackPointExtension><power>169</power></extensions>
      </trkpt>
      <trkpt lat="51.4774291" lon="-0.0073272">
        <ele>40.0</ele>
        <time>2026-08-06T12:05:08Z</time>
        <extensions><gpxtpx:TrackPointExtension><gpxtpx:hr>115</gpxtpx:hr><gpxtpx:cad>84</gpxtpx:cad></gpxtpx:TrackPointExtension><power>169</power></extensions>
      </trkpt>
      <trkpt lat="51.4774489" lon="-0.0073232">
        <ele>39.9</ele>
        <time>2026-08-06T12:05:09Z</time>
        <extensions><gpxtpx:TrackPointExtension><gpxtpx:hr>114</gpxtpx:hr><gpxtpx:cad>84</gpxtpx:cad></gpxtpx:TrackPointExtension><power>169</power></extensions>
      </trkpt>
      <trkpt lat="51.4774688" lon="-0.0073190">
        <ele>39.8</ele>
        <time>2026-08-06T12:05:10Z</time>
        <extensions><gpxtpx:TrackPointExtension><gpxtpx:hr>114</gpxtpx:hr><gpxtpx:cad>84</gpxtpx:cad></gpxtpx:TrackPointExtension><power>169</power></extensions>
      </trkpt>
      <trkpt lat="51.4774886" lon="-0.0073147">
        <ele>39.6</ele>
        <time>2026-08-06T12:05:11Z</time>
        <extensions><gpxtpx:TrackPointExtension><gpxtpx:hr>114</gpxtpx:hr><gpxtpx:cad>84</gpxtpx:cad></gpxtpx:TrackPointExtension><power>169</power></extensions>
      </trkpt>
      <trkpt lat="51.4775085" lon="-0.0073102">
        <ele>39.5</ele>
        <time>2026-08-06T12:05:12Z</time>
        <extensions><gpxtpx:TrackPointExtension><gpxtpx:hr>114</gpxtpx:hr><gpxtpx:cad>84</gpxtpx:cad></gpxtpx:TrackPointExtension><power>169</power></extensions>
      </trkpt>
      <trkpt lat="51.4775283" lon="-0.0073055">
        <ele>39.3</ele>
        <time>2026-08-06T12:05:13Z</time>
        <extensions><gpxtpx:TrackPointExtension><gpxtpx:hr>113</gpxtpx:hr><gpxtpx:cad>85</gpxtpx:cad></gpxtpx:TrackPointExtension><power>169</power></extensions>
      </trkpt>
      <trkpt lat="51.4775482" lon="-0.0073007">
        <ele>39.2</ele>
        <time>2026-08-06T12:05:14Z</time>
        <extensions><gpxtpx:TrackPointExtension><gpxtpx:hr>113</gpxtpx:hr><gpxtpx:cad>85</gpxtpx:cad></gpxtpx:TrackPointExtension><power>169</power></extensions>
      </trkpt>
      <trkpt lat="51.4775680" lon="-0.0072958">
        <ele>39.1</ele>
        <time>2026-08-06T12:05:15Z</time>
        <extensions><gpxtpx:TrackPointExtension><gpxtpx:hr>113</gpxtpx:hr><gpxtpx:cad>85</gpxtpx:cad></gpxtpx:TrackPointExtension><power>169</power></extensions>
      </trkpt>
      <trkpt lat="51.4775878" lon="-0.0072907">
        <ele>38.9</ele>
        <time>2026-08-06T12:05:16Z</time>
        <extensions><gpxtpx:TrackPointExtension><gpxtpx:hr>113</gpxtpx:hr><gpxtpx:cad>85</gpxtpx:cad></gpxtpx:TrackPointExtension><power>169</power></extensions>
      </trkpt>
      <trkpt lat="51.4776077" lon="-0.0072854">
        <ele>38.8</ele>
        <time>2026-08-06T12:05:17Z</time>
        <extensions><gpxtpx:TrackPointExtension><gpxtpx:hr>113</gpxtpx:hr><gpxtpx:cad>85</gpxtpx:cad></gpxtpx:TrackPointExtension><power>170</power></extensions>
      </trkpt>
      <trkpt lat="51.4776275" lon="-0.0072800">
        <ele>38.6</ele>
        <time>2026-08-06T12:05:18Z</time>
        <extensions><gpxtpx:TrackPointExtension><gpxtpx:hr>112</gpxtpx:hr><gpxtpx:cad>85</gpxtpx:cad></gpxtpx:TrackPointExtension><power>170</power></extensions>
      </trkpt>
      <trkpt lat="51.4776473" lon="-0.0072745">
        <ele>38.5</ele>
        <time>2026-08-06T12:05:19Z</time>
        <extensions><gpxtpx:TrackPointExtension><gpxtpx:hr>112</gpxtpx:hr><gpxtpx:cad>85</gpxtpx:cad></gpxtpx:TrackPointExtension><power>170</power></extensions>
      </trkpt>
      <trkpt lat="51.4776671" lon="-0.0072688">
        <ele>38.3</ele>
        <time>2026-08-06T12:05:20Z</time>
        <extensions><gpxtpx:TrackPointExtension><gpxtpx:hr>112</gpxtpx:hr><gpxtpx:cad>85</gpxtpx:cad></gpxtpx:TrackPointExtension><power>170</power></extensions>
      </trkpt>
      <trkpt lat="51.4776869" lon="-0.0072629">
        <ele>38.2</ele>
        <time>2026-08-06T12:05:21Z</time>
        <extensions><gpxtpx:TrackPointExtension><gpxtpx:hr>112</gpxtpx:hr><gpxtpx:cad>85</gpxtpx:cad></gpxtpx:TrackPointExtension><power>170</power></extensions>
      </trkpt>
      <trkpt lat="51.4777067" lon="-0.0072569">
        <ele>38.0</ele>
        <time>2026-08-06T12:05:22Z</time>
        <extensions><gpxtpx:TrackPointExtension><gpxtpx:hr>111</gpxtpx:hr><gpxtpx:cad>85</gpxtpx:cad></gpxtpx:TrackPointExtension><power>170</power></extensions>
      </trkpt>
      <trkpt lat="51.4777264" lon="-0.0072507">
        <ele>37.9</ele>
        <time>2026-08-06T12:05:23Z</time>
        <extensions><gpxtpx:TrackPointExtension><gpxtpx:hr>111</gpxtpx:hr><gpxtpx:cad>85</gpxtpx:cad></gpxtpx:TrackPointExtension><power>171</power></extensions>
      </trkpt>
      <trkpt lat="51.4777462" lon="-0.0072444">
        <ele>37.7</ele>
        <time>2026-08-06T12:05:24Z</time>
        <extensions><gpxtpx:TrackPointExtension><gpxtpx:hr>111</gpxtpx:hr><gpxtpx:cad>85</gpxtpx:cad></gpxtpx:TrackPointExtension><power>171</power></extensions>
      </trkpt>
      <trkpt lat="51.4777659" lon="-0.0072380">
        <ele>37.6</ele>
        <time>2026-08-06T12:05:25Z</time>
        <extensions><gpxtpx:TrackPointExtension><gpxtpx:hr>111</gpxtpx:hr><gpxtpx:cad>85</gpxtpx:cad></gpxtpx:TrackPointExtension><power>171</power></extensions>
      </trkpt>
      <trkpt lat="51.4777857" lon="-0.0072314">
        <ele>37.4</ele>
        <time>2026-08-06T12:05:26Z</time>
        <extensions><gpxtpx:TrackPointExtension><gpxtpx:hr>111</gpxtpx:hr><gpxtpx:cad>85</gpxtpx:cad></gpxtpx:TrackPointExtension><power>171</power></extensions>
      </trkpt>
      <trkpt lat="51.4778054" lon="-0.0072246">
        <ele>37.2</ele>
        <time>2026-08-06T12:05:27Z</time>
        <extensions><gpxtpx:TrackPointExtension><gpxtpx:hr>110</gpxtpx:hr><gpxtpx:cad>85</gpxtpx:cad></gpxtpx:TrackPointExtension><power>171</power></extensions>
      </trkpt>
      <trkpt lat="51.4778251" lon="-0.0072177">
        <ele>37.1</ele>
        <time>2026-08-06T12:05:28Z</time>
        <extensions><gpxtpx:TrackPointExtension><gpxtpx:hr>110</gpxtpx:hr><gpxtpx:cad>85</gpxtpx:cad></gpxtpx:TrackPointExtension><power>172</power></extensions>
      </trkpt>
      <trkpt lat="51.4778448" lon="-0.0072106">
        <ele>36.9</ele>
        <time>2026-08-06T12:05:29Z</time>
        <extensions><gpxtpx:TrackPointExtension><gpxtpx:hr>110</gpxtpx:hr><gpxtpx:cad>85</gpxtpx:cad></gpxtpx:TrackPointExtension><power>172</power></extensions>
      </trkpt>
      <trkpt lat="51.4778644" lon="-0.0072034">
        <ele>36.8</ele>
        <time>2026-08-06T12:05:30Z</time>
        <extensions><gpxtpx:TrackPointExtension><gpxtpx:hr>110</gpxtpx:hr><gpxtpx:cad>85</gpxtpx:cad></gpxtpx:TrackPointExtension><power>172</power></extensions>
      </trkpt>
      <trkpt lat="51.4778841" lon="-0.0071960">
        <ele>36.6</ele>
        <time>2026-08-06T12:05:31Z</time>
        <extensions><gpxtpx:TrackPointExtension><gpxtpx:hr>110</gpxtpx:hr><gpxtpx:cad>85</gpxtpx:cad></gpxtpx:TrackPointExtension><power>172</power></extensions>
      </trkpt>
      <trkpt lat="51.4779037" lon="-0.0071885">
        <ele>36.4</ele>
        <time>2026-08-06T12:05:32Z</time>
        <extensions><gpxtpx:TrackPointExtension><gpxtpx:hr>109</gpxtpx:hr><gpxtpx:cad>85</gpxtpx:cad></gpxtpx:TrackPointExtension><power>173</power></extensions>
      </trkpt>
      <trkpt lat="51.4779233" lon="-0.0071809">
        <ele>36.3</ele>
        <time>2026-08-06T12:05:33Z</time>
        <extensions><gpxtpx:TrackPointExtension><gpxtpx:hr>109</gpxtpx:hr><gpxtpx:cad>85</gpxtpx:cad></gpxtpx:TrackPointExtension><power>173</power></extensions>
      </trkpt>
      <trkpt lat="51.4779429" lon="-0.0071731">
        <ele>36.1</ele>
        <time>2026-08-06T12:05:34Z</time>
        <extensions><gpxtpx:TrackPointExtension><gpxtpx:hr>109</gpxtpx:hr><gpxtpx:cad>85</gpxtpx:cad></gpxtpx:TrackPointExtension><power>173</power></extensions>
      </trkpt>
      <trkpt lat="51.4779625" lon="-0.0071651">
        <ele>35.9</ele>
        <time>2026-08-06T12:05:35Z</time>
        <extensions><gpxtpx:TrackPointExtension><gpxtpx:hr>109</gpxtpx:hr><gpxtpx:cad>85</gpxtpx:cad></gpxtpx:TrackPointExtension><power>174</power></extensions>
      </trkpt>
      <trkpt lat="51.4779821" lon="-0.0071570">
        <ele>35.8</ele>
        <time>2026-08-06T12:05:36Z</time>
        <extensions><gpxtpx:TrackPointExtension><gpxtpx:hr>109</gpxtpx:hr><gpxtpx:cad>85</gpxtpx:cad></gpxtpx:TrackPointExtension><power>174</power></extensions>
      </trkpt>
      <trkpt lat="51.4780016" lon="-0.0071487">
        <ele>35.6</ele>
        <time>2026-08-06T12:05:37Z</time>
        <extensions><gpxtpx:TrackPointExtension><gpxtpx:hr>109</gpxtpx:hr><gpxtpx:cad>85</gpxtpx:cad></gpxtpx:TrackPointExtension><power>174</power></extensions>
      </trkpt>
      <trkpt lat="51.4780211" lon="-0.0071403">
        <ele>35.4</ele>
        <time>2026-08-06T12:05:38Z</time>
        <extensions><gpxtpx:TrackPointExtension><gpxtpx:hr>108</gpxtpx:hr><gpxtpx:cad>86</gpxtpx:cad></gpxtpx:TrackPointExtension><power>175</power></extensions>
      </trkpt>
      <trkpt lat="51.4780406" lon="-0.0071318">
        <ele>35.3</ele>
        <time>2026-08-06T12:05:39Z</time>
        <extensions><gpxtpx:TrackPointExtension><gpxtpx:hr>108</gpxtpx:hr><gpxtpx:cad>86</gpxtpx:cad></gpxtpx:TrackPointExtension><power>175</power></extensions>
      </trkpt>
      <trkpt lat="51.4780600" lon="-0.0071230">
        <ele>35.1</ele>
        <time>2026-08-06T12:05:40Z</time>
        <extensions><gpxtpx:TrackPointExtension><gpxtpx:hr>108</gpxtpx:hr><gpxtpx:cad>86</gpxtpx:cad></gpxtpx:TrackPointExtension><power>175</power></extensions>
      </trkpt>
      <trkpt lat="51.4780795" lon="-0.0071142">
        <ele>34.9</ele>
        <time>2026-08-06T12:05:41Z</time>
        <extensions><gpxtpx:TrackPointExtension><gpxtpx:hr>108</gpxtpx:hr><gpxtpx:cad>86</gpxtpx:cad></gpxtpx:TrackPointExtension><power>175</power></extensions>
      </trkpt>
      <trkpt lat="51.4780989" lon="-0.0071052">
        <ele>34.8</ele>
        <time>2026-08-06T12:05:42Z</time>
        <extensions><gpxtpx:TrackPointExtension><gpxtpx:hr>108</gpxtpx:hr><gpxtpx:cad>86</gpxtpx:cad></gpxtpx:TrackPointExtension><power>176</power></extensions>
      </trkpt>
      <trkpt lat="51.4781183" lon="-0.0070960">
        <ele>34.6</ele>
        <time>2026-08-06T12:05:43Z</time>
        <extensions><gpxtpx:TrackPointExtension><gpxtpx:hr>107</gpxtpx:hr><gpxtpx:cad>86</gpxtpx:cad></gpxtpx:TrackPointExtension><power>176</power></extensions>
      </trkpt>
      <trkpt lat="51.4781376" lon="-0.0070868">
        <ele>34.4</ele>
        <time>2026-08-06T12:05:44Z</time>
        <extensions><gpxtpx:TrackPointExtension><gpxtpx:hr>107</gpxtpx:hr><gpxtpx:cad>86</gpxtpx:cad></gpxtpx:TrackPointExtension><power>177</power></extensions>
      </trkpt>
      <trkpt lat="51.4781570" lon="-0.0070773">
        <ele>34.2</ele>
        <time>2026-08-06T12:05:45Z</time>
        <extensions><gpxtpx:TrackPointExtension><gpxtpx:hr>107</gpxtpx:hr><gpxtpx:cad>86</gpxtpx:cad></gpxtpx:TrackPointExtension><power>177</power></extensions>
      </trkpt>
      <trkpt lat="51.4781763" lon="-0.0070677">
        <ele>34.1</ele>
        <time>2026-08-06T12:05:46Z</time>
        <extensions><gpxtpx:TrackPointExtension><gpxtpx:hr>107</gpxtpx:hr><gpxtpx:cad>86</gpxtpx:cad></gpxtpx:TrackPointExtension><power>177</power></extensions>
      </trkpt>
      <trkpt lat="51.4781955" lon="-0.0070580">
        <ele>33.9</ele>
        <time>2026-08-06T12:05:47Z</time>
        <extensions><gpxtpx:TrackPointExtension><gpxtpx:hr>107</gpxtpx:hr><gpxtpx:cad>86</gpxtpx:cad></gpxtpx:TrackPointExtension><power>178</power></extensions>
      </trkpt>
      <trkpt lat="51.4782148" lon="-0.0070481">
        <ele>33.7</ele>
        <time>2026-08-06T12:05:48Z</time>
        <extensions><gpxtpx:TrackPointExtension><gpxtpx:hr>107</gpxtpx:hr><gpxtpx:cad>86</gpxtpx:cad></gpxtpx:TrackPointExtension><power>178</power></extensions>
      </trkpt>
      <trkpt lat="51.4782340" lon="-0.0070381">
        <ele>33.5</ele>
        <time>2026-08-06T12:05:49Z</time>
        <extensions><gpxtpx:TrackPointExtension><gpxtpx:hr>106</gpxtpx:hr><gpxtpx:cad>86</gpxtpx:cad></gpxtpx:TrackPointExtension><power>178</power></extensions>
      </trkpt>
      <trkpt lat="51.4782532" lon="-0.0070279">
        <ele>33.4</ele>
        <time>2026-08-06T12:05:50Z</time>
        <extensions><gpxtpx:TrackPointExtension><gpxtpx:hr>106</gpxtpx:hr><gpxtpx:cad>86</gpxtpx:cad></gpxtpx:TrackPointExtension><power>179</power></extensions>
      </trkpt>
      <trkpt lat="51.4782723" lon="-0.0070176">
        <ele>33.2</ele>
        <time>2026-08-06T12:05:51Z</time>
        <extensions><gpxtpx:TrackPointExtension><gpxtpx:hr>106</gpxtpx:hr><gpxtpx:cad>86</gpxtpx:cad></gpxtpx:TrackPointExtension><power>179</power></extensions>
      </trkpt>
      <trkpt lat="51.4782914" lon="-0.0070072">
        <ele>33.0</ele>
        <time>2026-08-06T12:05:52Z</time>
        <extensions><gpxtpx:TrackPointExtension><gpxtpx:hr>106</gpxtpx:hr><gpxtpx:cad>86</gpxtpx:cad></gpxtpx:TrackPointExtension><power>179</power></extensions>
      </trkpt>
      <trkpt lat="51.4783105" lon="-0.0069966">
        <ele>32.8</ele>
        <time>2026-08-06T12:05:53Z</time>
        <extensions><gpxtpx:TrackPointExtension><gpxtpx:hr>106</gpxtpx:hr><gpxtpx:cad>86</gpxtpx:cad></gpxtpx:TrackPointExtension><power>180</power></extensions>
      </trkpt>
      <trkpt lat="51.4783295" lon="-0.0069858">
        <ele>32.6</ele>
        <time>2026-08-06T12:05:54Z</time>
        <extensions><gpxtpx:TrackPointExtension><gpxtpx:hr>106</gpxtpx:hr><gpxtpx:cad>86</gpxtpx:cad></gpxtpx:TrackPointExtension><power>180</power></extensions>
      </trkpt>
      <trkpt lat="51.4783485" lon="-0.0069750">
        <ele>32.5</ele>
        <time>2026-08-06T12:05:55Z</time>
        <extensions><gpxtpx:TrackPointExtension><gpxtpx:hr>106</gpxtpx:hr><gpxtpx:cad>86</gpxtpx:cad></gpxtpx:TrackPointExtension><power>181</power></extensions>
      </trkpt>
      <trkpt lat="51.4783675" lon="-0.0069639">
        <ele>32.3</ele>
        <time>2026-08-06T12:05:56Z</time>
        <extensions><gpxtpx:TrackPointExtension><gpxtpx:hr>105</gpxtpx:hr><gpxtpx:cad>86</gpxtpx:cad></gpxtpx:TrackPointExtension><power>181</power></extensions>
      </trkpt>
      <trkpt lat="51.4783865" lon="-0.0069528">
        <ele>32.1</ele>
        <time>2026-08-06T12:05:57Z</time>
        <extensions><gpxtpx:TrackPointExtension><gpxtpx:hr>105</gpxtpx:hr><gpxtpx:cad>86</gpxtpx:cad></gpxtpx:TrackPointExtension><power>181</power></extensions>
      </trkpt>
      <trkpt lat="51.4784054" lon="-0.0069415">
        <ele>31.9</ele>
        <time>2026-08-06T12:05:58Z</time>
        <extensions><gpxtpx:TrackPointExtension><gpxtpx:hr>105</gpxtpx:hr><gpxtpx:cad>86</gpxtpx:cad></gpxtpx:TrackPointExtension><power>182</power></extensions>
      </trkpt>
      <trkpt lat="51.4784242" lon="-0.0069300">
        <ele>31.7</ele>
        <time>2026-08-06T12:05:59Z</time>
        <extensions><gpxtpx:TrackPointExtension><gpxtpx:hr>105</gpxtpx:hr><gpxtpx:cad>86</gpxtpx:cad></gpxtpx:TrackPointExtension><power>182</power></extensions>
      </trkpt>
      <trkpt lat="51.4784430" lon="-0.0069185">
        <ele>31.6</ele>
        <time>2026-08-06T12:06:00Z</time>
        <extensions><gpxtpx:TrackPointExtension><gpxtpx:hr>105</gpxtpx:hr><gpxtpx:cad>86</gpxtpx:cad></gpxtpx:TrackPointExtension><power>182</power></extensions>
      </trkpt>
      <trkpt lat="51.4784618" lon="-0.0069067">
        <ele>31.4</ele>
        <time>2026-08-06T12:06:01Z</time>
        <extensions><gpxtpx:TrackPointExtension><gpxtpx:hr>105</gpxtpx:hr><gpxtpx:cad>86</gpxtpx:cad></gpxtpx:TrackPointExtension><power>183</power></extensions>
      </trkpt>
      <trkpt lat="51.4784806" lon="-0.0068949">
        <ele>31.2</ele>
        <time>2026-08-06T12:06:02Z</time>
        <extensions><gpxtpx:TrackPointExtension><gpxtpx:hr>105</gpxtpx:hr><gpxtpx:cad>86</gpxtpx:cad></gpxtpx:TrackPointExtension><power>183</power></extensions>
      </trkpt>
      <trkpt lat="51.4784993" lon="-0.0068829">
        <ele>31.0</ele>
        <time>2026-08-06T12:06:03Z</time>
        <extensions><gpxtpx:TrackPointExtension><gpxtpx:hr>104</gpxtpx:hr><gpxtpx:cad>86</gpxtpx:cad></gpxtpx:TrackPointExtension><power>184</power></extensions>
      </trkpt>
      <trkpt lat="51.4785179" lon="-0.0068707">
        <ele>30.8</ele>
        <time>2026-08-06T12:06:04Z</time>
        <extensions><gpxtpx:TrackPointExtension><gpxtpx:hr>104</gpxtpx:hr><gpxtpx:cad>86</gpxtpx:cad></gpxtpx:TrackPointExtension><power>184</power></extensions>
      </trkpt>
      <trkpt lat="51.4785366" lon="-0.0068585">
        <ele>30.6</ele>
        <time>2026-08-06T12:06:05Z</time>
        <extensions><gpxtpx:TrackPointExtension><gpxtpx:hr>104</gpxtpx:hr><gpxtpx:cad>86</gpxtpx:cad></gpxtpx:TrackPointExtension><power>184</power></extensions>
      </trkpt>
      <trkpt lat="51.4785551" lon="-0.0068461">
        <ele>30.5</ele>
        <time>2026-08-06T12:06:06Z</time>
        <extensions><gpxtpx:TrackPointExtension><gpxtpx:hr>104</gpxtpx:hr><gpxtpx:cad>86</gpxtpx:cad></gpxtpx:TrackPointExtension><power>185</power></extensions>
      </trkpt>
      <trkpt lat="51.4785737" lon="-0.0068335">
        <ele>30.3</ele>
        <time>2026-08-06T12:06:07Z</time>
        <extensions><gpxtpx:TrackPointExtension><gpxtpx:hr>104</gpxtpx:hr><gpxtpx:cad>86</gpxtpx:cad></gpxtpx:TrackPointExtension><power>185</power></extensions>
      </trkpt>
      <trkpt lat="51.4785922" lon="-0.0068208">
        <ele>30.1</ele>
        <time>2026-08-06T12:06:08Z</time>
        <extensions><gpxtpx:TrackPointExtension><gpxtpx:hr>104</gpxtpx:hr><gpxtpx:cad>86</gpxtpx:cad></gpxtpx:TrackPointExtension><power>186</power></extensions>
      </trkpt>
      <trkpt lat="51.4786106" lon="-0.0068080">
        <ele>29.9</ele>
        <time>2026-08-06T12:06:09Z</time>
        <extensions><gpxtpx:TrackPointExtension><gpxtpx:hr>104</gpxtpx:hr><gpxtpx:cad>86</gpxtpx:cad></gpxtpx:TrackPointExtension><power>186</power></extensions>
      </trkpt>
      <trkpt lat="51.4786290" lon="-0.0067951">
        <ele>29.7</ele>
        <time>2026-08-06T12:06:10Z</time>
        <extensions><gpxtpx:TrackPointExtension><gpxtpx:hr>104</gpxtpx:hr><gpxtpx:cad>86</gpxtpx:cad></gpxtpx:TrackPointExtension><power>186</power></extensions>
      </trkpt>
      <trkpt lat="51.4786474" lon="-0.0067820">
        <ele>29.5</ele>
        <time>2026-08-06T12:06:11Z</time>
        <extensions><gpxtpx:TrackPointExtension><gpxtpx:hr>103</gpxtpx:hr><gpxtpx:cad>86</gpxtpx:cad></gpxtpx:TrackPointExtension><power>187</power></extensions>
      </trkpt>
      <trkpt lat="51.4786657" lon="-0.0067688">
        <ele>29.4</ele>
        <time>2026-08-06T12:06:12Z</time>
        <extensions><gpxtpx:TrackPointExtension><gpxtpx:hr>103</gpxtpx:hr><gpxtpx:cad>86</gpxtpx:cad></gpxtpx:TrackPointExtension><power>187</power></extensions>
      </trkpt>
      <trkpt lat="51.4786840" lon="-0.0067554">
        <ele>29.2</ele>
        <time>2026-08-06T12:06:13Z</time>
        <extensions><gpxtpx:TrackPointExtension><gpxtpx:hr>103</gpxtpx:hr><gpxtpx:cad>86</gpxtpx:cad></gpxtpx:TrackPointExtension><power>188</power></extensions>
      </trkpt>
      <trkpt lat="51.4787022" lon="-0.0067420">
        <ele>29.0</ele>
        <time>2026-08-06T12:06:14Z</time>
        <extensions><gpxtpx:TrackPointExtension><gpxtpx:hr>103</gpxtpx:hr><gpxtpx:cad>86</gpxtpx:cad></gpxtpx:TrackPointExtension><power>188</power></extensions>
      </trkpt>
      <trkpt lat="51.4787204" lon="-0.0067284">
        <ele>28.8</ele>
        <time>2026-08-06T12:06:15Z</time>
        <extensions><gpxtpx:TrackPointExtension><gpxtpx:hr>103</gpxtpx:hr><gpxtpx:cad>86</gpxtpx:cad></gpxtpx:TrackPointExtension><power>188</power></extensions>
      </trkpt>
      <trkpt lat="51.4787385" lon="-0.0067146">
        <ele>28.6</ele>
        <time>2026-08-06T12:06:16Z</time>
        <extensions><gpxtpx:TrackPointExtension><gpxtpx:hr>103</gpxtpx:hr><gpxtpx:cad>86</gpxtpx:cad></gpxtpx:TrackPointExtension><power>189</power></extensions>
      </trkpt>
      <trkpt lat="51.4787566" lon="-0.0067007">
        <ele>28.4</ele>
        <time>2026-08-06T12:06:17Z</time>
        <extensions><gpxtpx:TrackPointExtension><gpxtpx:hr>103</gpxtpx:hr><gpxtpx:cad>86</gpxtpx:cad></gpxtpx:TrackPointExtension><power>189</power></extensions>
      </trkpt>
      <trkpt lat="51.4787746" lon="-0.0066867">
        <ele>28.3</ele>
        <time>2026-08-06T12:06:18Z</time>
        <extensions><gpxtpx:TrackPointExtension><gpxtpx:hr>103</gpxtpx:hr><gpxtpx:cad>86</gpxtpx:cad></gpxtpx:TrackPointExtension><power>189</power></extensions>
      </trkpt>
      <trkpt lat="51.4787926" lon="-0.0066726">
        <ele>28.1</ele>
        <time>2026-08-06T12:06:19Z</time>
        <extensions><gpxtpx:TrackPointExtension><gpxtpx:hr>103</gpxtpx:hr><gpxtpx:cad>86</gpxtpx:cad></gpxtpx:TrackPointExtension><power>190</power></extensions>
      </trkpt>
      <trkpt lat="51.4788105" lon="-0.0066584">
        <ele>27.9</ele>
        <time>2026-08-06T12:06:20Z</time>
        <extensions><gpxtpx:TrackPointExtension><gpxtpx:hr>102</gpxtpx:hr><gpxtpx:cad>86</gpxtpx:cad></gpxtpx:TrackPointExtension><power>190</power></extensions>
      </trkpt>
      <trkpt lat="51.4788284" lon="-0.0066440">
        <ele>27.7</ele>
        <time>2026-08-06T12:06:21Z</time>
        <extensions><gpxtpx:TrackPointExtension><gpxtpx:hr>102</gpxtpx:hr><gpxtpx:cad>86</gpxtpx:cad></gpxtpx:TrackPointExtension><power>191</power></extensions>
      </trkpt>
      <trkpt lat="51.4788462" lon="-0.0066295">
        <ele>27.5</ele>
        <time>2026-08-06T12:06:22Z</time>
        <extensions><gpxtpx:TrackPointExtension><gpxtpx:hr>102</gpxtpx:hr><gpxtpx:cad>86</gpxtpx:cad></gpxtpx:TrackPointExtension><power>191</power></extensions>
      </trkpt>
      <trkpt lat="51.4788640" lon="-0.0066148">
        <ele>27.3</ele>
        <time>2026-08-06T12:06:23Z</time>
        <extensions><gpxtpx:TrackPointExtension><gpxtpx:hr>102</gpxtpx:hr><gpxtpx:cad>86</gpxtpx:cad></gpxtpx:TrackPointExtension><power>191</power></extensions>
      </trkpt>
      <trkpt lat="51.4788817" lon="-0.0066001">
        <ele>27.2</ele>
        <time>2026-08-06T12:06:24Z</time>
        <extensions><gpxtpx:TrackPointExtension><gpxtpx:hr>102</gpxtpx:hr><gpxtpx:cad>86</gpxtpx:cad></gpxtpx:TrackPointExtension><power>192</power></extensions>
      </trkpt>
      <trkpt lat="51.4788994" lon="-0.0065852">
        <ele>27.0</ele>
        <time>2026-08-06T12:06:25Z</time>
        <extensions><gpxtpx:TrackPointExtension><gpxtpx:hr>102</gpxtpx:hr><gpxtpx:cad>86</gpxtpx:cad></gpxtpx:TrackPointExtension><power>192</power></extensions>
      </trkpt>
      <trkpt lat="51.4789170" lon="-0.0065702">
        <ele>26.8</ele>
        <time>2026-08-06T12:06:26Z</time>
        <extensions><gpxtpx:TrackPointExtension><gpxtpx:hr>102</gpxtpx:hr><gpxtpx:cad>86</gpxtpx:cad></gpxtpx:TrackPointExtension><power>192</power></extensions>
      </trkpt>
      <trkpt lat="51.4789346" lon="-0.0065550">
        <ele>26.6</ele>
        <time>2026-08-06T12:06:27Z</time>
        <extensions><gpxtpx:TrackPointExtension><gpxtpx:hr>102</gpxtpx:hr><gpxtpx:cad>86</gpxtpx:cad></gpxtpx:TrackPointExtension><power>193</power></extensions>
      </trkpt>
      <trkpt lat="51.4789521" lon="-0.0065398">
        <ele>26.4</ele>
        <time>2026-08-06T12:06:28Z</time>
        <extensions><gpxtpx:TrackPointExtension><gpxtpx:hr>102</gpxtpx:hr><gpxtpx:cad>86</gpxtpx:cad></gpxtpx:TrackPointExtension><power>193</power></extensions>
      </trkpt>
      <trkpt lat="51.4789696" lon="-0.0065244">
        <ele>26.2</ele>
        <time>2026-08-06T12:06:29Z</time>
        <extensions><gpxtpx:TrackPointExtension><gpxtpx:hr>102</gpxtpx:hr><gpxtpx:cad>86</gpxtpx:cad></gpxtpx:TrackPointExtension><power>194</power></extensions>
      </trkpt>
      <trkpt lat="51.4789870" lon="-0.0065089">
        <ele>26.1</ele>
        <time>2026-08-06T12:06:30Z</time>
        <extensions><gpxtpx:TrackPointExtension><gpxtpx:hr>102</gpxtpx:hr><gpxtpx:cad>86</gpxtpx:cad></gpxtpx:TrackPointExtension><power>194</power></extensions>
      </trkpt>
      <trkpt lat="51.4790044" lon="-0.0064933">
        <ele>25.9</ele>
        <time>2026-08-06T12:06:31Z</time>
        <extensions><gpxtpx:TrackPointExtension><gpxtpx:hr>102</gpxtpx:hr><gpxtpx:cad>86</gpxtpx:cad></gpxtpx:TrackPointExtension><power>194</power></extensions>
      </trkpt>
      <trkpt lat="51.4790217" lon="-0.0064775">
        <ele>25.7</ele>
        <time>2026-08-06T12:06:32Z</time>
        <extensions><gpxtpx:TrackPointExtension><gpxtpx:hr>102</gpxtpx:hr><gpxtpx:cad>86</gpxtpx:cad></gpxtpx:TrackPointExtension><power>195</power></extensions>
      </trkpt>
      <trkpt lat="51.4790389" lon="-0.0064616">
        <ele>25.5</ele>
        <time>2026-08-06T12:06:33Z</time>
        <extensions><gpxtpx:TrackPointExtension><gpxtpx:hr>101</gpxtpx:hr><gpxtpx:cad>86</gpxtpx:cad></gpxtpx:TrackPointExtension><power>195</power></extensions>
      </trkpt>
      <trkpt lat="51.4790561" lon="-0.0064457">
        <ele>25.3</ele>
        <time>2026-08-06T12:06:34Z</time>
        <extensions><gpxtpx:TrackPointExtension><gpxtpx:hr>101</gpxtpx:hr><gpxtpx:cad>86</gpxtpx:cad></gpxtpx:TrackPointExtension><power>195</power></extensions>
      </trkpt>
      <trkpt lat="51.4790733" lon="-0.0064295">
        <ele>25.2</ele>
        <time>2026-08-06T12:06:35Z</time>
        <extensions><gpxtpx:TrackPointExtension><gpxtpx:hr>101</gpxtpx:hr><gpxtpx:cad>86</gpxtpx:cad></gpxtpx:TrackPointExtension><power>196</power></extensions>
      </trkpt>
      <trkpt lat="51.4790903" lon="-0.0064133">
        <ele>25.0</ele>
        <time>2026-08-06T12:06:36Z</time>
        <extensions><gpxtpx:TrackPointExtension><gpxtpx:hr>101</gpxtpx:hr><gpxtpx:cad>86</gpxtpx:cad></gpxtpx:TrackPointExtension><power>196</power></extensions>
      </trkpt>
      <trkpt lat="51.4791074" lon="-0.0063970">
        <ele>24.8</ele>
        <time>2026-08-06T12:06:37Z</time>
        <extensions><gpxtpx:TrackPointExtension><gpxtpx:hr>101</gpxtpx:hr><gpxtpx:cad>86</gpxtpx:cad></gpxtpx:TrackPointExtension><power>196</power></extensions>
      </trkpt>
      <trkpt lat="51.4791243" lon="-0.0063805">
        <ele>24.6</ele>
        <time>2026-08-06T12:06:38Z</time>
        <extensions><gpxtpx:TrackPointExtension><gpxtpx:hr>101</gpxtpx:hr><gpxtpx:cad>86</gpxtpx:cad></gpxtpx:TrackPointExtension><power>197</power></extensions>
      </trkpt>
      <trkpt lat="51.4791413" lon="-0.0063639">
        <ele>24.4</ele>
        <time>2026-08-06T12:06:39Z</time>
        <extensions><gpxtpx:TrackPointExtension><gpxtpx:hr>101</gpxtpx:hr><gpxtpx:cad>86</gpxtpx:cad></gpxtpx:TrackPointExtension><power>197</power></extensions>
      </trkpt>
      <trkpt lat="51.4791581" lon="-0.0063472">
        <ele>24.3</ele>
        <time>2026-08-06T12:06:40Z</time>
        <extensions><gpxtpx:TrackPointExtension><gpxtpx:hr>101</gpxtpx:hr><gpxtpx:cad>86</gpxtpx:cad></gpxtpx:TrackPointExtension><power>197</power></extensions>
      </trkpt>
      <trkpt lat="51.4791749" lon="-0.0063304">
        <ele>24.1</ele>
        <time>2026-08-06T12:06:41Z</time>
        <extensions><gpxtpx:TrackPointExtension><gpxtpx:hr>101</gpxtpx:hr><gpxtpx:cad>86</gpxtpx:cad></gpxtpx:TrackPointExtension><power>198</power></extensions>
      </trkpt>
      <trkpt lat="51.4791917" lon="-0.0063135">
        <ele>23.9</ele>
        <time>2026-08-06T12:06:42Z</time>
        <extensions><gpxtpx:TrackPointExtension><gpxtpx:hr>101</gpxtpx:hr><gpxtpx:cad>86</gpxtpx:cad></gpxtpx:TrackPointExtension><power>198</power></extensions>
      </trkpt>
      <trkpt lat="51.4792083" lon="-0.0062965">
        <ele>23.7</ele>
        <time>2026-08-06T12:06:43Z</time>
        <extensions><gpxtpx:TrackPointExtension><gpxtpx:hr>101</gpxtpx:hr><gpxtpx:cad>86</gpxtpx:cad></gpxtpx:TrackPointExtension><power>198</power></extensions>
      </trkpt>
      <trkpt lat="51.4792250" lon="-0.0062793">
        <ele>23.6</ele>
        <time>2026-08-06T12:06:44Z</time>
        <extensions><gpxtpx:TrackPointExtension><gpxtpx:hr>101</gpxtpx:hr><gpxtpx:cad>86</gpxtpx:cad></gpxtpx:TrackPointExtension><power>199</power></extensions>
      </trkpt>
      <trkpt lat="51.4792415" lon="-0.0062620">
        <ele>23.4</ele>
        <time>2026-08-06T12:06:45Z</time>
        <extensions><gpxtpx:TrackPointExtension><gpxtpx:hr>101</gpxtpx:hr><gpxtpx:cad>86</gpxtpx:cad></gpxtpx:TrackPointExtension><power>199</power></extensions>
      </trkpt>
      <trkpt lat="51.4792581" lon="-0.0062446">
        <ele>23.2</ele>
        <time>2026-08-06T12:06:46Z</time>
        <extensions><gpxtpx:TrackPointExtension><gpxtpx:hr>101</gpxtpx:hr><gpxtpx:cad>86</gpxtpx:cad></gpxtpx:TrackPointExtension><power>199</power></extensions>
      </trkpt>
      <trkpt lat="51.4792745" lon="-0.0062271">
        <ele>23.0</ele>
        <time>2026-08-06T12:06:47Z</time>
        <extensions><gpxtpx:TrackPointExtension><gpxtpx:hr>101</gpxtpx:hr><gpxtpx:cad>86</gpxtpx:cad></gpxtpx:TrackPointExtension><power>199</power></extensions>
      </trkpt>
      <trkpt lat="51.4792909" lon="-0.0062095">
        <ele>22.9</ele>
        <time>2026-08-06T12:06:48Z</time>
        <extensions><gpxtpx:TrackPointExtension><gpxtpx:hr>101</gpxtpx:hr><gpxtpx:cad>86</gpxtpx:cad></gpxtpx:TrackPointExtension><power>200</power></extensions>
      </trkpt>
      <trkpt lat="51.4793072" lon="-0.0061918">
        <ele>22.7</ele>
        <time>2026-08-06T12:06:49Z</time>
        <extensions><gpxtpx:TrackPointExtension><gpxtpx:hr>101</gpxtpx:hr><gpxtpx:cad>86</gpxtpx:cad></gpxtpx:TrackPointExtension><power>200</power></extensions>
      </trkpt>
      <trkpt lat="51.4793235" lon="-0.0061740">
        <ele>22.5</ele>
        <time>2026-08-06T12:06:50Z</time>
        <extensions><gpxtpx:TrackPointExtension><gpxtpx:hr>101</gpxtpx:hr><gpxtpx:cad>86</gpxtpx:cad></gpxtpx:TrackPointExtension><power>200</power></extensions>
      </trkpt>
      <trkpt lat="51.4793397" lon="-0.0061560">
        <ele>22.3</ele>
        <time>2026-08-06T12:06:51Z</time>
        <extensions><gpxtpx:TrackPointExtension><gpxtpx:hr>101</gpxtpx:hr><gpxtpx:cad>86</gpxtpx:cad></gpxtpx:TrackPointExtension><power>201</power></extensions>
      </trkpt>
      <trkpt lat="51.4793559" lon="-0.0061380">
        <ele>22.2</ele>
        <time>2026-08-06T12:06:52Z</time>
        <extensions><gpxtpx:TrackPointExtension><gpxtpx:hr>101</gpxtpx:hr><gpxtpx:cad>86</gpxtpx:cad></gpxtpx:TrackPointExtension><power>201</power></extensions>
      </trkpt>
      <trkpt lat="51.4793720" lon="-0.0061198">
        <ele>22.0</ele>
        <time>2026-08-06T12:06:53Z</time>
        <extensions><gpxtpx:TrackPointExtension><gpxtpx:hr>101</gpxtpx:hr><gpxtpx:cad>86</gpxtpx:cad></gpxtpx:TrackPointExtension><power>201</power></extensions>
      </trkpt>
      <trkpt lat="51.4793880" lon="-0.0061015">
        <ele>21.8</ele>
        <time>2026-08-06T12:06:54Z</time>
        <extensions><gpxtpx:TrackPointExtension><gpxtpx:hr>101</gpxtpx:hr><gpxtpx:cad>86</gpxtpx:cad></gpxtpx:TrackPointExtension><power>201</power></extensions>
      </trkpt>
      <trkpt lat="51.4794040" lon="-0.0060832">
        <ele>21.7</ele>
        <time>2026-08-06T12:06:55Z</time>
        <extensions><gpxtpx:TrackPointExtension><gpxtpx:hr>101</gpxtpx:hr><gpxtpx:cad>86</gpxtpx:cad></gpxtpx:TrackPointExtension><power>202</power></extensions>
      </trkpt>
      <trkpt lat="51.4794199" lon="-0.0060647">
        <ele>21.5</ele>
        <time>2026-08-06T12:06:56Z</time>
        <extensions><gpxtpx:TrackPointExtension><gpxtpx:hr>101</gpxtpx:hr><gpxtpx:cad>86</gpxtpx:cad></gpxtpx:TrackPointExtension><power>202</power></extensions>
      </trkpt>
      <trkpt lat="51.4794358" lon="-0.0060461">
        <ele>21.3</ele>
        <time>2026-08-06T12:06:57Z</time>
        <extensions><gpxtpx:TrackPointExtension><gpxtpx:hr>101</gpxtpx:hr><gpxtpx:cad>86</gpxtpx:cad></gpxtpx:TrackPointExtension><power>202</power></extensions>
      </trkpt>
      <trkpt lat="51.4794516" lon="-0.0060273">
        <ele>21.2</ele>
        <time>2026-08-06T12:06:58Z</time>
        <extensions><gpxtpx:TrackPointExtension><gpxtpx:hr>101</gpxtpx:hr><gpxtpx:cad>86</gpxtpx:cad></gpxtpx:TrackPointExtension><power>203</power></extensions>
      </trkpt>
      <trkpt lat="51.4794673" lon="-0.0060085">
        <ele>21.0</ele>
        <time>2026-08-06T12:06:59Z</time>
        <extensions><gpxtpx:TrackPointExtension><gpxtpx:hr>101</gpxtpx:hr><gpxtpx:cad>86</gpxtpx:cad></gpxtpx:TrackPointExtension><power>203</power></extensions>
      </trkpt>
      <trkpt lat="51.4794830" lon="-0.0059896">
        <ele>20.8</ele>
        <time>2026-08-06T12:07:00Z</time>
        <extensions><gpxtpx:TrackPointExtension><gpxtpx:hr>101</gpxtpx:hr><gpxtpx:cad>86</gpxtpx:cad></gpxtpx:TrackPointExtension><power>203</power></extensions>
      </trkpt>
      <trkpt lat="51.4794986" lon="-0.0059706">
        <ele>20.7</ele>
        <time>2026-08-06T12:07:01Z</time>
        <extensions><gpxtpx:TrackPointExtension><gpxtpx:hr>101</gpxtpx:hr><gpxtpx:cad>86</gpxtpx:cad></gpxtpx:TrackPointExtension><power>203</power></extensions>
      </trkpt>
      <trkpt lat="51.4795142" lon="-0.0059514">
        <ele>20.5</ele>
        <time>2026-08-06T12:07:02Z</time>
        <extensions><gpxtpx:TrackPointExtension><gpxtpx:hr>101</gpxtpx:hr><gpxtpx:cad>86</gpxtpx:cad></gpxtpx:TrackPointExtension><power>204</power></extensions>
      </trkpt>
      <trkpt lat="51.4795297" lon="-0.0059322">
        <ele>20.4</ele>
        <time>2026-08-06T12:07:03Z</time>
        <extensions><gpxtpx:TrackPointExtension><gpxtpx:hr>101</gpxtpx:hr><gpxtpx:cad>86</gpxtpx:cad></gpxtpx:TrackPointExtension><power>204</power></extensions>
      </trkpt>
      <trkpt lat="51.4795451" lon="-0.0059128">
        <ele>20.2</ele>
        <time>2026-08-06T12:07:04Z</time>
        <extensions><gpxtpx:TrackPointExtension><gpxtpx:hr>101</gpxtpx:hr><gpxtpx:cad>86</gpxtpx:cad></gpxtpx:TrackPointExtension><power>204</power></extensions>
      </trkpt>
      <trkpt lat="51.4795605" lon="-0.0058934">
        <ele>20.0</ele>
        <time>2026-08-06T12:07:05Z</time>
        <extensions><gpxtpx:TrackPointExtension><gpxtpx:hr>101</gpxtpx:hr><gpxtpx:cad>86</gpxtpx:cad></gpxtpx:TrackPointExtension><power>204</power></extensions>
      </trkpt>
      <trkpt lat="51.4795758" lon="-0.0058738">
        <ele>19.9</ele>
        <time>2026-08-06T12:07:06Z</time>
        <extensions><gpxtpx:TrackPointExtension><gpxtpx:hr>101</gpxtpx:hr><gpxtpx:cad>86</gpxtpx:cad></gpxtpx:TrackPointExtension><power>205</power></extensions>
      </trkpt>
      <trkpt lat="51.4795910" lon="-0.0058541">
        <ele>19.7</ele>
        <time>2026-08-06T12:07:07Z</time>
        <extensions><gpxtpx:TrackPointExtension><gpxtpx:hr>101</gpxtpx:hr><gpxtpx:cad>86</gpxtpx:cad></gpxtpx:TrackPointExtension><power>205</power></extensions>
      </trkpt>
      <trkpt lat="51.4796062" lon="-0.0058344">
        <ele>19.6</ele>
        <time>2026-08-06T12:07:08Z</time>
        <extensions><gpxtpx:TrackPointExtension><gpxtpx:hr>101</gpxtpx:hr><gpxtpx:cad>86</gpxtpx:cad></gpxtpx:TrackPointExtension><power>205</power></extensions>
      </trkpt>
      <trkpt lat="51.4796214" lon="-0.0058145">
        <ele>19.4</ele>
        <time>2026-08-06T12:07:09Z</time>
        <extensions><gpxtpx:TrackPointExtension><gpxtpx:hr>101</gpxtpx:hr><gpxtpx:cad>86</gpxtpx:cad></gpxtpx:TrackPointExtension><power>205</power></extensions>
      </trkpt>
      <trkpt lat="51.4796364" lon="-0.0057945">
        <ele>19.2</ele>
        <time>2026-08-06T12:07:10Z</time>
        <extensions><gpxtpx:TrackPointExtension><gpxtpx:hr>101</gpxtpx:hr><gpxtpx:cad>86</gpxtpx:cad></gpxtpx:TrackPointExtension><power>206</power></extensions>
      </trkpt>
      <trkpt lat="51.4796514" lon="-0.0057744">
        <ele>19.1</ele>
        <time>2026-08-06T12:07:11Z</time>
        <extensions><gpxtpx:TrackPointExtension><gpxtpx:hr>101</gpxtpx:hr><gpxtpx:cad>86</gpxtpx:cad></gpxtpx:TrackPointExtension><power>206</power></extensions>
      </trkpt>
      <trkpt lat="51.4796664" lon="-0.0057542">
        <ele>18.9</ele>
        <time>2026-08-06T12:07:12Z</time>
        <extensions><gpxtpx:TrackPointExtension><gpxtpx:hr>101</gpxtpx:hr><gpxtpx:cad>86</gpxtpx:cad></gpxtpx:TrackPointExtension><power>206</power></extensions>
      </trkpt>
      <trkpt lat="51.4796813" lon="-0.0057339">
        <ele>18.8</ele>
        <time>2026-08-06T12:07:13Z</time>
        <extensions><gpxtpx:TrackPointExtension><gpxtpx:hr>101</gpxtpx:hr><gpxtpx:cad>86</gpxtpx:cad></gpxtpx:TrackPointExtension><power>206</power></extensions>
      </trkpt>
      <trkpt lat="51.4796961" lon="-0.0057135">
        <ele>18.6</ele>
        <time>2026-08-06T12:07:14Z</time>
        <extensions><gpxtpx:TrackPointExtension><gpxtpx:hr>101</gpxtpx:hr><gpxtpx:cad>86</gpxtpx:cad></gpxtpx:TrackPointExtension><power>207</power></extensions>
      </trkpt>
      <trkpt lat="51.4797108" lon="-0.0056930">
        <ele>18.5</ele>
        <time>2026-08-06T12:07:15Z</time>
        <extensions><gpxtpx:TrackPointExtension><gpxtpx:hr>101</gpxtpx:hr><gpxtpx:cad>86</gpxtpx:cad></gpxtpx:TrackPointExtension><power>207</power></extensions>
      </trkpt>
      <trkpt lat="51.4797255" lon="-0.0056724">
        <ele>18.3</ele>
        <time>2026-08-06T12:07:16Z</time>
        <extensions><gpxtpx:TrackPointExtension><gpxtpx:hr>101</gpxtpx:hr><gpxtpx:cad>86</gpxtpx:cad></gpxtpx:TrackPointExtension><power>207</power></extensions>
      </trkpt>
      <trkpt lat="51.4797402" lon="-0.0056517">
        <ele>18.2</ele>
        <time>2026-08-06T12:07:17Z</time>
        <extensions><gpxtpx:TrackPointExtension><gpxtpx:hr>101</gpxtpx:hr><gpxtpx:cad>86</gpxtpx:cad></gpxtpx:TrackPointExtension><power>207</power></extensions>
      </trkpt>
      <trkpt lat="51.4797547" lon="-0.0056309">
        <ele>18.0</ele>
        <time>2026-08-06T12:07:18Z</time>
        <extensions><gpxtpx:TrackPointExtension><gpxtpx:hr>101</gpxtpx:hr><gpxtpx:cad>86</gpxtpx:cad></gpxtpx:TrackPointExtension><power>208</power></extensions>
      </trkpt>
      <trkpt lat="51.4797693" lon="-0.0056100">
        <ele>17.9</ele>
        <time>2026-08-06T12:07:19Z</time>
        <extensions><gpxtpx:TrackPointExtension><gpxtpx:hr>101</gpxtpx:hr><gpxtpx:cad>87</gpxtpx:cad></gpxtpx:TrackPointExtension><power>208</power></extensions>
      </trkpt>
      <trkpt lat="51.4797837" lon="-0.0055890">
        <ele>17.7</ele>
        <time>2026-08-06T12:07:20Z</time>
        <extensions><gpxtpx:TrackPointExtension><gpxtpx:hr>101</gpxtpx:hr><gpxtpx:cad>87</gpxtpx:cad></gpxtpx:TrackPointExtension><power>208</power></extensions>
      </trkpt>
      <trkpt lat="51.4797981" lon="-0.0055679">
        <ele>17.6</ele>
        <time>2026-08-06T12:07:21Z</time>
        <extensions><gpxtpx:TrackPointExtension><gpxtpx:hr>102</gpxtpx:hr><gpxtpx:cad>87</gpxtpx:cad></gpxtpx:TrackPointExtension><power>208</power></extensions>
      </trkpt>
      <trkpt lat="51.4798124" lon="-0.0055467">
        <ele>17.5</ele>
        <time>2026-08-06T12:07:22Z</time>
        <extensions><gpxtpx:TrackPointExtension><gpxtpx:hr>102</gpxtpx:hr><gpxtpx:cad>87</gpxtpx:cad></gpxtpx:TrackPointExtension><power>209</power></extensions>
      </trkpt>
      <trkpt lat="51.4798267" lon="-0.0055254">
        <ele>17.3</ele>
        <time>2026-08-06T12:07:23Z</time>
        <extensions><gpxtpx:TrackPointExtension><gpxtpx:hr>102</gpxtpx:hr><gpxtpx:cad>87</gpxtpx:cad></gpxtpx:TrackPointExtension><power>209</power></extensions>
      </trkpt>
      <trkpt lat="51.4798409" lon="-0.0055039">
        <ele>17.2</ele>
        <time>2026-08-06T12:07:24Z</time>
        <extensions><gpxtpx:TrackPointExtension><gpxtpx:hr>102</gpxtpx:hr><gpxtpx:cad>87</gpxtpx:cad></gpxtpx:TrackPointExtension><power>209</power></extensions>
      </trkpt>
      <trkpt lat="51.4798550" lon="-0.0054824">
        <ele>17.0</ele>
        <time>2026-08-06T12:07:25Z</time>
        <extensions><gpxtpx:TrackPointExtension><gpxtpx:hr>102</gpxtpx:hr><gpxtpx:cad>87</gpxtpx:cad></gpxtpx:TrackPointExtension><power>209</power></extensions>
      </trkpt>
      <trkpt lat="51.4798691" lon="-0.0054608">
        <ele>16.9</ele>
        <time>2026-08-06T12:07:26Z</time>
        <extensions><gpxtpx:TrackPointExtension><gpxtpx:hr>102</gpxtpx:hr><gpxtpx:cad>87</gpxtpx:cad></gpxtpx:TrackPointExtension><power>210</power></extensions>
      </trkpt>
      <trkpt lat="51.4798831" lon="-0.0054391">
        <ele>16.8</ele>
        <time>2026-08-06T12:07:27Z</time>
        <extensions><gpxtpx:TrackPointExtension><gpxtpx:hr>102</gpxtpx:hr><gpxtpx:cad>87</gpxtpx:cad></gpxtpx:TrackPointExtension><power>210</power></extensions>
      </trkpt>
      <trkpt lat="51.4798971" lon="-0.0054172">
        <ele>16.6</ele>
        <time>2026-08-06T12:07:28Z</time>
        <extensions><gpxtpx:TrackPointExtension><gpxtpx:hr>102</gpxtpx:hr><gpxtpx:cad>87</gpxtpx:cad></gpxtpx:TrackPointExtension><power>210</power></extensions>
      </trkpt>
      <trkpt lat="51.4799110" lon="-0.0053953">
        <ele>16.5</ele>
        <time>2026-08-06T12:07:29Z</time>
        <extensions><gpxtpx:TrackPointExtension><gpxtpx:hr>102</gpxtpx:hr><gpxtpx:cad>87</gpxtpx:cad></gpxtpx:TrackPointExtension><power>210</power></extensions>
      </trkpt>
      <trkpt lat="51.4799248" lon="-0.0053733">
        <ele>16.3</ele>
        <time>2026-08-06T12:07:30Z</time>
        <extensions><gpxtpx:TrackPointExtension><gpxtpx:hr>102</gpxtpx:hr><gpxtpx:cad>87</gpxtpx:cad></gpxtpx:TrackPointExtension><power>211</power></extensions>
      </trkpt>
      <trkpt lat="51.4799386" lon="-0.0053512">
        <ele>16.2</ele>
        <time>2026-08-06T12:07:31Z</time>
        <extensions><gpxtpx:TrackPointExtension><gpxtpx:hr>102</gpxtpx:hr><gpxtpx:cad>87</gpxtpx:cad></gpxtpx:TrackPointExtension><power>211</power></extensions>
      </trkpt>
      <trkpt lat="51.4799523" lon="-0.0053289">
        <ele>16.1</ele>
        <time>2026-08-06T12:07:32Z</time>
        <extensions><gpxtpx:TrackPointExtension><gpxtpx:hr>102</gpxtpx:hr><gpxtpx:cad>87</gpxtpx:cad></gpxtpx:TrackPointExtension><power>211</power></extensions>
      </trkpt>
      <trkpt lat="51.4799659" lon="-0.0053066">
        <ele>15.9</ele>
        <time>2026-08-06T12:07:33Z</time>
        <extensions><gpxtpx:TrackPointExtension><gpxtpx:hr>102</gpxtpx:hr><gpxtpx:cad>87</gpxtpx:cad></gpxtpx:TrackPointExtension><power>211</power></extensions>
      </trkpt>
      <trkpt lat="51.4799795" lon="-0.0052842">
        <ele>15.8</ele>
        <time>2026-08-06T12:07:34Z</time>
        <extensions><gpxtpx:TrackPointExtension><gpxtpx:hr>103</gpxtpx:hr><gpxtpx:cad>87</gpxtpx:cad></gpxtpx:TrackPointExtension><power>212</power></extensions>
      </trkpt>
      <trkpt lat="51.4799930" lon="-0.0052616">
        <ele>15.7</ele>
        <time>2026-08-06T12:07:35Z</time>
        <extensions><gpxtpx:TrackPointExtension><gpxtpx:hr>103</gpxtpx:hr><gpxtpx:cad>87</gpxtpx:cad></gpxtpx:TrackPointExtension><power>212</power></extensions>
      </trkpt>
      <trkpt lat="51.4800065" lon="-0.0052390">
        <ele>15.6</ele>
        <time>2026-08-06T12:07:36Z</time>
        <extensions><gpxtpx:TrackPointExtension><gpxtpx:hr>103</gpxtpx:hr><gpxtpx:cad>87</gpxtpx:cad></gpxtpx:TrackPointExtension><power>212</power></extensions>
      </trkpt>
      <trkpt lat="51.4800199" lon="-0.0052162">
        <ele>15.4</ele>
        <time>2026-08-06T12:07:37Z</time>
        <extensions><gpxtpx:TrackPointExtension><gpxtpx:hr>103</gpxtpx:hr><gpxtpx:cad>87</gpxtpx:cad></gpxtpx:TrackPointExtension><power>212</power></extensions>
      </trkpt>
      <trkpt lat="51.4800332" lon="-0.0051934">
        <ele>15.3</ele>
        <time>2026-08-06T12:07:38Z</time>
        <extensions><gpxtpx:TrackPointExtension><gpxtpx:hr>103</gpxtpx:hr><gpxtpx:cad>87</gpxtpx:cad></gpxtpx:TrackPointExtension><power>213</power></extensions>
      </trkpt>
      <trkpt lat="51.4800465" lon="-0.0051705">
        <ele>15.2</ele>
        <time>2026-08-06T12:07:39Z</time>
        <extensions><gpxtpx:TrackPointExtension><gpxtpx:hr>103</gpxtpx:hr><gpxtpx:cad>87</gpxtpx:cad></gpxtpx:TrackPointExtension><power>213</power></extensions>
      </trkpt>
      <trkpt lat="51.4800597" lon="-0.0051474">
        <ele>15.1</ele>
        <time>2026-08-06T12:07:40Z</time>
        <extensions><gpxtpx:TrackPointExtension><gpxtpx:hr>103</gpxtpx:hr><gpxtpx:cad>87</gpxtpx:cad></gpxtpx:TrackPointExtension><power>213</power></extensions>
      </trkpt>
      <trkpt lat="51.4800728" lon="-0.0051243">
        <ele>14.9</ele>
        <time>2026-08-06T12:07:41Z</time>
        <extensions><gpxtpx:TrackPointExtension><gpxtpx:hr>103</gpxtpx:hr><gpxtpx:cad>87</gpxtpx:cad></gpxtpx:TrackPointExtension><power>214</power></extensions>
      </trkpt>
      <trkpt lat="51.4800859" lon="-0.0051010">
        <ele>14.8</ele>
        <time>2026-08-06T12:07:42Z</time>
        <extensions><gpxtpx:TrackPointExtension><gpxtpx:hr>103</gpxtpx:hr><gpxtpx:cad>87</gpxtpx:cad></gpxtpx:TrackPointExtension><power>214</power></extensions>
      </trkpt>
      <trkpt lat="51.4800989" lon="-0.0050777">
        <ele>14.7</ele>
        <time>2026-08-06T12:07:43Z</time>
        <extensions><gpxtpx:TrackPointExtension><gpxtpx:hr>104</gpxtpx:hr><gpxtpx:cad>87</gpxtpx:cad></gpxtpx:TrackPointExtension><power>214</power></extensions>
      </trkpt>
      <trkpt lat="51.4801119" lon="-0.0050542">
        <ele>14.6</ele>
        <time>2026-08-06T12:07:44Z</time>
        <extensions><gpxtpx:TrackPointExtension><gpxtpx:hr>104</gpxtpx:hr><gpxtpx:cad>87</gpxtpx:cad></gpxtpx:TrackPointExtension><power>214</power></extensions>
      </trkpt>
      <trkpt lat="51.4801248" lon="-0.0050307">
        <ele>14.5</ele>
        <time>2026-08-06T12:07:45Z</time>
        <extensions><gpxtpx:TrackPointExtension><gpxtpx:hr>104</gpxtpx:hr><gpxtpx:cad>87</gpxtpx:cad></gpxtpx:TrackPointExtension><power>215</power></extensions>
      </trkpt>
      <trkpt lat="51.4801376" lon="-0.0050070">
        <ele>14.3</ele>
        <time>2026-08-06T12:07:46Z</time>
        <extensions><gpxtpx:TrackPointExtension><gpxtpx:hr>104</gpxtpx:hr><gpxtpx:cad>87</gpxtpx:cad></gpxtpx:TrackPointExtension><power>215</power></extensions>
      </trkpt>
      <trkpt lat="51.4801504" lon="-0.0049832">
        <ele>14.2</ele>
        <time>2026-08-06T12:07:47Z</time>
        <extensions><gpxtpx:TrackPointExtension><gpxtpx:hr>104</gpxtpx:hr><gpxtpx:cad>87</gpxtpx:cad></gpxtpx:TrackPointExtension><power>215</power></extensions>
      </trkpt>
      <trkpt lat="51.4801631" lon="-0.0049594">
        <ele>14.1</ele>
        <time>2026-08-06T12:07:48Z</time>
        <extensions><gpxtpx:TrackPointExtension><gpxtpx:hr>104</gpxtpx:hr><gpxtpx:cad>87</gpxtpx:cad></gpxtpx:TrackPointExtension><power>216</power></extensions>
      </trkpt>
      <trkpt lat="51.4801757" lon="-0.0049354">
        <ele>14.0</ele>
        <time>2026-08-06T12:07:49Z</time>
        <extensions><gpxtpx:TrackPointExtension><gpxtpx:hr>104</gpxtpx:hr><gpxtpx:cad>87</gpxtpx:cad></gpxtpx:TrackPointExtension><power>216</power></extensions>
      </trkpt>
      <trkpt lat="51.4801883" lon="-0.0049113">
        <ele>13.9</ele>
        <time>2026-08-06T12:07:50Z</time>
        <extensions><gpxtpx:TrackPointExtension><gpxtpx:hr>104</gpxtpx:hr><gpxtpx:cad>87</gpxtpx:cad></gpxtpx:TrackPointExtension><power>216</power></extensions>
      </trkpt>
      <trkpt lat="51.4802008" lon="-0.0048872">
        <ele>13.8</ele>
        <time>2026-08-06T12:07:51Z</time>
        <extensions><gpxtpx:TrackPointExtension><gpxtpx:hr>105</gpxtpx:hr><gpxtpx:cad>87</gpxtpx:cad></gpxtpx:TrackPointExtension><power>217</power></extensions>
      </trkpt>
      <trkpt lat="51.4802133" lon="-0.0048629">
        <ele>13.7</ele>
        <time>2026-08-06T12:07:52Z</time>
        <extensions><gpxtpx:TrackPointExtension><gpxtpx:hr>105</gpxtpx:hr><gpxtpx:cad>87</gpxtpx:cad></gpxtpx:TrackPointExtension><power>217</power></extensions>
      </trkpt>
      <trkpt lat="51.4802257" lon="-0.0048385">
        <ele>13.6</ele>
        <time>2026-08-06T12:07:53Z</time>
        <extensions><gpxtpx:TrackPointExtension><gpxtpx:hr>105</gpxtpx:hr><gpxtpx:cad>87</gpxtpx:cad></gpxtpx:TrackPointExtension><power>217</power></extensions>
      </trkpt>
      <trkpt lat="51.4802380" lon="-0.0048140">
        <ele>13.5</ele>
        <time>2026-08-06T12:07:54Z</time>
        <extensions><gpxtpx:TrackPointExtension><gpxtpx:hr>105</gpxtpx:hr><gpxtpx:cad>87</gpxtpx:cad></gpxtpx:TrackPointExtension><power>218</power></extensions>
      </trkpt>
      <trkpt lat="51.4802503" lon="-0.0047895">
        <ele>13.4</ele>
        <time>2026-08-06T12:07:55Z</time>
        <extensions><gpxtpx:TrackPointExtension><gpxtpx:hr>105</gpxtpx:hr><gpxtpx:cad>88</gpxtpx:cad></gpxtpx:TrackPointExtension><power>218</power></extensions>
      </trkpt>
      <trkpt lat="51.4802625" lon="-0.0047648">
        <ele>13.2</ele>
        <time>2026-08-06T12:07:56Z</time>
        <extensions><gpxtpx:TrackPointExtension><gpxtpx:hr>105</gpxtpx:hr><gpxtpx:cad>88</gpxtpx:cad></gpxtpx:TrackPointExtension><power>218</power></extensions>
      </trkpt>
      <trkpt lat="51.4802746" lon="-0.0047400">
        <ele>13.1</ele>
        <time>2026-08-06T12:07:57Z</time>
        <extensions><gpxtpx:TrackPointExtension><gpxtpx:hr>105</gpxtpx:hr><gpxtpx:cad>88</gpxtpx:cad></gpxtpx:TrackPointExtension><power>219</power></extensions>
      </trkpt>
      <trkpt lat="51.4802867" lon="-0.0047151">
        <ele>13.0</ele>
        <time>2026-08-06T12:07:58Z</time>
        <extensions><gpxtpx:TrackPointExtension><gpxtpx:hr>106</gpxtpx:hr><gpxtpx:cad>88</gpxtpx:cad></gpxtpx:TrackPointExtension><power>219</power></extensions>
      </trkpt>
      <trkpt lat="51.4802987" lon="-0.0046901">
        <ele>12.9</ele>
        <time>2026-08-06T12:07:59Z</time>
        <extensions><gpxtpx:TrackPointExtension><gpxtpx:hr>106</gpxtpx:hr><gpxtpx:cad>88</gpxtpx:cad></gpxtpx:TrackPointExtension><power>219</power></extensions>
      </trkpt>
      <trkpt lat="51.4803107" lon="-0.0046650">
        <ele>12.8</ele>
        <time>2026-08-06T12:08:00Z</time>
        <extensions><gpxtpx:TrackPointExtension><gpxtpx:hr>106</gpxtpx:hr><gpxtpx:cad>88</gpxtpx:cad></gpxtpx:TrackPointExtension><power>220</power></extensions>
      </trkpt>
      <trkpt lat="51.4803225" lon="-0.0046398">
        <ele>12.7</ele>
        <time>2026-08-06T12:08:01Z</time>
        <extensions><gpxtpx:TrackPointExtension><gpxtpx:hr>106</gpxtpx:hr><gpxtpx:cad>88</gpxtpx:cad></gpxtpx:TrackPointExtension><power>220</power></extensions>
      </trkpt>
      <trkpt lat="51.4803344" lon="-0.0046145">
        <ele>12.7</ele>
        <time>2026-08-06T12:08:02Z</time>
        <extensions><gpxtpx:TrackPointExtension><gpxtpx:hr>106</gpxtpx:hr><gpxtpx:cad>88</gpxtpx:cad></gpxtpx:TrackPointExtension><power>220</power></extensions>
      </trkpt>
      <trkpt lat="51.4803461" lon="-0.0045890">
        <ele>12.6</ele>
        <time>2026-08-06T12:08:03Z</time>
        <extensions><gpxtpx:TrackPointExtension><gpxtpx:hr>106</gpxtpx:hr><gpxtpx:cad>88</gpxtpx:cad></gpxtpx:TrackPointExtension><power>221</power></extensions>
      </trkpt>
      <trkpt lat="51.4803578" lon="-0.0045635">
        <ele>12.5</ele>
        <time>2026-08-06T12:08:04Z</time>
        <extensions><gpxtpx:TrackPointExtension><gpxtpx:hr>107</gpxtpx:hr><gpxtpx:cad>88</gpxtpx:cad></gpxtpx:TrackPointExtension><power>221</power></extensions>
      </trkpt>
      <trkpt lat="51.4803694" lon="-0.0045379">
        <ele>12.4</ele>
        <time>2026-08-06T12:08:05Z</time>
        <extensions><gpxtpx:TrackPointExtension><gpxtpx:hr>107</gpxtpx:hr><gpxtpx:cad>88</gpxtpx:cad></gpxtpx:TrackPointExtension><power>222</power></extensions>
      </trkpt>
      <trkpt lat="51.4803810" lon="-0.0045121">
        <ele>12.3</ele>
        <time>2026-08-06T12:08:06Z</time>
        <extensions><gpxtpx:TrackPointExtension><gpxtpx:hr>107</gpxtpx:hr><gpxtpx:cad>88</gpxtpx:cad></gpxtpx:TrackPointExtension><power>222</power></extensions>
      </trkpt>
      <trkpt lat="51.4803925" lon="-0.0044863">
        <ele>12.2</ele>
        <time>2026-08-06T12:08:07Z</time>
        <extensions><gpxtpx:TrackPointExtension><gpxtpx:hr>107</gpxtpx:hr><gpxtpx:cad>88</gpxtpx:cad></gpxtpx:TrackPointExtension><power>222</power></extensions>
      </trkpt>
      <trkpt lat="51.4804039" lon="-0.0044603">
        <ele>12.1</ele>
        <time>2026-08-06T12:08:08Z</time>
        <extensions><gpxtpx:TrackPointExtension><gpxtpx:hr>107</gpxtpx:hr><gpxtpx:cad>88</gpxtpx:cad></gpxtpx:TrackPointExtension><power>223</power></extensions>
      </trkpt>
      <trkpt lat="51.4804153" lon="-0.0044343">
        <ele>12.0</ele>
        <time>2026-08-06T12:08:09Z</time>
        <extensions><gpxtpx:TrackPointExtension><gpxtpx:hr>107</gpxtpx:hr><gpxtpx:cad>88</gpxtpx:cad></gpxtpx:TrackPointExtension><power>223</power></extensions>
      </trkpt>
      <trkpt lat="51.4804266" lon="-0.0044081">
        <ele>11.9</ele>
        <time>2026-08-06T12:08:10Z</time>
        <extensions><gpxtpx:TrackPointExtension><gpxtpx:hr>108</gpxtpx:hr><gpxtpx:cad>88</gpxtpx:cad></gpxtpx:TrackPointExtension><power>223</power></extensions>
      </trkpt>
      <trkpt lat="51.4804378" lon="-0.0043819">
        <ele>11.8</ele>
        <time>2026-08-06T12:08:11Z</time>
        <extensions><gpxtpx:TrackPointExtension><gpxtpx:hr>108</gpxtpx:hr><gpxtpx:cad>88</gpxtpx:cad></gpxtpx:TrackPointExtension><power>224</power></extensions>
      </trkpt>
      <trkpt lat="51.4804490" lon="-0.0043555">
        <ele>11.8</ele>
        <time>2026-08-06T12:08:12Z</time>
        <extensions><gpxtpx:TrackPointExtension><gpxtpx:hr>108</gpxtpx:hr><gpxtpx:cad>88</gpxtpx:cad></gpxtpx:TrackPointExtension><power>224</power></extensions>
      </trkpt>
      <trkpt lat="51.4804601" lon="-0.0043290">
        <ele>11.7</ele>
        <time>2026-08-06T12:08:13Z</time>
        <extensions><gpxtpx:TrackPointExtension><gpxtpx:hr>108</gpxtpx:hr><gpxtpx:cad>88</gpxtpx:cad></gpxtpx:TrackPointExtension><power>225</power></extensions>
      </trkpt>
      <trkpt lat="51.4804711" lon="-0.0043024">
        <ele>11.6</ele>
        <time>2026-08-06T12:08:14Z</time>
        <extensions><gpxtpx:TrackPointExtension><gpxtpx:hr>108</gpxtpx:hr><gpxtpx:cad>88</gpxtpx:cad></gpxtpx:TrackPointExtension><power>225</power></extensions>
      </trkpt>
      <trkpt lat="51.4804821" lon="-0.0042757">
        <ele>11.5</ele>
        <time>2026-08-06T12:08:15Z</time>
        <extensions><gpxtpx:TrackPointExtension><gpxtpx:hr>108</gpxtpx:hr><gpxtpx:cad>88</gpxtpx:cad></gpxtpx:TrackPointExtension><power>225</power></extensions>
      </trkpt>
      <trkpt lat="51.4804930" lon="-0.0042489">
        <ele>11.4</ele>
        <time>2026-08-06T12:08:16Z</time>
        <extensions><gpxtpx:TrackPointExtension><gpxtpx:hr>109</gpxtpx:hr><gpxtpx:cad>88</gpxtpx:cad></gpxtpx:TrackPointExtension><power>226</power></extensions>
      </trkpt>
      <trkpt lat="51.4805039" lon="-0.0042220">
        <ele>11.4</ele>
        <time>2026-08-06T12:08:17Z</time>
        <extensions><gpxtpx:TrackPointExtension><gpxtpx:hr>109</gpxtpx:hr><gpxtpx:cad>88</gpxtpx:cad></gpxtpx:TrackPointExtension><power>226</power></extensions>
      </trkpt>
      <trkpt lat="51.4805146" lon="-0.0041949">
        <ele>11.3</ele>
        <time>2026-08-06T12:08:18Z</time>
        <extensions><gpxtpx:TrackPointExtension><gpxtpx:hr>109</gpxtpx:hr><gpxtpx:cad>88</gpxtpx:cad></gpxtpx:TrackPointExtension><power>227</power></extensions>
      </trkpt>
      <trkpt lat="51.4805253" lon="-0.0041678">
        <ele>11.2</ele>
        <time>2026-08-06T12:08:19Z</time>
        <extensions><gpxtpx:TrackPointExtension><gpxtpx:hr>109</gpxtpx:hr><gpxtpx:cad>88</gpxtpx:cad></gpxtpx:TrackPointExtension><power>227</power></extensions>
      </trkpt>
      <trkpt lat="51.4805360" lon="-0.0041406">
        <ele>11.1</ele>
        <time>2026-08-06T12:08:20Z</time>
        <extensions><gpxtpx:TrackPointExtension><gpxtpx:hr>109</gpxtpx:hr><gpxtpx:cad>88</gpxtpx:cad></gpxtpx:TrackPointExtension><power>228</power></extensions>
      </trkpt>
      <trkpt lat="51.4805465" lon="-0.0041132">
        <ele>11.1</ele>
        <time>2026-08-06T12:08:21Z</time>
        <extensions><gpxtpx:TrackPointExtension><gpxtpx:hr>110</gpxtpx:hr><gpxtpx:cad>88</gpxtpx:cad></gpxtpx:TrackPointExtension><power>228</power></extensions>
      </trkpt>
      <trkpt lat="51.4805570" lon="-0.0040858">
        <ele>11.0</ele>
        <time>2026-08-06T12:08:22Z</time>
        <extensions><gpxtpx:TrackPointExtension><gpxtpx:hr>110</gpxtpx:hr><gpxtpx:cad>88</gpxtpx:cad></gpxtpx:TrackPointExtension><power>228</power></extensions>
      </trkpt>
      <trkpt lat="51.4805675" lon="-0.0040582">
        <ele>10.9</ele>
        <time>2026-08-06T12:08:23Z</time>
        <extensions><gpxtpx:TrackPointExtension><gpxtpx:hr>110</gpxtpx:hr><gpxtpx:cad>88</gpxtpx:cad></gpxtpx:TrackPointExtension><power>229</power></extensions>
      </trkpt>
      <trkpt lat="51.4805778" lon="-0.0040305">
        <ele>10.8</ele>
        <time>2026-08-06T12:08:24Z</time>
        <extensions><gpxtpx:TrackPointExtension><gpxtpx:hr>110</gpxtpx:hr><gpxtpx:cad>87</gpxtpx:cad></gpxtpx:TrackPointExtension><power>229</power></extensions>
      </trkpt>
      <trkpt lat="51.4805881" lon="-0.0040027">
        <ele>10.8</ele>
        <time>2026-08-06T12:08:25Z</time>
        <extensions><gpxtpx:TrackPointExtension><gpxtpx:hr>110</gpxtpx:hr><gpxtpx:cad>87</gpxtpx:cad></gpxtpx:TrackPointExtension><power>230</power></extensions>
      </trkpt>
      <trkpt lat="51.4805983" lon="-0.0039748">
        <ele>10.7</ele>
        <time>2026-08-06T12:08:26Z</time>
        <extensions><gpxtpx:TrackPointExtension><gpxtpx:hr>111</gpxtpx:hr><gpxtpx:cad>87</gpxtpx:cad></gpxtpx:TrackPointExtension><power>230</power></extensions>
      </trkpt>
      <trkpt lat="51.4806085" lon="-0.0039468">
        <ele>10.6</ele>
        <time>2026-08-06T12:08:27Z</time>
        <extensions><gpxtpx:TrackPointExtension><gpxtpx:hr>111</gpxtpx:hr><gpxtpx:cad>87</gpxtpx:cad></gpxtpx:TrackPointExtension><power>231</power></extensions>
      </trkpt>
      <trkpt lat="51.4806186" lon="-0.0039187">
        <ele>10.6</ele>
        <time>2026-08-06T12:08:28Z</time>
        <extensions><gpxtpx:TrackPointExtension><gpxtpx:hr>111</gpxtpx:hr><gpxtpx:cad>87</gpxtpx:cad></gpxtpx:TrackPointExtension><power>231</power></extensions>
      </trkpt>
      <trkpt lat="51.4806286" lon="-0.0038905">
        <ele>10.5</ele>
        <time>2026-08-06T12:08:29Z</time>
        <extensions><gpxtpx:TrackPointExtension><gpxtpx:hr>111</gpxtpx:hr><gpxtpx:cad>87</gpxtpx:cad></gpxtpx:TrackPointExtension><power>232</power></extensions>
      </trkpt>
      <trkpt lat="51.4806385" lon="-0.0038621">
        <ele>10.4</ele>
        <time>2026-08-06T12:08:30Z</time>
        <extensions><gpxtpx:TrackPointExtension><gpxtpx:hr>111</gpxtpx:hr><gpxtpx:cad>87</gpxtpx:cad></gpxtpx:TrackPointExtension><power>232</power></extensions>
      </trkpt>
      <trkpt lat="51.4806484" lon="-0.0038337">
        <ele>10.4</ele>
        <time>2026-08-06T12:08:31Z</time>
        <extensions><gpxtpx:TrackPointExtension><gpxtpx:hr>112</gpxtpx:hr><gpxtpx:cad>87</gpxtpx:cad></gpxtpx:TrackPointExtension><power>233</power></extensions>
      </trkpt>
      <trkpt lat="51.4806582" lon="-0.0038051">
        <ele>10.3</ele>
        <time>2026-08-06T12:08:32Z</time>
        <extensions><gpxtpx:TrackPointExtension><gpxtpx:hr>112</gpxtpx:hr><gpxtpx:cad>87</gpxtpx:cad></gpxtpx:TrackPointExtension><power>233</power></extensions>
      </trkpt>
      <trkpt lat="51.4806679" lon="-0.0037765">
        <ele>10.3</ele>
        <time>2026-08-06T12:08:33Z</time>
        <extensions><gpxtpx:TrackPointExtension><gpxtpx:hr>112</gpxtpx:hr><gpxtpx:cad>87</gpxtpx:cad></gpxtpx:TrackPointExtension><power>233</power></extensions>
      </trkpt>
      <trkpt lat="51.4806776" lon="-0.0037477">
        <ele>10.2</ele>
        <time>2026-08-06T12:08:34Z</time>
        <extensions><gpxtpx:TrackPointExtension><gpxtpx:hr>112</gpxtpx:hr><gpxtpx:cad>87</gpxtpx:cad></gpxtpx:TrackPointExtension><power>234</power></extensions>
      </trkpt>
      <trkpt lat="51.4806871" lon="-0.0037188">
        <ele>10.2</ele>
        <time>2026-08-06T12:08:35Z</time>
        <extensions><gpxtpx:TrackPointExtension><gpxtpx:hr>113</gpxtpx:hr><gpxtpx:cad>87</gpxtpx:cad></gpxtpx:TrackPointExtension><power>234</power></extensions>
      </trkpt>
      <trkpt lat="51.4806966" lon="-0.0036898">
        <ele>10.1</ele>
        <time>2026-08-06T12:08:36Z</time>
        <extensions><gpxtpx:TrackPointExtension><gpxtpx:hr>113</gpxtpx:hr><gpxtpx:cad>87</gpxtpx:cad></gpxtpx:TrackPointExtension><power>235</power></extensions>
      </trkpt>
      <trkpt lat="51.4807061" lon="-0.0036607">
        <ele>10.0</ele>
        <time>2026-08-06T12:08:37Z</time>
        <extensions><gpxtpx:TrackPointExtension><gpxtpx:hr>113</gpxtpx:hr><gpxtpx:cad>87</gpxtpx:cad></gpxtpx:TrackPointExtension><power>235</power></extensions>
      </trkpt>
      <trkpt lat="51.4807154" lon="-0.0036314">
        <ele>10.0</ele>
        <time>2026-08-06T12:08:38Z</time>
        <extensions><gpxtpx:TrackPointExtension><gpxtpx:hr>113</gpxtpx:hr><gpxtpx:cad>87</gpxtpx:cad></gpxtpx:TrackPointExtension><power>236</power></extensions>
      </trkpt>
      <trkpt lat="51.4807247" lon="-0.0036021">
        <ele>9.9</ele>
        <time>2026-08-06T12:08:39Z</time>
        <extensions><gpxtpx:TrackPointExtension><gpxtpx:hr>113</gpxtpx:hr><gpxtpx:cad>87</gpxtpx:cad></gpxtpx:TrackPointExtension><power>236</power></extensions>
      </trkpt>
      <trkpt lat="51.4807339" lon="-0.0035727">
        <ele>9.9</ele>
        <time>2026-08-06T12:08:40Z</time>
        <extensions><gpxtpx:TrackPointExtension><gpxtpx:hr>114</gpxtpx:hr><gpxtpx:cad>87</gpxtpx:cad></gpxtpx:TrackPointExtension><power>237</power></extensions>
      </trkpt>
      <trkpt lat="51.4807431" lon="-0.0035431">
        <ele>9.8</ele>
        <time>2026-08-06T12:08:41Z</time>
        <extensions><gpxtpx:TrackPointExtension><gpxtpx:hr>114</gpxtpx:hr><gpxtpx:cad>87</gpxtpx:cad></gpxtpx:TrackPointExtension><power>237</power></extensions>
      </trkpt>
      <trkpt lat="51.4807521" lon="-0.0035134">
        <ele>9.8</ele>
        <time>2026-08-06T12:08:42Z</time>
        <extensions><gpxtpx:TrackPointExtension><gpxtpx:hr>114</gpxtpx:hr><gpxtpx:cad>87</gpxtpx:cad></gpxtpx:TrackPointExtension><power>238</power></extensions>
      </trkpt>
      <trkpt lat="51.4807611" lon="-0.0034837">
        <ele>9.7</ele>
        <time>2026-08-06T12:08:43Z</time>
        <extensions><gpxtpx:TrackPointExtension><gpxtpx:hr>114</gpxtpx:hr><gpxtpx:cad>87</gpxtpx:cad></gpxtpx:TrackPointExtension><power>238</power></extensions>
      </trkpt>
      <trkpt lat="51.4807700" lon="-0.0034538">
        <ele>9.7</ele>
        <time>2026-08-06T12:08:44Z</time>
        <extensions><gpxtpx:TrackPointExtension><gpxtpx:hr>115</gpxtpx:hr><gpxtpx:cad>87</gpxtpx:cad></gpxtpx:TrackPointExtension><power>239</power></extensions>
      </trkpt>
      <trkpt lat="51.4807788" lon="-0.0034238">
        <ele>9.6</ele>
        <time>2026-08-06T12:08:45Z</time>
        <extensions><gpxtpx:TrackPointExtension><gpxtpx:hr>115</gpxtpx:hr><gpxtpx:cad>87</gpxtpx:cad></gpxtpx:TrackPointExtension><power>239</power></extensions>
      </trkpt>
      <trkpt lat="51.4807876" lon="-0.0033937">
        <ele>9.6</ele>
        <time>2026-08-06T12:08:46Z</time>
        <extensions><gpxtpx:TrackPointExtension><gpxtpx:hr>115</gpxtpx:hr><gpxtpx:cad>87</gpxtpx:cad></gpxtpx:TrackPointExtension><power>239</power></extensions>
      </trkpt>
      <trkpt lat="51.4807962" lon="-0.0033634">
        <ele>9.6</ele>
        <time>2026-08-06T12:08:47Z</time>
        <extensions><gpxtpx:TrackPointExtension><gpxtpx:hr>115</gpxtpx:hr><gpxtpx:cad>87</gpxtpx:cad></gpxtpx:TrackPointExtension><power>240</power></extensions>
      </trkpt>
      <trkpt lat="51.4808048" lon="-0.0033331">
        <ele>9.5</ele>
        <time>2026-08-06T12:08:48Z</time>
        <extensions><gpxtpx:TrackPointExtension><gpxtpx:hr>115</gpxtpx:hr><gpxtpx:cad>87</gpxtpx:cad></gpxtpx:TrackPointExtension><power>240</power></extensions>
      </trkpt>
      <trkpt lat="51.4808133" lon="-0.0033027">
        <ele>9.5</ele>
        <time>2026-08-06T12:08:49Z</time>
        <extensions><gpxtpx:TrackPointExtension><gpxtpx:hr>116</gpxtpx:hr><gpxtpx:cad>86</gpxtpx:cad></gpxtpx:TrackPointExtension><power>241</power></extensions>
      </trkpt>
      <trkpt lat="51.4808218" lon="-0.0032721">
        <ele>9.4</ele>
        <time>2026-08-06T12:08:50Z</time>
        <extensions><gpxtpx:TrackPointExtension><gpxtpx:hr>116</gpxtpx:hr><gpxtpx:cad>86</gpxtpx:cad></gpxtpx:TrackPointExtension><power>241</power></extensions>
      </trkpt>
      <trkpt lat="51.4808301" lon="-0.0032415">
        <ele>9.4</ele>
        <time>2026-08-06T12:08:51Z</time>
        <extensions><gpxtpx:TrackPointExtension><gpxtpx:hr>116</gpxtpx:hr><gpxtpx:cad>86</gpxtpx:cad></gpxtpx:TrackPointExtension><power>242</power></extensions>
      </trkpt>
      <trkpt lat="51.4808384" lon="-0.0032107">
        <ele>9.4</ele>
        <time>2026-08-06T12:08:52Z</time>
        <extensions><gpxtpx:TrackPointExtension><gpxtpx:hr>116</gpxtpx:hr><gpxtpx:cad>86</gpxtpx:cad></gpxtpx:TrackPointExtension><power>242</power></extensions>
      </trkpt>
      <trkpt lat="51.4808466" lon="-0.0031798">
        <ele>9.3</ele>
        <time>2026-08-06T12:08:53Z</time>
        <extensions><gpxtpx:TrackPointExtension><gpxtpx:hr>117</gpxtpx:hr><gpxtpx:cad>86</gpxtpx:cad></gpxtpx:TrackPointExtension><power>243</power></extensions>
      </trkpt>
      <trkpt lat="51.4808547" lon="-0.0031488">
        <ele>9.3</ele>
        <time>2026-08-06T12:08:54Z</time>
        <extensions><gpxtpx:TrackPointExtension><gpxtpx:hr>117</gpxtpx:hr><gpxtpx:cad>86</gpxtpx:cad></gpxtpx:TrackPointExtension><power>243</power></extensions>
      </trkpt>
      <trkpt lat="51.4808627" lon="-0.0031177">
        <ele>9.3</ele>
        <time>2026-08-06T12:08:55Z</time>
        <extensions><gpxtpx:TrackPointExtension><gpxtpx:hr>117</gpxtpx:hr><gpxtpx:cad>86</gpxtpx:cad></gpxtpx:TrackPointExtension><power>243</power></extensions>
      </trkpt>
      <trkpt lat="51.4808706" lon="-0.0030865">
        <ele>9.2</ele>
        <time>2026-08-06T12:08:56Z</time>
        <extensions><gpxtpx:TrackPointExtension><gpxtpx:hr>117</gpxtpx:hr><gpxtpx:cad>86</gpxtpx:cad></gpxtpx:TrackPointExtension><power>244</power></extensions>
      </trkpt>
      <trkpt lat="51.4808785" lon="-0.0030552">
        <ele>9.2</ele>
        <time>2026-08-06T12:08:57Z</time>
        <extensions><gpxtpx:TrackPointExtension><gpxtpx:hr>118</gpxtpx:hr><gpxtpx:cad>86</gpxtpx:cad></gpxtpx:TrackPointExtension><power>244</power></extensions>
      </trkpt>
      <trkpt lat="51.4808863" lon="-0.0030238">
        <ele>9.2</ele>
        <time>2026-08-06T12:08:58Z</time>
        <extensions><gpxtpx:TrackPointExtension><gpxtpx:hr>118</gpxtpx:hr><gpxtpx:cad>86</gpxtpx:cad></gpxtpx:TrackPointExtension><power>245</power></extensions>
      </trkpt>
      <trkpt lat="51.4808940" lon="-0.0029922">
        <ele>9.1</ele>
        <time>2026-08-06T12:08:59Z</time>
        <extensions><gpxtpx:TrackPointExtension><gpxtpx:hr>118</gpxtpx:hr><gpxtpx:cad>86</gpxtpx:cad></gpxtpx:TrackPointExtension><power>245</power></extensions>
      </trkpt>
      <trkpt lat="51.4809016" lon="-0.0029606">
        <ele>9.1</ele>
        <time>2026-08-06T12:09:00Z</time>
        <extensions><gpxtpx:TrackPointExtension><gpxtpx:hr>118</gpxtpx:hr><gpxtpx:cad>86</gpxtpx:cad></gpxtpx:TrackPointExtension><power>246</power></extensions>
      </trkpt>
      <trkpt lat="51.4809091" lon="-0.0029288">
        <ele>9.1</ele>
        <time>2026-08-06T12:09:01Z</time>
        <extensions><gpxtpx:TrackPointExtension><gpxtpx:hr>119</gpxtpx:hr><gpxtpx:cad>86</gpxtpx:cad></gpxtpx:TrackPointExtension><power>246</power></extensions>
      </trkpt>
      <trkpt lat="51.4809165" lon="-0.0028970">
        <ele>9.0</ele>
        <time>2026-08-06T12:09:02Z</time>
        <extensions><gpxtpx:TrackPointExtension><gpxtpx:hr>119</gpxtpx:hr><gpxtpx:cad>86</gpxtpx:cad></gpxtpx:TrackPointExtension><power>246</power></extensions>
      </trkpt>
      <trkpt lat="51.4809239" lon="-0.0028650">
        <ele>9.0</ele>
        <time>2026-08-06T12:09:03Z</time>
        <extensions><gpxtpx:TrackPointExtension><gpxtpx:hr>119</gpxtpx:hr><gpxtpx:cad>86</gpxtpx:cad></gpxtpx:TrackPointExtension><power>247</power></extensions>
      </trkpt>
      <trkpt lat="51.4809311" lon="-0.0028329">
        <ele>9.0</ele>
        <time>2026-08-06T12:09:04Z</time>
        <extensions><gpxtpx:TrackPointExtension><gpxtpx:hr>119</gpxtpx:hr><gpxtpx:cad>86</gpxtpx:cad></gpxtpx:TrackPointExtension><power>247</power></extensions>
      </trkpt>
      <trkpt lat="51.4809383" lon="-0.0028008">
        <ele>9.0</ele>
        <time>2026-08-06T12:09:05Z</time>
        <extensions><gpxtpx:TrackPointExtension><gpxtpx:hr>120</gpxtpx:hr><gpxtpx:cad>85</gpxtpx:cad></gpxtpx:TrackPointExtension><power>248</power></extensions>
      </trkpt>
      <trkpt lat="51.4809454" lon="-0.0027685">
        <ele>8.9</ele>
        <time>2026-08-06T12:09:06Z</time>
        <extensions><gpxtpx:TrackPointExtension><gpxtpx:hr>120</gpxtpx:hr><gpxtpx:cad>85</gpxtpx:cad></gpxtpx:TrackPointExtension><power>248</power></extensions>
      </trkpt>
      <trkpt lat="51.4809523" lon="-0.0027361">
        <ele>8.9</ele>
        <time>2026-08-06T12:09:07Z</time>
        <extensions><gpxtpx:TrackPointExtension><gpxtpx:hr>120</gpxtpx:hr><gpxtpx:cad>85</gpxtpx:cad></gpxtpx:TrackPointExtension><power>248</power></extensions>
      </trkpt>
      <trkpt lat="51.4809592" lon="-0.0027036">
        <ele>8.9</ele>
        <time>2026-08-06T12:09:08Z</time>
        <extensions><gpxtpx:TrackPointExtension><gpxtpx:hr>120</gpxtpx:hr><gpxtpx:cad>85</gpxtpx:cad></gpxtpx:TrackPointExtension><power>249</power></extensions>
      </trkpt>
      <trkpt lat="51.4809660" lon="-0.0026710">
        <ele>8.9</ele>
        <time>2026-08-06T12:09:09Z</time>
        <extensions><gpxtpx:TrackPointExtension><gpxtpx:hr>121</gpxtpx:hr><gpxtpx:cad>85</gpxtpx:cad></gpxtpx:TrackPointExtension><power>249</power></extensions>
      </trkpt>
      <trkpt lat="51.4809728" lon="-0.0026383">
        <ele>8.9</ele>
        <time>2026-08-06T12:09:10Z</time>
        <extensions><gpxtpx:TrackPointExtension><gpxtpx:hr>121</gpxtpx:hr><gpxtpx:cad>85</gpxtpx:cad></gpxtpx:TrackPointExtension><power>249</power></extensions>
      </trkpt>
      <trkpt lat="51.4809794" lon="-0.0026055">
        <ele>8.8</ele>
        <time>2026-08-06T12:09:11Z</time>
        <extensions><gpxtpx:TrackPointExtension><gpxtpx:hr>121</gpxtpx:hr><gpxtpx:cad>85</gpxtpx:cad></gpxtpx:TrackPointExtension><power>250</power></extensions>
      </trkpt>
      <trkpt lat="51.4809859" lon="-0.0025726">
        <ele>8.8</ele>
        <time>2026-08-06T12:09:12Z</time>
        <extensions><gpxtpx:TrackPointExtension><gpxtpx:hr>121</gpxtpx:hr><gpxtpx:cad>85</gpxtpx:cad></gpxtpx:TrackPointExtension><power>250</power></extensions>
      </trkpt>
      <trkpt lat="51.4809924" lon="-0.0025396">
        <ele>8.8</ele>
        <time>2026-08-06T12:09:13Z</time>
        <extensions><gpxtpx:TrackPointExtension><gpxtpx:hr>122</gpxtpx:hr><gpxtpx:cad>85</gpxtpx:cad></gpxtpx:TrackPointExtension><power>250</power></extensions>
      </trkpt>
      <trkpt lat="51.4809987" lon="-0.0025065">
        <ele>8.8</ele>
        <time>2026-08-06T12:09:14Z</time>
        <extensions><gpxtpx:TrackPointExtension><gpxtpx:hr>122</gpxtpx:hr><gpxtpx:cad>85</gpxtpx:cad></gpxtpx:TrackPointExtension><power>251</power></extensions>
      </trkpt>
      <trkpt lat="51.4810049" lon="-0.0024733">
        <ele>8.8</ele>
        <time>2026-08-06T12:09:15Z</time>
        <extensions><gpxtpx:TrackPointExtension><gpxtpx:hr>122</gpxtpx:hr><gpxtpx:cad>85</gpxtpx:cad></gpxtpx:TrackPointExtension><power>251</power></extensions>
      </trkpt>
      <trkpt lat="51.4810111" lon="-0.0024400">
        <ele>8.8</ele>
        <time>2026-08-06T12:09:16Z</time>
        <extensions><gpxtpx:TrackPointExtension><gpxtpx:hr>122</gpxtpx:hr><gpxtpx:cad>85</gpxtpx:cad></gpxtpx:TrackPointExtension><power>251</power></extensions>
      </trkpt>
      <trkpt lat="51.4810172" lon="-0.0024066">
        <ele>8.7</ele>
        <time>2026-08-06T12:09:17Z</time>
        <extensions><gpxtpx:TrackPointExtension><gpxtpx:hr>123</gpxtpx:hr><gpxtpx:cad>85</gpxtpx:cad></gpxtpx:TrackPointExtension><power>252</power></extensions>
      </trkpt>
      <trkpt lat="51.4810231" lon="-0.0023731">
        <ele>8.7</ele>
        <time>2026-08-06T12:09:18Z</time>
        <extensions><gpxtpx:TrackPointExtension><gpxtpx:hr>123</gpxtpx:hr><gpxtpx:cad>85</gpxtpx:cad></gpxtpx:TrackPointExtension><power>252</power></extensions>
      </trkpt>
      <trkpt lat="51.4810290" lon="-0.0023394">
        <ele>8.7</ele>
        <time>2026-08-06T12:09:19Z</time>
        <extensions><gpxtpx:TrackPointExtension><gpxtpx:hr>123</gpxtpx:hr><gpxtpx:cad>84</gpxtpx:cad></gpxtpx:TrackPointExtension><power>252</power></extensions>
      </trkpt>
      <trkpt lat="51.4810347" lon="-0.0023057">
        <ele>8.7</ele>
        <time>2026-08-06T12:09:20Z</time>
        <extensions><gpxtpx:TrackPointExtension><gpxtpx:hr>123</gpxtpx:hr><gpxtpx:cad>84</gpxtpx:cad></gpxtpx:TrackPointExtension><power>252</power></extensions>
      </trkpt>
      <trkpt lat="51.4810404" lon="-0.0022719">
        <ele>8.7</ele>
        <time>2026-08-06T12:09:21Z</time>
        <extensions><gpxtpx:TrackPointExtension><gpxtpx:hr>124</gpxtpx:hr><gpxtpx:cad>84</gpxtpx:cad></gpxtpx:TrackPointExtension><power>253</power></extensions>
      </trkpt>
      <trkpt lat="51.4810460" lon="-0.0022381">
        <ele>8.7</ele>
        <time>2026-08-06T12:09:22Z</time>
        <extensions><gpxtpx:TrackPointExtension><gpxtpx:hr>124</gpxtpx:hr><gpxtpx:cad>84</gpxtpx:cad></gpxtpx:TrackPointExtension><power>253</power></extensions>
      </trkpt>
      <trkpt lat="51.4810514" lon="-0.0022041">
        <ele>8.7</ele>
        <time>2026-08-06T12:09:23Z</time>
        <extensions><gpxtpx:TrackPointExtension><gpxtpx:hr>124</gpxtpx:hr><gpxtpx:cad>84</gpxtpx:cad></gpxtpx:TrackPointExtension><power>253</power></extensions>
      </trkpt>
      <trkpt lat="51.4810568" lon="-0.0021700">
        <ele>8.7</ele>
        <time>2026-08-06T12:09:24Z</time>
        <extensions><gpxtpx:TrackPointExtension><gpxtpx:hr>124</gpxtpx:hr><gpxtpx:cad>84</gpxtpx:cad></gpxtpx:TrackPointExtension><power>253</power></extensions>
      </trkpt>
      <trkpt lat="51.4810621" lon="-0.0021358">
        <ele>8.7</ele>
        <time>2026-08-06T12:09:25Z</time>
        <extensions><gpxtpx:TrackPointExtension><gpxtpx:hr>125</gpxtpx:hr><gpxtpx:cad>84</gpxtpx:cad></gpxtpx:TrackPointExtension><power>254</power></extensions>
      </trkpt>
      <trkpt lat="51.4810672" lon="-0.0021016">
        <ele>8.7</ele>
        <time>2026-08-06T12:09:26Z</time>
        <extensions><gpxtpx:TrackPointExtension><gpxtpx:hr>125</gpxtpx:hr><gpxtpx:cad>84</gpxtpx:cad></gpxtpx:TrackPointExtension><power>254</power></extensions>
      </trkpt>
      <trkpt lat="51.4810723" lon="-0.0020672">
        <ele>8.7</ele>
        <time>2026-08-06T12:09:27Z</time>
        <extensions><gpxtpx:TrackPointExtension><gpxtpx:hr>125</gpxtpx:hr><gpxtpx:cad>84</gpxtpx:cad></gpxtpx:TrackPointExtension><power>254</power></extensions>
      </trkpt>
      <trkpt lat="51.4810773" lon="-0.0020327">
        <ele>8.7</ele>
        <time>2026-08-06T12:09:28Z</time>
        <extensions><gpxtpx:TrackPointExtension><gpxtpx:hr>125</gpxtpx:hr><gpxtpx:cad>84</gpxtpx:cad></gpxtpx:TrackPointExtension><power>254</power></extensions>
      </trkpt>
      <trkpt lat="51.4810821" lon="-0.0019982">
        <ele>8.6</ele>
        <time>2026-08-06T12:09:29Z</time>
        <extensions><gpxtpx:TrackPointExtension><gpxtpx:hr>126</gpxtpx:hr><gpxtpx:cad>84</gpxtpx:cad></gpxtpx:TrackPointExtension><power>255</power></extensions>
      </trkpt>
      <trkpt lat="51.4810869" lon="-0.0019636">
        <ele>8.6</ele>
        <time>2026-08-06T12:09:30Z</time>
        <extensions><gpxtpx:TrackPointExtension><gpxtpx:hr>126</gpxtpx:hr><gpxtpx:cad>84</gpxtpx:cad></gpxtpx:TrackPointExtension><power>255</power></extensions>
      </trkpt>
      <trkpt lat="51.4810915" lon="-0.0019289">
        <ele>8.6</ele>
        <time>2026-08-06T12:09:31Z</time>
        <extensions><gpxtpx:TrackPointExtension><gpxtpx:hr>126</gpxtpx:hr><gpxtpx:cad>84</gpxtpx:cad></gpxtpx:TrackPointExtension><power>255</power></extensions>
      </trkpt>
      <trkpt lat="51.4810961" lon="-0.0018941">
        <ele>8.6</ele>
        <time>2026-08-06T12:09:32Z</time>
        <extensions><gpxtpx:TrackPointExtension><gpxtpx:hr>126</gpxtpx:hr><gpxtpx:cad>84</gpxtpx:cad></gpxtpx:TrackPointExtension><power>255</power></extensions>
      </trkpt>
      <trkpt lat="51.4811005" lon="-0.0018592">
        <ele>8.6</ele>
        <time>2026-08-06T12:09:33Z</time>
        <extensions><gpxtpx:TrackPointExtension><gpxtpx:hr>127</gpxtpx:hr><gpxtpx:cad>83</gpxtpx:cad></gpxtpx:TrackPointExtension><power>255</power></extensions>
      </trkpt>
      <trkpt lat="51.4811048" lon="-0.0018242">
        <ele>8.6</ele>
        <time>2026-08-06T12:09:34Z</time>
        <extensions><gpxtpx:TrackPointExtension><gpxtpx:hr>127</gpxtpx:hr><gpxtpx:cad>83</gpxtpx:cad></gpxtpx:TrackPointExtension><power>255</power></extensions>
      </trkpt>
      <trkpt lat="51.4811091" lon="-0.0017892">
        <ele>8.6</ele>
        <time>2026-08-06T12:09:35Z</time>
        <extensions><gpxtpx:TrackPointExtension><gpxtpx:hr>127</gpxtpx:hr><gpxtpx:cad>83</gpxtpx:cad></gpxtpx:TrackPointExtension><power>255</power></extensions>
      </trkpt>
      <trkpt lat="51.4811132" lon="-0.0017541">
        <ele>8.7</ele>
        <time>2026-08-06T12:09:36Z</time>
        <extensions><gpxtpx:TrackPointExtension><gpxtpx:hr>128</gpxtpx:hr><gpxtpx:cad>83</gpxtpx:cad></gpxtpx:TrackPointExtension><power>256</power></extensions>
      </trkpt>
      <trkpt lat="51.4811172" lon="-0.0017188">
        <ele>8.7</ele>
        <time>2026-08-06T12:09:37Z</time>
        <extensions><gpxtpx:TrackPointExtension><gpxtpx:hr>128</gpxtpx:hr><gpxtpx:cad>83</gpxtpx:cad></gpxtpx:TrackPointExtension><power>256</power></extensions>
      </trkpt>
      <trkpt lat="51.4811211" lon="-0.0016835">
        <ele>8.7</ele>
        <time>2026-08-06T12:09:38Z</time>
        <extensions><gpxtpx:TrackPointExtension><gpxtpx:hr>128</gpxtpx:hr><gpxtpx:cad>83</gpxtpx:cad></gpxtpx:TrackPointExtension><power>256</power></extensions>
      </trkpt>
      <trkpt lat="51.4811249" lon="-0.0016482">
        <ele>8.7</ele>
        <time>2026-08-06T12:09:39Z</time>
        <extensions><gpxtpx:TrackPointExtension><gpxtpx:hr>128</gpxtpx:hr><gpxtpx:cad>83</gpxtpx:cad></gpxtpx:TrackPointExtension><power>256</power></extensions>
      </trkpt>
      <trkpt lat="51.4811285" lon="-0.0016127">
        <ele>8.7</ele>
        <time>2026-08-06T12:09:40Z</time>
        <extensions><gpxtpx:TrackPointExtension><gpxtpx:hr>129</gpxtpx:hr><gpxtpx:cad>83</gpxtpx:cad></gpxtpx:TrackPointExtension><power>256</power></extensions>
      </trkpt>
      <trkpt lat="51.4811321" lon="-0.0015772">
        <ele>8.7</ele>
        <time>2026-08-06T12:09:41Z</time>
        <extensions><gpxtpx:TrackPointExtension><gpxtpx:hr>129</gpxtpx:hr><gpxtpx:cad>83</gpxtpx:cad></gpxtpx:TrackPointExtension><power>256</power></extensions>
      </trkpt>
      <trkpt lat="51.4811356" lon="-0.0015416">
        <ele>8.7</ele>
        <time>2026-08-06T12:09:42Z</time>
        <extensions><gpxtpx:TrackPointExtension><gpxtpx:hr>129</gpxtpx:hr><gpxtpx:cad>83</gpxtpx:cad></gpxtpx:TrackPointExtension><power>256</power></extensions>
      </trkpt>
      <trkpt lat="51.4811389" lon="-0.0015059">
        <ele>8.7</ele>
        <time>2026-08-06T12:09:43Z</time>
        <extensions><gpxtpx:TrackPointExtension><gpxtpx:hr>129</gpxtpx:hr><gpxtpx:cad>83</gpxtpx:cad></gpxtpx:TrackPointExtension><power>256</power></extensions>
      </trkpt>
      <trkpt lat="51.4811421" lon="-0.0014702">
        <ele>8.7</ele>
        <time>2026-08-06T12:09:44Z</time>
        <extensions><gpxtpx:TrackPointExtension><gpxtpx:hr>130</gpxtpx:hr><gpxtpx:cad>83</gpxtpx:cad></gpxtpx:TrackPointExtension><power>256</power></extensions>
      </trkpt>
      <trkpt lat="51.4811452" lon="-0.0014344">
        <ele>8.7</ele>
        <time>2026-08-06T12:09:45Z</time>
        <extensions><gpxtpx:TrackPointExtension><gpxtpx:hr>130</gpxtpx:hr><gpxtpx:cad>83</gpxtpx:cad></gpxtpx:TrackPointExtension><power>256</power></extensions>
      </trkpt>
      <trkpt lat="51.4811483" lon="-0.0013985">
        <ele>8.7</ele>
        <time>2026-08-06T12:09:46Z</time>
        <extensions><gpxtpx:TrackPointExtension><gpxtpx:hr>130</gpxtpx:hr><gpxtpx:cad>83</gpxtpx:cad></gpxtpx:TrackPointExtension><power>256</power></extensions>
      </trkpt>
      <trkpt lat="51.4811511" lon="-0.0013626">
        <ele>8.7</ele>
        <time>2026-08-06T12:09:47Z</time>
        <extensions><gpxtpx:TrackPointExtension><gpxtpx:hr>130</gpxtpx:hr><gpxtpx:cad>83</gpxtpx:cad></gpxtpx:TrackPointExtension><power>256</power></extensions>
      </trkpt>
      <trkpt lat="51.4811539" lon="-0.0013265">
        <ele>8.7</ele>
        <time>2026-08-06T12:09:48Z</time>
        <extensions><gpxtpx:TrackPointExtension><gpxtpx:hr>131</gpxtpx:hr><gpxtpx:cad>83</gpxtpx:cad></gpxtpx:TrackPointExtension><power>256</power></extensions>
      </trkpt>
      <trkpt lat="51.4811566" lon="-0.0012905">
        <ele>8.8</ele>
        <time>2026-08-06T12:09:49Z</time>
        <extensions><gpxtpx:TrackPointExtension><gpxtpx:hr>131</gpxtpx:hr><gpxtpx:cad>83</gpxtpx:cad></gpxtpx:TrackPointExtension><power>256</power></extensions>
      </trkpt>
      <trkpt lat="51.4811591" lon="-0.0012543">
        <ele>8.8</ele>
        <time>2026-08-06T12:09:50Z</time>
        <extensions><gpxtpx:TrackPointExtension><gpxtpx:hr>131</gpxtpx:hr><gpxtpx:cad>82</gpxtpx:cad></gpxtpx:TrackPointExtension><power>256</power></extensions>
      </trkpt>
      <trkpt lat="51.4811615" lon="-0.0012181">
        <ele>8.8</ele>
        <time>2026-08-06T12:09:51Z</time>
        <extensions><gpxtpx:TrackPointExtension><gpxtpx:hr>131</gpxtpx:hr><gpxtpx:cad>82</gpxtpx:cad></gpxtpx:TrackPointExtension><power>256</power></extensions>
      </trkpt>
      <trkpt lat="51.4811639" lon="-0.0011818">
        <ele>8.8</ele>
        <time>2026-08-06T12:09:52Z</time>
        <extensions><gpxtpx:TrackPointExtension><gpxtpx:hr>132</gpxtpx:hr><gpxtpx:cad>82</gpxtpx:cad></gpxtpx:TrackPointExtension><power>256</power></extensions>
      </trkpt>
      <trkpt lat="51.4811660" lon="-0.0011455">
        <ele>8.8</ele>
        <time>2026-08-06T12:09:53Z</time>
        <extensions><gpxtpx:TrackPointExtension><gpxtpx:hr>132</gpxtpx:hr><gpxtpx:cad>82</gpxtpx:cad></gpxtpx:TrackPointExtension><power>256</power></extensions>
      </trkpt>
      <trkpt lat="51.4811681" lon="-0.0011091">
        <ele>8.8</ele>
        <time>2026-08-06T12:09:54Z</time>
        <extensions><gpxtpx:TrackPointExtension><gpxtpx:hr>132</gpxtpx:hr><gpxtpx:cad>82</gpxtpx:cad></gpxtpx:TrackPointExtension><power>256</power></extensions>
      </trkpt>
      <trkpt lat="51.4811701" lon="-0.0010727">
        <ele>8.8</ele>
        <time>2026-08-06T12:09:55Z</time>
        <extensions><gpxtpx:TrackPointExtension><gpxtpx:hr>132</gpxtpx:hr><gpxtpx:cad>82</gpxtpx:cad></gpxtpx:TrackPointExtension><power>255</power></extensions>
      </trkpt>
      <trkpt lat="51.4811719" lon="-0.0010362">
        <ele>8.9</ele>
        <time>2026-08-06T12:09:56Z</time>
        <extensions><gpxtpx:TrackPointExtension><gpxtpx:hr>133</gpxtpx:hr><gpxtpx:cad>82</gpxtpx:cad></gpxtpx:TrackPointExtension><power>255</power></extensions>
      </trkpt>
      <trkpt lat="51.4811736" lon="-0.0009996">
        <ele>8.9</ele>
        <time>2026-08-06T12:09:57Z</time>
        <extensions><gpxtpx:TrackPointExtension><gpxtpx:hr>133</gpxtpx:hr><gpxtpx:cad>82</gpxtpx:cad></gpxtpx:TrackPointExtension><power>255</power></extensions>
      </trkpt>
      <trkpt lat="51.4811752" lon="-0.0009630">
        <ele>8.9</ele>
        <time>2026-08-06T12:09:58Z</time>
        <extensions><gpxtpx:TrackPointExtension><gpxtpx:hr>133</gpxtpx:hr><gpxtpx:cad>82</gpxtpx:cad></gpxtpx:TrackPointExtension><power>255</power></extensions>
      </trkpt>
      <trkpt lat="51.4811767" lon="-0.0009263">
        <ele>8.9</ele>
        <time>2026-08-06T12:09:59Z</time>
        <extensions><gpxtpx:TrackPointExtension><gpxtpx:hr>133</gpxtpx:hr><gpxtpx:cad>82</gpxtpx:cad></gpxtpx:TrackPointExtension><power>255</power></extensions>
      </trkpt>
      <trkpt lat="51.4811781" lon="-0.0008896">
        <ele>8.9</ele>
        <time>2026-08-06T12:10:00Z</time>
        <extensions><gpxtpx:TrackPointExtension><gpxtpx:hr>134</gpxtpx:hr><gpxtpx:cad>82</gpxtpx:cad></gpxtpx:TrackPointExtension><power>255</power></extensions>
      </trkpt>
      <trkpt lat="51.4811793" lon="-0.0008529">
        <ele>9.0</ele>
        <time>2026-08-06T12:10:01Z</time>
        <extensions><gpxtpx:TrackPointExtension><gpxtpx:hr>134</gpxtpx:hr><gpxtpx:cad>82</gpxtpx:cad></gpxtpx:TrackPointExtension><power>255</power></extensions>
      </trkpt>
      <trkpt lat="51.4811804" lon="-0.0008161">
        <ele>9.0</ele>
        <time>2026-08-06T12:10:02Z</time>
        <extensions><gpxtpx:TrackPointExtension><gpxtpx:hr>134</gpxtpx:hr><gpxtpx:cad>82</gpxtpx:cad></gpxtpx:TrackPointExtension><power>254</power></extensions>
      </trkpt>
      <trkpt lat="51.4811814" lon="-0.0007792">
        <ele>9.0</ele>
        <time>2026-08-06T12:10:03Z</time>
        <extensions><gpxtpx:TrackPointExtension><gpxtpx:hr>134</gpxtpx:hr><gpxtpx:cad>82</gpxtpx:cad></gpxtpx:TrackPointExtension><power>254</power></extensions>
      </trkpt>
      <trkpt lat="51.4811823" lon="-0.0007424">
        <ele>9.0</ele>
        <time>2026-08-06T12:10:04Z</time>
        <extensions><gpxtpx:TrackPointExtension><gpxtpx:hr>135</gpxtpx:hr><gpxtpx:cad>82</gpxtpx:cad></gpxtpx:TrackPointExtension><power>254</power></extensions>
      </trkpt>
      <trkpt lat="51.4811830" lon="-0.0007054">
        <ele>9.1</ele>
        <time>2026-08-06T12:10:05Z</time>
        <extensions><gpxtpx:TrackPointExtension><gpxtpx:hr>135</gpxtpx:hr><gpxtpx:cad>82</gpxtpx:cad></gpxtpx:TrackPointExtension><power>254</power></extensions>
      </trkpt>
      <trkpt lat="51.4811837" lon="-0.0006685">
        <ele>9.1</ele>
        <time>2026-08-06T12:10:06Z</time>
        <extensions><gpxtpx:TrackPointExtension><gpxtpx:hr>135</gpxtpx:hr><gpxtpx:cad>82</gpxtpx:cad></gpxtpx:TrackPointExtension><power>254</power></extensions>
      </trkpt>
      <trkpt lat="51.4811842" lon="-0.0006315">
        <ele>9.1</ele>
        <time>2026-08-06T12:10:07Z</time>
        <extensions><gpxtpx:TrackPointExtension><gpxtpx:hr>135</gpxtpx:hr><gpxtpx:cad>82</gpxtpx:cad></gpxtpx:TrackPointExtension><power>253</power></extensions>
      </trkpt>
      <trkpt lat="51.4811845" lon="-0.0005944">
        <ele>9.1</ele>
        <time>2026-08-06T12:10:08Z</time>
        <extensions><gpxtpx:TrackPointExtension><gpxtpx:hr>135</gpxtpx:hr><gpxtpx:cad>82</gpxtpx:cad></gpxtpx:TrackPointExtension><power>253</power></extensions>
      </trkpt>
      <trkpt lat="51.4811848" lon="-0.0005574">
        <ele>9.2</ele>
        <time>2026-08-06T12:10:09Z</time>
        <extensions><gpxtpx:TrackPointExtension><gpxtpx:hr>136</gpxtpx:hr><gpxtpx:cad>82</gpxtpx:cad></gpxtpx:TrackPointExtension><power>253</power></extensions>
      </trkpt>
      <trkpt lat="51.4811849" lon="-0.0005203">
        <ele>9.2</ele>
        <time>2026-08-06T12:10:10Z</time>
        <extensions><gpxtpx:TrackPointExtension><gpxtpx:hr>136</gpxtpx:hr><gpxtpx:cad>82</gpxtpx:cad></gpxtpx:TrackPointExtension><power>253</power></extensions>
      </trkpt>
      <trkpt lat="51.4811849" lon="-0.0004831">
        <ele>9.2</ele>
        <time>2026-08-06T12:10:11Z</time>
        <extensions><gpxtpx:TrackPointExtension><gpxtpx:hr>136</gpxtpx:hr><gpxtpx:cad>82</gpxtpx:cad></gpxtpx:TrackPointExtension><power>252</power></extensions>
      </trkpt>
      <trkpt lat="51.4811848" lon="-0.0004460">
        <ele>9.2</ele>
        <time>2026-08-06T12:10:12Z</time>
        <extensions><gpxtpx:TrackPointExtension><gpxtpx:hr>136</gpxtpx:hr><gpxtpx:cad>82</gpxtpx:cad></gpxtpx:TrackPointExtension><power>252</power></extensions>
      </trkpt>
      <trkpt lat="51.4811846" lon="-0.0004088">
        <ele>9.3</ele>
        <time>2026-08-06T12:10:13Z</time>
        <extensions><gpxtpx:TrackPointExtension><gpxtpx:hr>137</gpxtpx:hr><gpxtpx:cad>82</gpxtpx:cad></gpxtpx:TrackPointExtension><power>252</power></extensions>
      </trkpt>
    </trkseg>
  </trk>
</gpx>
