<?xml version="1.0" encoding="UTF-8"?>
<gpx version="1.1" creator="Run Log fixture generator"
  xmlns="http://www.topografix.com/GPX/1/1"
  xmlns:gpxtpx="http://www.garmin.com/xmlschemas/TrackPointExtension/v1">
  <metadata>
    <time>2026-08-06T11:49:29Z</time>
  </metadata>
  <trk>
    <name>Lunch Run</name>
    <type>running</type>
    <trkseg>
      <trkpt lat="51.4437168" lon="-0.2759622">
        <ele>50.0</ele>
        <time>2026-08-06T11:49:29Z</time>
        <extensions><gpxtpx:TrackPointExtension><gpxtpx:hr>81</gpxtpx:hr></gpxtpx:TrackPointExtension></extensions>
      </trkpt>
      <trkpt lat="51.4437120" lon="-0.2759629">
        <ele>49.8</ele>
        <time>2026-08-06T11:49:30Z</time>
        <extensions><gpxtpx:TrackPointExtension><gpxtpx:hr>81</gpxtpx:hr></gpxtpx:TrackPointExtension></extensions>
      </trkpt>
      <trkpt lat="51.4437057" lon="-0.2759640">
        <ele>49.6</ele>
        <time>2026-08-06T11:49:31Z</time>
        <extensions><gpxtpx:TrackPointExtension><gpxtpx:hr>81</gpxtpx:hr></gpxtpx:TrackPointExtension></extensions>
      </trkpt>
      <trkpt lat="51.4436947" lon="-0.2759658">
        <ele>49.4</ele>
        <time>2026-08-06T11:49:32Z</time>
        <extensions><gpxtpx:TrackPointExtension><gpxtpx:hr>81</gpxtpx:hr></gpxtpx:TrackPointExtension></extensions>
      </trkpt>
      <trkpt lat="51.4436827" lon="-0.2759678">
        <ele>49.2</ele>
        <time>2026-08-06T11:49:33Z</time>
        <extensions><gpxtpx:TrackPointExtension><gpxtpx:hr>81</gpxtpx:hr></gpxtpx:TrackPointExtension></extensions>
      </trkpt>
      <trkpt lat="51.4436699" lon="-0.2759698">
        <ele>49.2</ele>
        <time>2026-08-06T11:49:34Z</time>
        <extensions><gpxtpx:TrackPointExtension><gpxtpx:hr>81</gpxtpx:hr></gpxtpx:TrackPointExtension><power>98</power></extensions>
      </trkpt>
      <trkpt lat="51.4436571" lon="-0.2759714">
        <ele>49.2</ele>
        <time>2026-08-06T11:49:35Z</time>
        <extensions><gpxtpx:TrackPointExtension><gpxtpx:hr>81</gpxtpx:hr></gpxtpx:TrackPointExtension><power>101</power></extensions>
      </trkpt>
      <trkpt lat="51.4436455" lon="-0.2759721">
        <ele>49.2</ele>
        <time>2026-08-06T11:49:36Z</time>
        <extensions><gpxtpx:TrackPointExtension><gpxtpx:hr>81</gpxtpx:hr></gpxtpx:TrackPointExtension><power>102</power></extensions>
      </trkpt>
      <trkpt lat="51.4436341" lon="-0.2759729">
        <ele>49.2</ele>
        <time>2026-08-06T11:49:37Z</time>
        <extensions><gpxtpx:TrackPointExtension><gpxtpx:hr>81</gpxtpx:hr></gpxtpx:TrackPointExtension><power>102</power></extensions>
      </trkpt>
      <trkpt lat="51.4436227" lon="-0.2759736">
        <ele>49.2</ele>
        <time>2026-08-06T11:49:38Z</time>
        <extensions><gpxtpx:TrackPointExtension><gpxtpx:hr>81</gpxtpx:hr></gpxtpx:TrackPointExtension><power>101</power></extensions>
      </trkpt>
      <trkpt lat="51.4436115" lon="-0.2759749">
        <ele>49.4</ele>
        <time>2026-08-06T11:49:39Z</time>
        <extensions><gpxtpx:TrackPointExtension><gpxtpx:hr>81</gpxtpx:hr></gpxtpx:TrackPointExtension><power>100</power></extensions>
      </trkpt>
      <trkpt lat="51.4436007" lon="-0.2759767">
        <ele>49.4</ele>
        <time>2026-08-06T11:49:40Z</time>
        <extensions><gpxtpx:TrackPointExtension><gpxtpx:hr>81</gpxtpx:hr></gpxtpx:TrackPointExtension><power>97</power></extensions>
      </trkpt>
      <trkpt lat="51.4435899" lon="-0.2759790">
        <ele>49.6</ele>
        <time>2026-08-06T11:49:41Z</time>
        <extensions><gpxtpx:TrackPointExtension><gpxtpx:hr>81</gpxtpx:hr></gpxtpx:TrackPointExtension><power>94</power></extensions>
      </trkpt>
      <trkpt lat="51.4435791" lon="-0.2759807">
        <ele>49.6</ele>
        <time>2026-08-06T11:49:42Z</time>
        <extensions><gpxtpx:TrackPointExtension><gpxtpx:hr>81</gpxtpx:hr></gpxtpx:TrackPointExtension><power>95</power></extensions>
      </trkpt>
      <trkpt lat="51.4435685" lon="-0.2759825">
        <ele>49.6</ele>
        <time>2026-08-06T11:49:43Z</time>
        <extensions><gpxtpx:TrackPointExtension><gpxtpx:hr>81</gpxtpx:hr></gpxtpx:TrackPointExtension><power>96</power></extensions>
      </trkpt>
      <trkpt lat="51.4435579" lon="-0.2759840">
        <ele>49.6</ele>
        <time>2026-08-06T11:49:44Z</time>
        <extensions><gpxtpx:TrackPointExtension><gpxtpx:hr>81</gpxtpx:hr></gpxtpx:TrackPointExtension><power>97</power></extensions>
      </trkpt>
      <trkpt lat="51.4435473" lon="-0.2759858">
        <ele>49.6</ele>
        <time>2026-08-06T11:49:45Z</time>
        <extensions><gpxtpx:TrackPointExtension><gpxtpx:hr>81</gpxtpx:hr></gpxtpx:TrackPointExtension><power>99</power></extensions>
      </trkpt>
      <trkpt lat="51.4435373" lon="-0.2759876">
        <ele>49.4</ele>
        <time>2026-08-06T11:49:46Z</time>
        <extensions><gpxtpx:TrackPointExtension><gpxtpx:hr>81</gpxtpx:hr></gpxtpx:TrackPointExtension><power>100</power></extensions>
      </trkpt>
      <trkpt lat="51.4435277" lon="-0.2759901">
        <ele>49.4</ele>
        <time>2026-08-06T11:49:47Z</time>
        <extensions><gpxtpx:TrackPointExtension><gpxtpx:hr>81</gpxtpx:hr></gpxtpx:TrackPointExtension><power>101</power></extensions>
      </trkpt>
      <trkpt lat="51.4435181" lon="-0.2759932">
        <ele>49.4</ele>
        <time>2026-08-06T11:49:48Z</time>
        <extensions><gpxtpx:TrackPointExtension><gpxtpx:hr>81</gpxtpx:hr></gpxtpx:TrackPointExtension><power>101</power></extensions>
      </trkpt>
      <trkpt lat="51.4435085" lon="-0.2759967">
        <ele>49.4</ele>
        <time>2026-08-06T11:49:49Z</time>
        <extensions><gpxtpx:TrackPointExtension><gpxtpx:hr>81</gpxtpx:hr></gpxtpx:TrackPointExtension><power>102</power></extensions>
      </trkpt>
      <trkpt lat="51.4434983" lon="-0.2760003">
        <ele>49.4</ele>
        <time>2026-08-06T11:49:50Z</time>
        <extensions><gpxtpx:TrackPointExtension><gpxtpx:hr>78</gpxtpx:hr></gpxtpx:TrackPointExtension><power>102</power></extensions>
      </trkpt>
      <trkpt lat="51.4434871" lon="-0.2760036">
        <ele>49.6</ele>
        <time>2026-08-06T11:49:51Z</time>
        <extensions><gpxtpx:TrackPointExtension><gpxtpx:hr>78</gpxtpx:hr></gpxtpx:TrackPointExtension><power>102</power></extensions>
      </trkpt>
      <trkpt lat="51.4434751" lon="-0.2760061">
        <ele>49.6</ele>
        <time>2026-08-06T11:49:52Z</time>
        <extensions><gpxtpx:TrackPointExtension><gpxtpx:hr>78</gpxtpx:hr></gpxtpx:TrackPointExtension><power>103</power></extensions>
      </trkpt>
      <trkpt lat="51.4434629" lon="-0.2760076">
        <ele>49.6</ele>
        <time>2026-08-06T11:49:53Z</time>
        <extensions><gpxtpx:TrackPointExtension><gpxtpx:hr>78</gpxtpx:hr></gpxtpx:TrackPointExtension><power>103</power></extensions>
      </trkpt>
      <trkpt lat="51.4434505" lon="-0.2760084">
        <ele>49.6</ele>
        <time>2026-08-06T11:49:54Z</time>
        <extensions><gpxtpx:TrackPointExtension><gpxtpx:hr>78</gpxtpx:hr></gpxtpx:TrackPointExtension><power>103</power></extensions>
      </trkpt>
      <trkpt lat="51.4434387" lon="-0.2760084">
        <ele>49.6</ele>
        <time>2026-08-06T11:49:55Z</time>
        <extensions><gpxtpx:TrackPointExtension><gpxtpx:hr>76</gpxtpx:hr></gpxtpx:TrackPointExtension><power>101</power></extensions>
      </trkpt>
      <trkpt lat="51.4434273" lon="-0.2760084">
        <ele>49.6</ele>
        <time>2026-08-06T11:49:56Z</time>
        <extensions><gpxtpx:TrackPointExtension><gpxtpx:hr>76</gpxtpx:hr></gpxtpx:TrackPointExtension><power>99</power></extensions>
      </trkpt>
      <trkpt lat="51.4434163" lon="-0.2760084">
        <ele>49.8</ele>
        <time>2026-08-06T11:49:57Z</time>
        <extensions><gpxtpx:TrackPointExtension><gpxtpx:hr>76</gpxtpx:hr></gpxtpx:TrackPointExtension><power>98</power></extensions>
      </trkpt>
      <trkpt lat="51.4434051" lon="-0.2760089">
        <ele>49.8</ele>
        <time>2026-08-06T11:49:58Z</time>
        <extensions><gpxtpx:TrackPointExtension><gpxtpx:hr>76</gpxtpx:hr></gpxtpx:TrackPointExtension><power>96</power></extensions>
      </trkpt>
      <trkpt lat="51.4433937" lon="-0.2760102">
        <ele>49.8</ele>
        <time>2026-08-06T11:49:59Z</time>
        <extensions><gpxtpx:TrackPointExtension><gpxtpx:hr>76</gpxtpx:hr></gpxtpx:TrackPointExtension><power>93</power></extensions>
      </trkpt>
      <trkpt lat="51.4433843" lon="-0.2760114">
        <ele>50.0</ele>
        <time>2026-08-06T11:50:00Z</time>
        <extensions><gpxtpx:TrackPointExtension><gpxtpx:hr>76</gpxtpx:hr></gpxtpx:TrackPointExtension><power>96</power></extensions>
      </trkpt>
      <trkpt lat="51.4433741" lon="-0.2760135">
        <ele>50.0</ele>
        <time>2026-08-06T11:50:01Z</time>
        <extensions><gpxtpx:TrackPointExtension><gpxtpx:hr>76</gpxtpx:hr></gpxtpx:TrackPointExtension><power>98</power></extensions>
      </trkpt>
      <trkpt lat="51.4433625" lon="-0.2760168">
        <ele>50.0</ele>
        <time>2026-08-06T11:50:02Z</time>
        <extensions><gpxtpx:TrackPointExtension><gpxtpx:hr>76</gpxtpx:hr></gpxtpx:TrackPointExtension><power>100</power></extensions>
      </trkpt>
      <trkpt lat="51.4433499" lon="-0.2760211">
        <ele>50.0</ele>
        <time>2026-08-06T11:50:03Z</time>
        <extensions><gpxtpx:TrackPointExtension><gpxtpx:hr>76</gpxtpx:hr></gpxtpx:TrackPointExtension><power>106</power></extensions>
      </trkpt>
      <trkpt lat="51.4433367" lon="-0.2760261">
        <ele>50.0</ele>
        <time>2026-08-06T11:50:04Z</time>
        <extensions><gpxtpx:TrackPointExtension><gpxtpx:hr>76</gpxtpx:hr></gpxtpx:TrackPointExtension><power>112</power></extensions>
      </trkpt>
      <trkpt lat="51.4433203" lon="-0.2760322">
        <ele>50.0</ele>
        <time>2026-08-06T11:50:05Z</time>
        <extensions><gpxtpx:TrackPointExtension><gpxtpx:hr>79</gpxtpx:hr></gpxtpx:TrackPointExtension><power>113</power></extensions>
      </trkpt>
      <trkpt lat="51.4433041" lon="-0.2760383">
        <ele>50.0</ele>
        <time>2026-08-06T11:50:06Z</time>
        <extensions><gpxtpx:TrackPointExtension><gpxtpx:hr>79</gpxtpx:hr></gpxtpx:TrackPointExtension><power>114</power></extensions>
      </trkpt>
      <trkpt lat="51.4432889" lon="-0.2760439">
        <ele>50.0</ele>
        <time>2026-08-06T11:50:07Z</time>
        <extensions><gpxtpx:TrackPointExtension><gpxtpx:hr>79</gpxtpx:hr></gpxtpx:TrackPointExtension><power>116</power></extensions>
      </trkpt>
      <trkpt lat="51.4432745" lon="-0.2760490">
        <ele>50.0</ele>
        <time>2026-08-06T11:50:08Z</time>
        <extensions><gpxtpx:TrackPointExtension><gpxtpx:hr>79</gpxtpx:hr></gpxtpx:TrackPointExtension><power>114</power></extensions>
      </trkpt>
      <trkpt lat="51.4432607" lon="-0.2760530">
        <ele>50.0</ele>
        <time>2026-08-06T11:50:09Z</time>
        <extensions><gpxtpx:TrackPointExtension><gpxtpx:hr>79</gpxtpx:hr></gpxtpx:TrackPointExtension><power>112</power></extensions>
      </trkpt>
      <trkpt lat="51.4432477" lon="-0.2760566">
        <ele>50.2</ele>
        <time>2026-08-06T11:50:10Z</time>
        <extensions><gpxtpx:TrackPointExtension><gpxtpx:hr>81</gpxtpx:hr></gpxtpx:TrackPointExtension><power>111</power></extensions>
      </trkpt>
      <trkpt lat="51.4432351" lon="-0.2760599">
        <ele>50.2</ele>
        <time>2026-08-06T11:50:11Z</time>
        <extensions><gpxtpx:TrackPointExtension><gpxtpx:hr>81</gpxtpx:hr></gpxtpx:TrackPointExtension><power>110</power></extensions>
      </trkpt>
      <trkpt lat="51.4432227" lon="-0.2760629">
        <ele>50.2</ele>
        <time>2026-08-06T11:50:12Z</time>
        <extensions><gpxtpx:TrackPointExtension><gpxtpx:hr>81</gpxtpx:hr></gpxtpx:TrackPointExtension><power>110</power></extensions>
      </trkpt>
      <trkpt lat="51.4432103" lon="-0.2760657">
        <ele>50.2</ele>
        <time>2026-08-06T11:50:13Z</time>
        <extensions><gpxtpx:TrackPointExtension><gpxtpx:hr>81</gpxtpx:hr></gpxtpx:TrackPointExtension><power>109</power></extensions>
      </trkpt>
      <trkpt lat="51.4431979" lon="-0.2760683">
        <ele>50.2</ele>
        <time>2026-08-06T11:50:14Z</time>
        <extensions><gpxtpx:TrackPointExtension><gpxtpx:hr>81</gpxtpx:hr></gpxtpx:TrackPointExtension><power>109</power></extensions>
      </trkpt>
      <trkpt lat="51.4431853" lon="-0.2760708">
        <ele>50.2</ele>
        <time>2026-08-06T11:50:15Z</time>
        <extensions><gpxtpx:TrackPointExtension><gpxtpx:hr>80</gpxtpx:hr></gpxtpx:TrackPointExtension><power>108</power></extensions>
      </trkpt>
      <trkpt lat="51.4431723" lon="-0.2760731">
        <ele>50.2</ele>
        <time>2026-08-06T11:50:16Z</time>
        <extensions><gpxtpx:TrackPointExtension><gpxtpx:hr>80</gpxtpx:hr></gpxtpx:TrackPointExtension><power>108</power></extensions>
      </trkpt>
      <trkpt lat="51.4431591" lon="-0.2760756">
        <ele>50.2</ele>
        <time>2026-08-06T11:50:17Z</time>
        <extensions><gpxtpx:TrackPointExtension><gpxtpx:hr>79</gpxtpx:hr></gpxtpx:TrackPointExtension><power>108</power></extensions>
      </trkpt>
      <trkpt lat="51.4431459" lon="-0.2760784">
        <ele>50.2</ele>
        <time>2026-08-06T11:50:18Z</time>
        <extensions><gpxtpx:TrackPointExtension><gpxtpx:hr>79</gpxtpx:hr></gpxtpx:TrackPointExtension><power>108</power></extensions>
      </trkpt>
      <trkpt lat="51.4431325" lon="-0.2760817">
        <ele>50.4</ele>
        <time>2026-08-06T11:50:19Z</time>
        <extensions><gpxtpx:TrackPointExtension><gpxtpx:hr>79</gpxtpx:hr></gpxtpx:TrackPointExtension><power>108</power></extensions>
      </trkpt>
      <trkpt lat="51.4431189" lon="-0.2760852">
        <ele>50.4</ele>
        <time>2026-08-06T11:50:20Z</time>
        <extensions><gpxtpx:TrackPointExtension><gpxtpx:hr>79</gpxtpx:hr></gpxtpx:TrackPointExtension><power>108</power></extensions>
      </trkpt>
      <trkpt lat="51.4431055" lon="-0.2760888">
        <ele>50.4</ele>
        <time>2026-08-06T11:50:21Z</time>
        <extensions><gpxtpx:TrackPointExtension><gpxtpx:hr>80</gpxtpx:hr></gpxtpx:TrackPointExtension><power>108</power></extensions>
      </trkpt>
      <trkpt lat="51.4430919" lon="-0.2760921">
        <ele>50.4</ele>
        <time>2026-08-06T11:50:22Z</time>
        <extensions><gpxtpx:TrackPointExtension><gpxtpx:hr>80</gpxtpx:hr></gpxtpx:TrackPointExtension><power>108</power></extensions>
      </trkpt>
      <trkpt lat="51.4430781" lon="-0.2760954">
        <ele>50.4</ele>
        <time>2026-08-06T11:50:23Z</time>
        <extensions><gpxtpx:TrackPointExtension><gpxtpx:hr>80</gpxtpx:hr></gpxtpx:TrackPointExtension><power>108</power></extensions>
      </trkpt>
      <trkpt lat="51.4430645" lon="-0.2760989">
        <ele>50.4</ele>
        <time>2026-08-06T11:50:24Z</time>
        <extensions><gpxtpx:TrackPointExtension><gpxtpx:hr>80</gpxtpx:hr></gpxtpx:TrackPointExtension><power>108</power></extensions>
      </trkpt>
      <trkpt lat="51.4430507" lon="-0.2761030">
        <ele>50.4</ele>
        <time>2026-08-06T11:50:25Z</time>
        <extensions><gpxtpx:TrackPointExtension><gpxtpx:hr>80</gpxtpx:hr></gpxtpx:TrackPointExtension><power>109</power></extensions>
      </trkpt>
      <trkpt lat="51.4430363" lon="-0.2761076">
        <ele>50.4</ele>
        <time>2026-08-06T11:50:26Z</time>
        <extensions><gpxtpx:TrackPointExtension><gpxtpx:hr>81</gpxtpx:hr></gpxtpx:TrackPointExtension><power>112</power></extensions>
      </trkpt>
      <trkpt lat="51.4430213" lon="-0.2761126">
        <ele>50.2</ele>
        <time>2026-08-06T11:50:27Z</time>
        <extensions><gpxtpx:TrackPointExtension><gpxtpx:hr>81</gpxtpx:hr></gpxtpx:TrackPointExtension><power>115</power></extensions>
      </trkpt>
      <trkpt lat="51.4430057" lon="-0.2761177">
        <ele>50.2</ele>
        <time>2026-08-06T11:50:28Z</time>
        <extensions><gpxtpx:TrackPointExtension><gpxtpx:hr>81</gpxtpx:hr></gpxtpx:TrackPointExtension><power>120</power></extensions>
      </trkpt>
      <trkpt lat="51.4429895" lon="-0.2761225">
        <ele>50.0</ele>
        <time>2026-08-06T11:50:29Z</time>
        <extensions><gpxtpx:TrackPointExtension><gpxtpx:hr>81</gpxtpx:hr></gpxtpx:TrackPointExtension><power>126</power></extensions>
      </trkpt>
      <trkpt lat="51.4429731" lon="-0.2761268">
        <ele>50.0</ele>
        <time>2026-08-06T11:50:30Z</time>
        <extensions><gpxtpx:TrackPointExtension><gpxtpx:hr>81</gpxtpx:hr></gpxtpx:TrackPointExtension><power>131</power></extensions>
      </trkpt>
      <trkpt lat="51.4429559" lon="-0.2761312">
        <ele>49.8</ele>
        <time>2026-08-06T11:50:31Z</time>
        <extensions><gpxtpx:TrackPointExtension><gpxtpx:hr>82</gpxtpx:hr></gpxtpx:TrackPointExtension><power>140</power></extensions>
      </trkpt>
      <trkpt lat="51.4429373" lon="-0.2761355">
        <ele>49.6</ele>
        <time>2026-08-06T11:50:32Z</time>
        <extensions><gpxtpx:TrackPointExtension><gpxtpx:hr>82</gpxtpx:hr></gpxtpx:TrackPointExtension><power>150</power></extensions>
      </trkpt>
      <trkpt lat="51.4429167" lon="-0.2761403">
        <ele>49.6</ele>
        <time>2026-08-06T11:50:33Z</time>
        <extensions><gpxtpx:TrackPointExtension><gpxtpx:hr>82</gpxtpx:hr></gpxtpx:TrackPointExtension><power>156</power></extensions>
      </trkpt>
      <trkpt lat="51.4428943" lon="-0.2761451">
        <ele>49.4</ele>
        <time>2026-08-06T11:50:34Z</time>
        <extensions><gpxtpx:TrackPointExtension><gpxtpx:hr>82</gpxtpx:hr></gpxtpx:TrackPointExtension><power>172</power></extensions>
      </trkpt>
      <trkpt lat="51.4428701" lon="-0.2761499">
        <ele>49.4</ele>
        <time>2026-08-06T11:50:35Z</time>
        <extensions><gpxtpx:TrackPointExtension><gpxtpx:hr>82</gpxtpx:hr></gpxtpx:TrackPointExtension><power>187</power></extensions>
      </trkpt>
      <trkpt lat="51.4428453" lon="-0.2761542">
        <ele>49.4</ele>
        <time>2026-08-06T11:50:36Z</time>
        <extensions><gpxtpx:TrackPointExtension><gpxtpx:hr>87</gpxtpx:hr></gpxtpx:TrackPointExtension><power>195</power></extensions>
      </trkpt>
      <trkpt lat="51.4428207" lon="-0.2761583">
        <ele>49.4</ele>
        <time>2026-08-06T11:50:37Z</time>
        <extensions><gpxtpx:TrackPointExtension><gpxtpx:hr>87</gpxtpx:hr></gpxtpx:TrackPointExtension><power>203</power></extensions>
      </trkpt>
      <trkpt lat="51.4427969" lon="-0.2761618">
        <ele>49.4</ele>
        <time>2026-08-06T11:50:38Z</time>
        <extensions><gpxtpx:TrackPointExtension><gpxtpx:hr>87</gpxtpx:hr></gpxtpx:TrackPointExtension><power>211</power></extensions>
      </trkpt>
      <trkpt lat="51.4427735" lon="-0.2761654">
        <ele>49.4</ele>
        <time>2026-08-06T11:50:39Z</time>
        <extensions><gpxtpx:TrackPointExtension><gpxtpx:hr>87</gpxtpx:hr></gpxtpx:TrackPointExtension><power>212</power></extensions>
      </trkpt>
      <trkpt lat="51.4427505" lon="-0.2761684">
        <ele>49.4</ele>
        <time>2026-08-06T11:50:40Z</time>
        <extensions><gpxtpx:TrackPointExtension><gpxtpx:hr>87</gpxtpx:hr></gpxtpx:TrackPointExtension><power>214</power></extensions>
      </trkpt>
      <trkpt lat="51.4427275" lon="-0.2761712">
        <ele>49.4</ele>
        <time>2026-08-06T11:50:41Z</time>
        <extensions><gpxtpx:TrackPointExtension><gpxtpx:hr>87</gpxtpx:hr></gpxtpx:TrackPointExtension><power>215</power></extensions>
      </trkpt>
      <trkpt lat="51.4427045" lon="-0.2761735">
        <ele>49.6</ele>
        <time>2026-08-06T11:50:42Z</time>
        <extensions><gpxtpx:TrackPointExtension><gpxtpx:hr>95</gpxtpx:hr></gpxtpx:TrackPointExtension><power>216</power></extensions>
      </trkpt>
      <trkpt lat="51.4426817" lon="-0.2761755">
        <ele>49.6</ele>
        <time>2026-08-06T11:50:43Z</time>
        <extensions><gpxtpx:TrackPointExtension><gpxtpx:hr>95</gpxtpx:hr></gpxtpx:TrackPointExtension><power>218</power></extensions>
      </trkpt>
      <trkpt lat="51.4426591" lon="-0.2761776">
        <ele>49.8</ele>
        <time>2026-08-06T11:50:44Z</time>
        <extensions><gpxtpx:TrackPointExtension><gpxtpx:hr>95</gpxtpx:hr></gpxtpx:TrackPointExtension><power>219</power></extensions>
      </trkpt>
      <trkpt lat="51.4426367" lon="-0.2761804">
        <ele>50.0</ele>
        <time>2026-08-06T11:50:45Z</time>
        <extensions><gpxtpx:TrackPointExtension><gpxtpx:hr>95</gpxtpx:hr></gpxtpx:TrackPointExtension><power>220</power></extensions>
      </trkpt>
      <trkpt lat="51.4426147" lon="-0.2761839">
        <ele>50.0</ele>
        <time>2026-08-06T11:50:46Z</time>
        <extensions><gpxtpx:TrackPointExtension><gpxtpx:hr>95</gpxtpx:hr></gpxtpx:TrackPointExtension><power>223</power></extensions>
      </trkpt>
      <trkpt lat="51.4425929" lon="-0.2761882">
        <ele>50.0</ele>
        <time>2026-08-06T11:50:47Z</time>
        <extensions><gpxtpx:TrackPointExtension><gpxtpx:hr>95</gpxtpx:hr></gpxtpx:TrackPointExtension><power>225</power></extensions>
      </trkpt>
      <trkpt lat="51.4425713" lon="-0.2761928">
        <ele>50.2</ele>
        <time>2026-08-06T11:50:48Z</time>
        <extensions><gpxtpx:TrackPointExtension><gpxtpx:hr>96</gpxtpx:hr></gpxtpx:TrackPointExtension><power>228</power></extensions>
      </trkpt>
      <trkpt lat="51.4425495" lon="-0.2761976">
        <ele>50.2</ele>
        <time>2026-08-06T11:50:49Z</time>
        <extensions><gpxtpx:TrackPointExtension><gpxtpx:hr>96</gpxtpx:hr></gpxtpx:TrackPointExtension><power>230</power></extensions>
      </trkpt>
      <trkpt lat="51.4425277" lon="-0.2762024">
        <ele>50.2</ele>
        <time>2026-08-06T11:50:50Z</time>
        <extensions><gpxtpx:TrackPointExtension><gpxtpx:hr>96</gpxtpx:hr></gpxtpx:TrackPointExtension><power>232</power></extensions>
      </trkpt>
      <trkpt lat="51.4425057" lon="-0.2762072">
        <ele>50.2</ele>
        <time>2026-08-06T11:50:51Z</time>
        <extensions><gpxtpx:TrackPointExtension><gpxtpx:hr>96</gpxtpx:hr></gpxtpx:TrackPointExtension><power>232</power></extensions>
      </trkpt>
      <trkpt lat="51.4424835" lon="-0.2762118">
        <ele>50.0</ele>
        <time>2026-08-06T11:50:52Z</time>
        <extensions><gpxtpx:TrackPointExtension><gpxtpx:hr>96</gpxtpx:hr></gpxtpx:TrackPointExtension><power>234</power></extensions>
      </trkpt>
      <trkpt lat="51.4424609" lon="-0.2762161">
        <ele>50.0</ele>
        <time>2026-08-06T11:50:53Z</time>
        <extensions><gpxtpx:TrackPointExtension><gpxtpx:hr>96</gpxtpx:hr></gpxtpx:TrackPointExtension><power>236</power></extensions>
      </trkpt>
      <trkpt lat="51.4424383" lon="-0.2762199">
        <ele>50.0</ele>
        <time>2026-08-06T11:50:54Z</time>
        <extensions><gpxtpx:TrackPointExtension><gpxtpx:hr>98</gpxtpx:hr></gpxtpx:TrackPointExtension><power>237</power></extensions>
      </trkpt>
      <trkpt lat="51.4424155" lon="-0.2762235">
        <ele>50.0</ele>
        <time>2026-08-06T11:50:55Z</time>
        <extensions><gpxtpx:TrackPointExtension><gpxtpx:hr>98</gpxtpx:hr></gpxtpx:TrackPointExtension><power>238</power></extensions>
      </trkpt>
      <trkpt lat="51.4423925" lon="-0.2762265">
        <ele>49.8</ele>
        <time>2026-08-06T11:50:56Z</time>
        <extensions><gpxtpx:TrackPointExtension><gpxtpx:hr>98</gpxtpx:hr></gpxtpx:TrackPointExtension><power>239</power></extensions>
      </trkpt>
      <trkpt lat="51.4423693" lon="-0.2762291">
        <ele>49.8</ele>
        <time>2026-08-06T11:50:57Z</time>
        <extensions><gpxtpx:TrackPointExtension><gpxtpx:hr>98</gpxtpx:hr></gpxtpx:TrackPointExtension><power>239</power></extensions>
      </trkpt>
      <trkpt lat="51.4423459" lon="-0.2762318">
        <ele>49.8</ele>
        <time>2026-08-06T11:50:58Z</time>
        <extensions><gpxtpx:TrackPointExtension><gpxtpx:hr>98</gpxtpx:hr></gpxtpx:TrackPointExtension><power>240</power></extensions>
      </trkpt>
      <trkpt lat="51.4423223" lon="-0.2762349">
        <ele>50.0</ele>
        <time>2026-08-06T11:50:59Z</time>
        <extensions><gpxtpx:TrackPointExtension><gpxtpx:hr>98</gpxtpx:hr></gpxtpx:TrackPointExtension><power>240</power></extensions>
      </trkpt>
      <trkpt lat="51.4422987" lon="-0.2762379">
        <ele>50.0</ele>
        <time>2026-08-06T11:51:00Z</time>
        <extensions><gpxtpx:TrackPointExtension><gpxtpx:hr>98</gpxtpx:hr></gpxtpx:TrackPointExtension><power>241</power></extensions>
      </trkpt>
      <trkpt lat="51.4422751" lon="-0.2762412">
        <ele>50.2</ele>
        <time>2026-08-06T11:51:01Z</time>
        <extensions><gpxtpx:TrackPointExtension><gpxtpx:hr>98</gpxtpx:hr></gpxtpx:TrackPointExtension><power>242</power></extensions>
      </trkpt>
      <trkpt lat="51.4422515" lon="-0.2762450">
        <ele>50.2</ele>
        <time>2026-08-06T11:51:02Z</time>
        <extensions><gpxtpx:TrackPointExtension><gpxtpx:hr>98</gpxtpx:hr></gpxtpx:TrackPointExtension><power>242</power></extensions>
      </trkpt>
      <trkpt lat="51.4422281" lon="-0.2762486">
        <ele>50.4</ele>
        <time>2026-08-06T11:51:03Z</time>
        <extensions><gpxtpx:TrackPointExtension><gpxtpx:hr>98</gpxtpx:hr></gpxtpx:TrackPointExtension><power>242</power></extensions>
      </trkpt>
      <trkpt lat="51.4422049" lon="-0.2762524">
        <ele>50.6</ele>
        <time>2026-08-06T11:51:04Z</time>
        <extensions><gpxtpx:TrackPointExtension><gpxtpx:hr>98</gpxtpx:hr></gpxtpx:TrackPointExtension><power>242</power></extensions>
      </trkpt>
      <trkpt lat="51.4421817" lon="-0.2762564">
        <ele>50.6</ele>
        <time>2026-08-06T11:51:05Z</time>
        <extensions><gpxtpx:TrackPointExtension><gpxtpx:hr>98</gpxtpx:hr></gpxtpx:TrackPointExtension><power>242</power></extensions>
      </trkpt>
      <trkpt lat="51.4421585" lon="-0.2762610">
        <ele>50.6</ele>
        <time>2026-08-06T11:51:06Z</time>
        <extensions><gpxtpx:TrackPointExtension><gpxtpx:hr>98</gpxtpx:hr></gpxtpx:TrackPointExtension><power>241</power></extensions>
      </trkpt>
      <trkpt lat="51.4421353" lon="-0.2762661">
        <ele>50.6</ele>
        <time>2026-08-06T11:51:07Z</time>
        <extensions><gpxtpx:TrackPointExtension><gpxtpx:hr>98</gpxtpx:hr></gpxtpx:TrackPointExtension><power>241</power></extensions>
      </trkpt>
      <trkpt lat="51.4421119" lon="-0.2762719">
        <ele>50.6</ele>
        <time>2026-08-06T11:51:08Z</time>
        <extensions><gpxtpx:TrackPointExtension><gpxtpx:hr>98</gpxtpx:hr></gpxtpx:TrackPointExtension><power>241</power></extensions>
      </trkpt>
      <trkpt lat="51.4420883" lon="-0.2762780">
        <ele>50.6</ele>
        <time>2026-08-06T11:51:09Z</time>
        <extensions><gpxtpx:TrackPointExtension><gpxtpx:hr>98</gpxtpx:hr></gpxtpx:TrackPointExtension><power>242</power></extensions>
      </trkpt>
      <trkpt lat="51.4420643" lon="-0.2762841">
        <ele>50.6</ele>
        <time>2026-08-06T11:51:10Z</time>
        <extensions><gpxtpx:TrackPointExtension><gpxtpx:hr>98</gpxtpx:hr></gpxtpx:TrackPointExtension><power>243</power></extensions>
      </trkpt>
      <trkpt lat="51.4420399" lon="-0.2762902">
        <ele>50.6</ele>
        <time>2026-08-06T11:51:11Z</time>
        <extensions><gpxtpx:TrackPointExtension><gpxtpx:hr>98</gpxtpx:hr></gpxtpx:TrackPointExtension><power>243</power></extensions>
      </trkpt>
      <trkpt lat="51.4420153" lon="-0.2762960">
        <ele>50.6</ele>
        <time>2026-08-06T11:51:12Z</time>
        <extensions><gpxtpx:TrackPointExtension><gpxtpx:hr>98</gpxtpx:hr></gpxtpx:TrackPointExtension><power>244</power></extensions>
      </trkpt>
      <trkpt lat="51.4419907" lon="-0.2763016">
        <ele>50.6</ele>
        <time>2026-08-06T11:51:13Z</time>
        <extensions><gpxtpx:TrackPointExtension><gpxtpx:hr>98</gpxtpx:hr></gpxtpx:TrackPointExtension><power>244</power></extensions>
      </trkpt>
      <trkpt lat="51.4419659" lon="-0.2763069">
        <ele>50.6</ele>
        <time>2026-08-06T11:51:14Z</time>
        <extensions><gpxtpx:TrackPointExtension><gpxtpx:hr>98</gpxtpx:hr></gpxtpx:TrackPointExtension><power>244</power></extensions>
      </trkpt>
      <trkpt lat="51.4419415" lon="-0.2763120">
        <ele>50.6</ele>
        <time>2026-08-06T11:51:15Z</time>
        <extensions><gpxtpx:TrackPointExtension><gpxtpx:hr>98</gpxtpx:hr></gpxtpx:TrackPointExtension><power>244</power></extensions>
      </trkpt>
      <trkpt lat="51.4419175" lon="-0.2763166">
        <ele>50.4</ele>
        <time>2026-08-06T11:51:16Z</time>
        <extensions><gpxtpx:TrackPointExtension><gpxtpx:hr>98</gpxtpx:hr></gpxtpx:TrackPointExtension><power>244</power></extensions>
      </trkpt>
      <trkpt lat="51.4418939" lon="-0.2763211">
        <ele>50.4</ele>
        <time>2026-08-06T11:51:17Z</time>
        <extensions><gpxtpx:TrackPointExtension><gpxtpx:hr>98</gpxtpx:hr></gpxtpx:TrackPointExtension><power>245</power></extensions>
      </trkpt>
      <trkpt lat="51.4418705" lon="-0.2763257">
        <ele>50.2</ele>
        <time>2026-08-06T11:51:18Z</time>
        <extensions><gpxtpx:TrackPointExtension><gpxtpx:hr>98</gpxtpx:hr></gpxtpx:TrackPointExtension><power>246</power></extensions>
      </trkpt>
      <trkpt lat="51.4418471" lon="-0.2763302">
        <ele>50.2</ele>
        <time>2026-08-06T11:51:19Z</time>
        <extensions><gpxtpx:TrackPointExtension><gpxtpx:hr>110</gpxtpx:hr></gpxtpx:TrackPointExtension><power>246</power></extensions>
      </trkpt>
      <trkpt lat="51.4418235" lon="-0.2763351">
        <ele>50.2</ele>
        <time>2026-08-06T11:51:20Z</time>
        <extensions><gpxtpx:TrackPointExtension><gpxtpx:hr>110</gpxtpx:hr></gpxtpx:TrackPointExtension><power>247</power></extensions>
      </trkpt>
      <trkpt lat="51.4417997" lon="-0.2763401">
        <ele>50.2</ele>
        <time>2026-08-06T11:51:21Z</time>
        <extensions><gpxtpx:TrackPointExtension><gpxtpx:hr>110</gpxtpx:hr></gpxtpx:TrackPointExtension><power>248</power></extensions>
      </trkpt>
      <trkpt lat="51.4417757" lon="-0.2763455">
        <ele>50.4</ele>
        <time>2026-08-06T11:51:22Z</time>
        <extensions><gpxtpx:TrackPointExtension><gpxtpx:hr>110</gpxtpx:hr></gpxtpx:TrackPointExtension><power>248</power></extensions>
      </trkpt>
      <trkpt lat="51.4417515" lon="-0.2763508">
        <ele>50.4</ele>
        <time>2026-08-06T11:51:23Z</time>
        <extensions><gpxtpx:TrackPointExtension><gpxtpx:hr>110</gpxtpx:hr></gpxtpx:TrackPointExtension><power>248</power></extensions>
      </trkpt>
      <trkpt lat="51.4417277" lon="-0.2763561">
        <ele>50.6</ele>
        <time>2026-08-06T11:51:24Z</time>
        <extensions><gpxtpx:TrackPointExtension><gpxtpx:hr>110</gpxtpx:hr></gpxtpx:TrackPointExtension><power>248</power></extensions>
      </trkpt>
      <trkpt lat="51.4417041" lon="-0.2763612">
        <ele>50.6</ele>
        <time>2026-08-06T11:51:25Z</time>
        <extensions><gpxtpx:TrackPointExtension><gpxtpx:hr>110</gpxtpx:hr></gpxtpx:TrackPointExtension><power>248</power></extensions>
      </trkpt>
      <trkpt lat="51.4416807" lon="-0.2763660">
        <ele>50.6</ele>
        <time>2026-08-06T11:51:26Z</time>
        <extensions><gpxtpx:TrackPointExtension><gpxtpx:hr>110</gpxtpx:hr></gpxtpx:TrackPointExtension><power>247</power></extensions>
      </trkpt>
      <trkpt lat="51.4416575" lon="-0.2763701">
        <ele>50.4</ele>
        <time>2026-08-06T11:51:27Z</time>
        <extensions><gpxtpx:TrackPointExtension><gpxtpx:hr>124</gpxtpx:hr></gpxtpx:TrackPointExtension><power>247</power></extensions>
      </trkpt>
      <trkpt lat="51.4416343" lon="-0.2763739">
        <ele>50.4</ele>
        <time>2026-08-06T11:51:28Z</time>
        <extensions><gpxtpx:TrackPointExtension><gpxtpx:hr>124</gpxtpx:hr></gpxtpx:TrackPointExtension><power>247</power></extensions>
      </trkpt>
      <trkpt lat="51.4416111" lon="-0.2763777">
        <ele>50.2</ele>
        <time>2026-08-06T11:51:29Z</time>
        <extensions><gpxtpx:TrackPointExtension><gpxtpx:hr>124</gpxtpx:hr></gpxtpx:TrackPointExtension><power>247</power></extensions>
      </trkpt>
      <trkpt lat="51.4415879" lon="-0.2763815">
        <ele>50.2</ele>
        <time>2026-08-06T11:51:30Z</time>
        <extensions><gpxtpx:TrackPointExtension><gpxtpx:hr>124</gpxtpx:hr></gpxtpx:TrackPointExtension><power>247</power></extensions>
      </trkpt>
      <trkpt lat="51.4415647" lon="-0.2763855">
        <ele>50.2</ele>
        <time>2026-08-06T11:51:31Z</time>
        <extensions><gpxtpx:TrackPointExtension><gpxtpx:hr>124</gpxtpx:hr></gpxtpx:TrackPointExtension><power>247</power></extensions>
      </trkpt>
      <trkpt lat="51.4415417" lon="-0.2763901">
        <ele>50.0</ele>
        <time>2026-08-06T11:51:32Z</time>
        <extensions><gpxtpx:TrackPointExtension><gpxtpx:hr>124</gpxtpx:hr></gpxtpx:TrackPointExtension><power>247</power></extensions>
      </trkpt>
      <trkpt lat="51.4415189" lon="-0.2763947">
        <ele>50.0</ele>
        <time>2026-08-06T11:51:33Z</time>
        <extensions><gpxtpx:TrackPointExtension><gpxtpx:hr>124</gpxtpx:hr></gpxtpx:TrackPointExtension><power>246</power></extensions>
      </trkpt>
      <trkpt lat="51.4414961" lon="-0.2763990">
        <ele>50.0</ele>
        <time>2026-08-06T11:51:34Z</time>
        <extensions><gpxtpx:TrackPointExtension><gpxtpx:hr>124</gpxtpx:hr></gpxtpx:TrackPointExtension><power>246</power></extensions>
      </trkpt>
      <trkpt lat="51.4414731" lon="-0.2764035">
        <ele>49.8</ele>
        <time>2026-08-06T11:51:35Z</time>
        <extensions><gpxtpx:TrackPointExtension><gpxtpx:hr>116</gpxtpx:hr></gpxtpx:TrackPointExtension><power>245</power></extensions>
      </trkpt>
      <trkpt lat="51.4414499" lon="-0.2764079">
        <ele>49.8</ele>
        <time>2026-08-06T11:51:36Z</time>
        <extensions><gpxtpx:TrackPointExtension><gpxtpx:hr>116</gpxtpx:hr></gpxtpx:TrackPointExtension><power>244</power></extensions>
      </trkpt>
      <trkpt lat="51.4414261" lon="-0.2764119">
        <ele>49.8</ele>
        <time>2026-08-06T11:51:37Z</time>
        <extensions><gpxtpx:TrackPointExtension><gpxtpx:hr>116</gpxtpx:hr></gpxtpx:TrackPointExtension><power>243</power></extensions>
      </trkpt>
      <trkpt lat="51.4414019" lon="-0.2764160">
        <ele>49.6</ele>
        <time>2026-08-06T11:51:38Z</time>
        <extensions><gpxtpx:TrackPointExtension><gpxtpx:hr>116</gpxtpx:hr></gpxtpx:TrackPointExtension><power>244</power></extensions>
      </trkpt>
      <trkpt lat="51.4413771" lon="-0.2764200">
        <ele>49.6</ele>
        <time>2026-08-06T11:51:39Z</time>
        <extensions><gpxtpx:TrackPointExtension><gpxtpx:hr>120</gpxtpx:hr></gpxtpx:TrackPointExtension><power>244</power></extensions>
      </trkpt>
      <trkpt lat="51.4413519" lon="-0.2764236">
        <ele>49.6</ele>
        <time>2026-08-06T11:51:40Z</time>
        <extensions><gpxtpx:TrackPointExtension><gpxtpx:hr>120</gpxtpx:hr></gpxtpx:TrackPointExtension><power>246</power></extensions>
      </trkpt>
      <trkpt lat="51.4413261" lon="-0.2764269">
        <ele>49.4</ele>
        <time>2026-08-06T11:51:41Z</time>
        <extensions><gpxtpx:TrackPointExtension><gpxtpx:hr>120</gpxtpx:hr></gpxtpx:TrackPointExtension><power>247</power></extensions>
      </trkpt>
      <trkpt lat="51.4413003" lon="-0.2764302">
        <ele>49.4</ele>
        <time>2026-08-06T11:51:42Z</time>
        <extensions><gpxtpx:TrackPointExtension><gpxtpx:hr>120</gpxtpx:hr></gpxtpx:TrackPointExtension><power>249</power></extensions>
      </trkpt>
      <trkpt lat="51.4412749" lon="-0.2764337">
        <ele>49.2</ele>
        <time>2026-08-06T11:51:43Z</time>
        <extensions><gpxtpx:TrackPointExtension><gpxtpx:hr>120</gpxtpx:hr></gpxtpx:TrackPointExtension><power>250</power></extensions>
      </trkpt>
      <trkpt lat="51.4412501" lon="-0.2764375">
        <ele>49.2</ele>
        <time>2026-08-06T11:51:44Z</time>
        <extensions><gpxtpx:TrackPointExtension><gpxtpx:hr>120</gpxtpx:hr></gpxtpx:TrackPointExtension><power>251</power></extensions>
      </trkpt>
      <trkpt lat="51.4412259" lon="-0.2764421">
        <ele>49.0</ele>
        <time>2026-08-06T11:51:45Z</time>
        <extensions><gpxtpx:TrackPointExtension><gpxtpx:hr>127</gpxtpx:hr></gpxtpx:TrackPointExtension><power>250</power></extensions>
      </trkpt>
      <trkpt lat="51.4412025" lon="-0.2764474">
        <ele>48.8</ele>
        <time>2026-08-06T11:51:46Z</time>
        <extensions><gpxtpx:TrackPointExtension><gpxtpx:hr>126</gpxtpx:hr></gpxtpx:TrackPointExtension><power>250</power></extensions>
      </trkpt>
      <trkpt lat="51.4411793" lon="-0.2764527">
        <ele>48.8</ele>
        <time>2026-08-06T11:51:47Z</time>
        <extensions><gpxtpx:TrackPointExtension><gpxtpx:hr>126</gpxtpx:hr></gpxtpx:TrackPointExtension><power>249</power></extensions>
      </trkpt>
      <trkpt lat="51.4411559" lon="-0.2764581">
        <ele>48.8</ele>
        <time>2026-08-06T11:51:48Z</time>
        <extensions><gpxtpx:TrackPointExtension><gpxtpx:hr>126</gpxtpx:hr></gpxtpx:TrackPointExtension><power>248</power></extensions>
      </trkpt>
      <trkpt lat="51.4411323" lon="-0.2764631">
        <ele>48.6</ele>
        <time>2026-08-06T11:51:49Z</time>
        <extensions><gpxtpx:TrackPointExtension><gpxtpx:hr>126</gpxtpx:hr></gpxtpx:TrackPointExtension><power>248</power></extensions>
      </trkpt>
      <trkpt lat="51.4411083" lon="-0.2764675">
        <ele>48.8</ele>
        <time>2026-08-06T11:51:50Z</time>
        <extensions><gpxtpx:TrackPointExtension><gpxtpx:hr>126</gpxtpx:hr></gpxtpx:TrackPointExtension><power>247</power></extensions>
      </trkpt>
      <trkpt lat="51.4410841" lon="-0.2764713">
        <ele>48.8</ele>
        <time>2026-08-06T11:51:51Z</time>
        <extensions><gpxtpx:TrackPointExtension><gpxtpx:hr>126</gpxtpx:hr></gpxtpx:TrackPointExtension><power>247</power></extensions>
      </trkpt>
      <trkpt lat="51.4410597" lon="-0.2764751">
        <ele>48.8</ele>
        <time>2026-08-06T11:51:52Z</time>
        <extensions><gpxtpx:TrackPointExtension><gpxtpx:hr>126</gpxtpx:hr></gpxtpx:TrackPointExtension><power>246</power></extensions>
      </trkpt>
      <trkpt lat="51.4410351" lon="-0.2764784">
        <ele>48.8</ele>
        <time>2026-08-06T11:51:53Z</time>
        <extensions><gpxtpx:TrackPointExtension><gpxtpx:hr>127</gpxtpx:hr></gpxtpx:TrackPointExtension><power>246</power></extensions>
      </trkpt>
      <trkpt lat="51.4410103" lon="-0.2764814">
        <ele>48.8</ele>
        <time>2026-08-06T11:51:54Z</time>
        <extensions><gpxtpx:TrackPointExtension><gpxtpx:hr>127</gpxtpx:hr></gpxtpx:TrackPointExtension><power>245</power></extensions>
      </trkpt>
      <trkpt lat="51.4409853" lon="-0.2764847">
        <ele>48.8</ele>
        <time>2026-08-06T11:51:55Z</time>
        <extensions><gpxtpx:TrackPointExtension><gpxtpx:hr>127</gpxtpx:hr></gpxtpx:TrackPointExtension><power>245</power></extensions>
      </trkpt>
      <trkpt lat="51.4409601" lon="-0.2764880">
        <ele>48.8</ele>
        <time>2026-08-06T11:51:56Z</time>
        <extensions><gpxtpx:TrackPointExtension><gpxtpx:hr>127</gpxtpx:hr></gpxtpx:TrackPointExtension><power>245</power></extensions>
      </trkpt>
      <trkpt lat="51.4409351" lon="-0.2764918">
        <ele>48.8</ele>
        <time>2026-08-06T11:51:57Z</time>
        <extensions><gpxtpx:TrackPointExtension><gpxtpx:hr>129</gpxtpx:hr></gpxtpx:TrackPointExtension><power>245</power></extensions>
      </trkpt>
      <trkpt lat="51.4409103" lon="-0.2764966">
        <ele>48.8</ele>
        <time>2026-08-06T11:51:58Z</time>
        <extensions><gpxtpx:TrackPointExtension><gpxtpx:hr>129</gpxtpx:hr></gpxtpx:TrackPointExtension><power>245</power></extensions>
      </trkpt>
      <trkpt lat="51.4408855" lon="-0.2765022">
        <ele>48.6</ele>
        <time>2026-08-06T11:51:59Z</time>
        <extensions><gpxtpx:TrackPointExtension><gpxtpx:hr>129</gpxtpx:hr></gpxtpx:TrackPointExtension><power>245</power></extensions>
      </trkpt>
      <trkpt lat="51.4408611" lon="-0.2765080">
        <ele>48.6</ele>
        <time>2026-08-06T11:52:00Z</time>
        <extensions><gpxtpx:TrackPointExtension><gpxtpx:hr>129</gpxtpx:hr></gpxtpx:TrackPointExtension><power>244</power></extensions>
      </trkpt>
      <trkpt lat="51.4408369" lon="-0.2765139">
        <ele>48.6</ele>
        <time>2026-08-06T11:52:01Z</time>
        <extensions><gpxtpx:TrackPointExtension><gpxtpx:hr>129</gpxtpx:hr></gpxtpx:TrackPointExtension><power>244</power></extensions>
      </trkpt>
      <trkpt lat="51.4408125" lon="-0.2765189">
        <ele>48.8</ele>
        <time>2026-08-06T11:52:02Z</time>
        <extensions><gpxtpx:TrackPointExtension><gpxtpx:hr>129</gpxtpx:hr></gpxtpx:TrackPointExtension><power>244</power></extensions>
      </trkpt>
      <trkpt lat="51.4407881" lon="-0.2765227">
        <ele>48.8</ele>
        <time>2026-08-06T11:52:03Z</time>
        <extensions><gpxtpx:TrackPointExtension><gpxtpx:hr>129</gpxtpx:hr></gpxtpx:TrackPointExtension><power>244</power></extensions>
      </trkpt>
      <trkpt lat="51.4407637" lon="-0.2765253">
        <ele>48.8</ele>
        <time>2026-08-06T11:52:04Z</time>
        <extensions><gpxtpx:TrackPointExtension><gpxtpx:hr>129</gpxtpx:hr></gpxtpx:TrackPointExtension><power>244</power></extensions>
      </trkpt>
      <trkpt lat="51.4407393" lon="-0.2765265">
        <ele>48.8</ele>
        <time>2026-08-06T11:52:05Z</time>
        <extensions><gpxtpx:TrackPointExtension><gpxtpx:hr>129</gpxtpx:hr></gpxtpx:TrackPointExtension><power>244</power></extensions>
      </trkpt>
      <trkpt lat="51.4407103" lon="-0.2765250">
        <ele>48.8</ele>
        <time>2026-08-06T11:52:06Z</time>
        <extensions><gpxtpx:TrackPointExtension><gpxtpx:hr>129</gpxtpx:hr></gpxtpx:TrackPointExtension><power>244</power></extensions>
      </trkpt>
      <trkpt lat="51.4406819" lon="-0.2765202">
        <ele>48.8</ele>
        <time>2026-08-06T11:52:07Z</time>
        <extensions><gpxtpx:TrackPointExtension><gpxtpx:hr>129</gpxtpx:hr></gpxtpx:TrackPointExtension><power>244</power></extensions>
      </trkpt>
      <trkpt lat="51.4406547" lon="-0.2765105">
        <ele>48.8</ele>
        <time>2026-08-06T11:52:08Z</time>
        <extensions><gpxtpx:TrackPointExtension><gpxtpx:hr>129</gpxtpx:hr></gpxtpx:TrackPointExtension><power>245</power></extensions>
      </trkpt>
      <trkpt lat="51.4406297" lon="-0.2764941">
        <ele>48.6</ele>
        <time>2026-08-06T11:52:09Z</time>
        <extensions><gpxtpx:TrackPointExtension><gpxtpx:hr>129</gpxtpx:hr></gpxtpx:TrackPointExtension><power>246</power></extensions>
      </trkpt>
      <trkpt lat="51.4406077" lon="-0.2764697">
        <ele>48.6</ele>
        <time>2026-08-06T11:52:10Z</time>
        <extensions><gpxtpx:TrackPointExtension><gpxtpx:hr>129</gpxtpx:hr></gpxtpx:TrackPointExtension><power>246</power></extensions>
      </trkpt>
      <trkpt lat="51.4405943" lon="-0.2764385">
        <ele>48.4</ele>
        <time>2026-08-06T11:52:11Z</time>
        <extensions><gpxtpx:TrackPointExtension><gpxtpx:hr>129</gpxtpx:hr></gpxtpx:TrackPointExtension><power>247</power></extensions>
      </trkpt>
      <trkpt lat="51.4405851" lon="-0.2764017">
        <ele>48.4</ele>
        <time>2026-08-06T11:52:12Z</time>
        <extensions><gpxtpx:TrackPointExtension><gpxtpx:hr>129</gpxtpx:hr></gpxtpx:TrackPointExtension><power>247</power></extensions>
      </trkpt>
      <trkpt lat="51.4405795" lon="-0.2763614">
        <ele>48.2</ele>
        <time>2026-08-06T11:52:13Z</time>
        <extensions><gpxtpx:TrackPointExtension><gpxtpx:hr>129</gpxtpx:hr></gpxtpx:TrackPointExtension><power>248</power></extensions>
      </trkpt>
      <trkpt lat="51.4405767" lon="-0.2763200">
        <ele>48.2</ele>
        <time>2026-08-06T11:52:14Z</time>
        <extensions><gpxtpx:TrackPointExtension><gpxtpx:hr>129</gpxtpx:hr></gpxtpx:TrackPointExtension><power>247</power></extensions>
      </trkpt>
      <trkpt lat="51.4405755" lon="-0.2762792">
        <ele>48.2</ele>
        <time>2026-08-06T11:52:15Z</time>
        <extensions><gpxtpx:TrackPointExtension><gpxtpx:hr>129</gpxtpx:hr></gpxtpx:TrackPointExtension><power>247</power></extensions>
      </trkpt>
      <trkpt lat="51.4405749" lon="-0.2762399">
        <ele>48.2</ele>
        <time>2026-08-06T11:52:16Z</time>
        <extensions><gpxtpx:TrackPointExtension><gpxtpx:hr>129</gpxtpx:hr></gpxtpx:TrackPointExtension><power>246</power></extensions>
      </trkpt>
      <trkpt lat="51.4405743" lon="-0.2762013">
        <ele>48.4</ele>
        <time>2026-08-06T11:52:17Z</time>
        <extensions><gpxtpx:TrackPointExtension><gpxtpx:hr>131</gpxtpx:hr></gpxtpx:TrackPointExtension><power>245</power></extensions>
      </trkpt>
      <trkpt lat="51.4405735" lon="-0.2761635">
        <ele>48.4</ele>
        <time>2026-08-06T11:52:18Z</time>
        <extensions><gpxtpx:TrackPointExtension><gpxtpx:hr>131</gpxtpx:hr></gpxtpx:TrackPointExtension><power>244</power></extensions>
      </trkpt>
      <trkpt lat="51.4405725" lon="-0.2761265">
        <ele>48.4</ele>
        <time>2026-08-06T11:52:19Z</time>
        <extensions><gpxtpx:TrackPointExtension><gpxtpx:hr>131</gpxtpx:hr></gpxtpx:TrackPointExtension><power>242</power></extensions>
      </trkpt>
      <trkpt lat="51.4405711" lon="-0.2760894">
        <ele>48.6</ele>
        <time>2026-08-06T11:52:20Z</time>
        <extensions><gpxtpx:TrackPointExtension><gpxtpx:hr>131</gpxtpx:hr></gpxtpx:TrackPointExtension><power>241</power></extensions>
      </trkpt>
      <trkpt lat="51.4405697" lon="-0.2760519">
        <ele>48.8</ele>
        <time>2026-08-06T11:52:21Z</time>
        <extensions><gpxtpx:TrackPointExtension><gpxtpx:hr>131</gpxtpx:hr></gpxtpx:TrackPointExtension><power>240</power></extensions>
      </trkpt>
      <trkpt lat="51.4405683" lon="-0.2760138">
        <ele>48.8</ele>
        <time>2026-08-06T11:52:22Z</time>
        <extensions><gpxtpx:TrackPointExtension><gpxtpx:hr>131</gpxtpx:hr></gpxtpx:TrackPointExtension><power>239</power></extensions>
      </trkpt>
      <trkpt lat="51.4405669" lon="-0.2759753">
        <ele>49.0</ele>
        <time>2026-08-06T11:52:23Z</time>
        <extensions><gpxtpx:TrackPointExtension><gpxtpx:hr>131</gpxtpx:hr></gpxtpx:TrackPointExtension><power>239</power></extensions>
      </trkpt>
      <trkpt lat="51.4405655" lon="-0.2759357">
        <ele>49.0</ele>
        <time>2026-08-06T11:52:24Z</time>
        <extensions><gpxtpx:TrackPointExtension><gpxtpx:hr>131</gpxtpx:hr></gpxtpx:TrackPointExtension><power>239</power></extensions>
      </trkpt>
      <trkpt lat="51.4405643" lon="-0.2758961">
        <ele>49.2</ele>
        <time>2026-08-06T11:52:25Z</time>
        <extensions><gpxtpx:TrackPointExtension><gpxtpx:hr>131</gpxtpx:hr></gpxtpx:TrackPointExtension><power>239</power></extensions>
      </trkpt>
      <trkpt lat="51.4405627" lon="-0.2758565">
        <ele>49.2</ele>
        <time>2026-08-06T11:52:26Z</time>
        <extensions><gpxtpx:TrackPointExtension><gpxtpx:hr>131</gpxtpx:hr></gpxtpx:TrackPointExtension><power>240</power></extensions>
      </trkpt>
      <trkpt lat="51.4405603" lon="-0.2758175">
        <ele>49.2</ele>
        <time>2026-08-06T11:52:27Z</time>
        <extensions><gpxtpx:TrackPointExtension><gpxtpx:hr>131</gpxtpx:hr></gpxtpx:TrackPointExtension><power>240</power></extensions>
      </trkpt>
      <trkpt lat="51.4405571" lon="-0.2757786">
        <ele>49.2</ele>
        <time>2026-08-06T11:52:28Z</time>
        <extensions><gpxtpx:TrackPointExtension><gpxtpx:hr>131</gpxtpx:hr></gpxtpx:TrackPointExtension><power>240</power></extensions>
      </trkpt>
      <trkpt lat="51.4405533" lon="-0.2757403">
        <ele>49.4</ele>
        <time>2026-08-06T11:52:29Z</time>
        <extensions><gpxtpx:TrackPointExtension><gpxtpx:hr>131</gpxtpx:hr></gpxtpx:TrackPointExtension><power>240</power></extensions>
      </trkpt>
      <trkpt lat="51.4405491" lon="-0.2757018">
        <ele>49.4</ele>
        <time>2026-08-06T11:52:30Z</time>
        <extensions><gpxtpx:TrackPointExtension><gpxtpx:hr>131</gpxtpx:hr></gpxtpx:TrackPointExtension><power>240</power></extensions>
      </trkpt>
      <trkpt lat="51.4405449" lon="-0.2756632">
        <ele>49.4</ele>
        <time>2026-08-06T11:52:31Z</time>
        <extensions><gpxtpx:TrackPointExtension><gpxtpx:hr>131</gpxtpx:hr></gpxtpx:TrackPointExtension><power>239</power></extensions>
      </trkpt>
      <trkpt lat="51.4405409" lon="-0.2756244">
        <ele>49.4</ele>
        <time>2026-08-06T11:52:32Z</time>
        <extensions><gpxtpx:TrackPointExtension><gpxtpx:hr>131</gpxtpx:hr></gpxtpx:TrackPointExtension><power>239</power></extensions>
      </trkpt>
      <trkpt lat="51.4405371" lon="-0.2755856">
        <ele>49.6</ele>
        <time>2026-08-06T11:52:33Z</time>
        <extensions><gpxtpx:TrackPointExtension><gpxtpx:hr>131</gpxtpx:hr></gpxtpx:TrackPointExtension><power>239</power></extensions>
      </trkpt>
      <trkpt lat="51.4405333" lon="-0.2755468">
        <ele>49.6</ele>
        <time>2026-08-06T11:52:34Z</time>
        <extensions><gpxtpx:TrackPointExtension><gpxtpx:hr>131</gpxtpx:hr></gpxtpx:TrackPointExtension><power>239</power></extensions>
      </trkpt>
      <trkpt lat="51.4405299" lon="-0.2755080">
        <ele>49.6</ele>
        <time>2026-08-06T11:52:35Z</time>
        <extensions><gpxtpx:TrackPointExtension><gpxtpx:hr>131</gpxtpx:hr></gpxtpx:TrackPointExtension><power>239</power></extensions>
      </trkpt>
      <trkpt lat="51.4405267" lon="-0.2754691">
        <ele>49.8</ele>
        <time>2026-08-06T11:52:36Z</time>
        <extensions><gpxtpx:TrackPointExtension><gpxtpx:hr>131</gpxtpx:hr></gpxtpx:TrackPointExtension><power>239</power></extensions>
      </trkpt>
      <trkpt lat="51.4405241" lon="-0.2754303">
        <ele>49.8</ele>
        <time>2026-08-06T11:52:37Z</time>
        <extensions><gpxtpx:TrackPointExtension><gpxtpx:hr>131</gpxtpx:hr></gpxtpx:TrackPointExtension><power>239</power></extensions>
      </trkpt>
      <trkpt lat="51.4405217" lon="-0.2753913">
        <ele>50.0</ele>
        <time>2026-08-06T11:52:38Z</time>
        <extensions><gpxtpx:TrackPointExtension><gpxtpx:hr>131</gpxtpx:hr></gpxtpx:TrackPointExtension><power>239</power></extensions>
      </trkpt>
      <trkpt lat="51.4405193" lon="-0.2753522">
        <ele>50.0</ele>
        <time>2026-08-06T11:52:39Z</time>
        <extensions><gpxtpx:TrackPointExtension><gpxtpx:hr>131</gpxtpx:hr></gpxtpx:TrackPointExtension><power>239</power></extensions>
      </trkpt>
      <trkpt lat="51.4405165" lon="-0.2753134">
        <ele>50.0</ele>
        <time>2026-08-06T11:52:40Z</time>
        <extensions><gpxtpx:TrackPointExtension><gpxtpx:hr>131</gpxtpx:hr></gpxtpx:TrackPointExtension><power>238</power></extensions>
      </trkpt>
      <trkpt lat="51.4405133" lon="-0.2752743">
        <ele>50.2</ele>
        <time>2026-08-06T11:52:41Z</time>
        <extensions><gpxtpx:TrackPointExtension><gpxtpx:hr>131</gpxtpx:hr></gpxtpx:TrackPointExtension><power>238</power></extensions>
      </trkpt>
      <trkpt lat="51.4405097" lon="-0.2752352">
        <ele>50.2</ele>
        <time>2026-08-06T11:52:42Z</time>
        <extensions><gpxtpx:TrackPointExtension><gpxtpx:hr>131</gpxtpx:hr></gpxtpx:TrackPointExtension><power>239</power></extensions>
      </trkpt>
      <trkpt lat="51.4405063" lon="-0.2751959">
        <ele>50.2</ele>
        <time>2026-08-06T11:52:43Z</time>
        <extensions><gpxtpx:TrackPointExtension><gpxtpx:hr>131</gpxtpx:hr></gpxtpx:TrackPointExtension><power>241</power></extensions>
      </trkpt>
      <trkpt lat="51.4405031" lon="-0.2751561">
        <ele>50.4</ele>
        <time>2026-08-06T11:52:44Z</time>
        <extensions><gpxtpx:TrackPointExtension><gpxtpx:hr>131</gpxtpx:hr></gpxtpx:TrackPointExtension><power>243</power></extensions>
      </trkpt>
      <trkpt lat="51.4405003" lon="-0.2751160">
        <ele>50.4</ele>
        <time>2026-08-06T11:52:45Z</time>
        <extensions><gpxtpx:TrackPointExtension><gpxtpx:hr>131</gpxtpx:hr></gpxtpx:TrackPointExtension><power>245</power></extensions>
      </trkpt>
      <trkpt lat="51.4404979" lon="-0.2750764">
        <ele>50.4</ele>
        <time>2026-08-06T11:52:46Z</time>
        <extensions><gpxtpx:TrackPointExtension><gpxtpx:hr>131</gpxtpx:hr></gpxtpx:TrackPointExtension><power>247</power></extensions>
      </trkpt>
      <trkpt lat="51.4404955" lon="-0.2750369">
        <ele>50.4</ele>
        <time>2026-08-06T11:52:47Z</time>
        <extensions><gpxtpx:TrackPointExtension><gpxtpx:hr>131</gpxtpx:hr></gpxtpx:TrackPointExtension><power>248</power></extensions>
      </trkpt>
      <trkpt lat="51.4404931" lon="-0.2749975">
        <ele>50.4</ele>
        <time>2026-08-06T11:52:48Z</time>
        <extensions><gpxtpx:TrackPointExtension><gpxtpx:hr>131</gpxtpx:hr></gpxtpx:TrackPointExtension><power>248</power></extensions>
      </trkpt>
      <trkpt lat="51.4404907" lon="-0.2749585">
        <ele>50.4</ele>
        <time>2026-08-06T11:52:49Z</time>
        <extensions><gpxtpx:TrackPointExtension><gpxtpx:hr>131</gpxtpx:hr></gpxtpx:TrackPointExtension><power>248</power></extensions>
      </trkpt>
      <trkpt lat="51.4404883" lon="-0.2749196">
        <ele>50.4</ele>
        <time>2026-08-06T11:52:50Z</time>
        <extensions><gpxtpx:TrackPointExtension><gpxtpx:hr>131</gpxtpx:hr></gpxtpx:TrackPointExtension><power>248</power></extensions>
      </trkpt>
      <trkpt lat="51.4404859" lon="-0.2748811">
        <ele>50.4</ele>
        <time>2026-08-06T11:52:51Z</time>
        <extensions><gpxtpx:TrackPointExtension><gpxtpx:hr>131</gpxtpx:hr></gpxtpx:TrackPointExtension><power>248</power></extensions>
      </trkpt>
      <trkpt lat="51.4404835" lon="-0.2748430">
        <ele>50.4</ele>
        <time>2026-08-06T11:52:52Z</time>
        <extensions><gpxtpx:TrackPointExtension><gpxtpx:hr>131</gpxtpx:hr></gpxtpx:TrackPointExtension><power>249</power></extensions>
      </trkpt>
      <trkpt lat="51.4404809" lon="-0.2748052">
        <ele>50.4</ele>
        <time>2026-08-06T11:52:53Z</time>
        <extensions><gpxtpx:TrackPointExtension><gpxtpx:hr>131</gpxtpx:hr></gpxtpx:TrackPointExtension><power>249</power></extensions>
      </trkpt>
      <trkpt lat="51.4404783" lon="-0.2747679">
        <ele>50.4</ele>
        <time>2026-08-06T11:52:54Z</time>
        <extensions><gpxtpx:TrackPointExtension><gpxtpx:hr>131</gpxtpx:hr></gpxtpx:TrackPointExtension><power>249</power></extensions>
      </trkpt>
      <trkpt lat="51.4404755" lon="-0.2747306">
        <ele>50.4</ele>
        <time>2026-08-06T11:52:55Z</time>
        <extensions><gpxtpx:TrackPointExtension><gpxtpx:hr>131</gpxtpx:hr></gpxtpx:TrackPointExtension><power>250</power></extensions>
      </trkpt>
      <trkpt lat="51.4404727" lon="-0.2746934">
        <ele>50.4</ele>
        <time>2026-08-06T11:52:56Z</time>
        <extensions><gpxtpx:TrackPointExtension><gpxtpx:hr>131</gpxtpx:hr></gpxtpx:TrackPointExtension><power>250</power></extensions>
      </trkpt>
      <trkpt lat="51.4404699" lon="-0.2746563">
        <ele>50.4</ele>
        <time>2026-08-06T11:52:57Z</time>
        <extensions><gpxtpx:TrackPointExtension><gpxtpx:hr>131</gpxtpx:hr></gpxtpx:TrackPointExtension><power>249</power></extensions>
      </trkpt>
      <trkpt lat="51.4404671" lon="-0.2746198">
        <ele>50.4</ele>
        <time>2026-08-06T11:52:58Z</time>
        <extensions><gpxtpx:TrackPointExtension><gpxtpx:hr>131</gpxtpx:hr></gpxtpx:TrackPointExtension><power>249</power></extensions>
      </trkpt>
      <trkpt lat="51.4404641" lon="-0.2745833">
        <ele>50.4</ele>
        <time>2026-08-06T11:52:59Z</time>
        <extensions><gpxtpx:TrackPointExtension><gpxtpx:hr>143</gpxtpx:hr></gpxtpx:TrackPointExtension><power>248</power></extensions>
      </trkpt>
      <trkpt lat="51.4404611" lon="-0.2745467">
        <ele>50.6</ele>
        <time>2026-08-06T11:53:00Z</time>
        <extensions><gpxtpx:TrackPointExtension><gpxtpx:hr>143</gpxtpx:hr></gpxtpx:TrackPointExtension><power>247</power></extensions>
      </trkpt>
      <trkpt lat="51.4404581" lon="-0.2745102">
        <ele>50.6</ele>
        <time>2026-08-06T11:53:01Z</time>
        <extensions><gpxtpx:TrackPointExtension><gpxtpx:hr>144</gpxtpx:hr></gpxtpx:TrackPointExtension><power>246</power></extensions>
      </trkpt>
      <trkpt lat="51.4404549" lon="-0.2744737">
        <ele>50.6</ele>
        <time>2026-08-06T11:53:02Z</time>
        <extensions><gpxtpx:TrackPointExtension><gpxtpx:hr>144</gpxtpx:hr></gpxtpx:TrackPointExtension><power>244</power></extensions>
      </trkpt>
      <trkpt lat="51.4404515" lon="-0.2744366">
        <ele>50.6</ele>
        <time>2026-08-06T11:53:03Z</time>
        <extensions><gpxtpx:TrackPointExtension><gpxtpx:hr>144</gpxtpx:hr></gpxtpx:TrackPointExtension><power>243</power></extensions>
      </trkpt>
      <trkpt lat="51.4404479" lon="-0.2743991">
        <ele>50.8</ele>
        <time>2026-08-06T11:53:04Z</time>
        <extensions><gpxtpx:TrackPointExtension><gpxtpx:hr>144</gpxtpx:hr></gpxtpx:TrackPointExtension><power>243</power></extensions>
      </trkpt>
      <trkpt lat="51.4404443" lon="-0.2743613">
        <ele>50.8</ele>
        <time>2026-08-06T11:53:05Z</time>
        <extensions><gpxtpx:TrackPointExtension><gpxtpx:hr>144</gpxtpx:hr></gpxtpx:TrackPointExtension><power>242</power></extensions>
      </trkpt>
      <trkpt lat="51.4404407" lon="-0.2743227">
        <ele>51.0</ele>
        <time>2026-08-06T11:53:06Z</time>
        <extensions><gpxtpx:TrackPointExtension><gpxtpx:hr>144</gpxtpx:hr></gpxtpx:TrackPointExtension><power>243</power></extensions>
      </trkpt>
      <trkpt lat="51.4404377" lon="-0.2742834">
        <ele>51.0</ele>
        <time>2026-08-06T11:53:07Z</time>
        <extensions><gpxtpx:TrackPointExtension><gpxtpx:hr>144</gpxtpx:hr></gpxtpx:TrackPointExtension><power>244</power></extensions>
      </trkpt>
      <trkpt lat="51.4404353" lon="-0.2742436">
        <ele>51.0</ele>
        <time>2026-08-06T11:53:08Z</time>
        <extensions><gpxtpx:TrackPointExtension><gpxtpx:hr>144</gpxtpx:hr></gpxtpx:TrackPointExtension><power>244</power></extensions>
      </trkpt>
      <trkpt lat="51.4404335" lon="-0.2742030">
        <ele>51.0</ele>
        <time>2026-08-06T11:53:09Z</time>
        <extensions><gpxtpx:TrackPointExtension><gpxtpx:hr>142</gpxtpx:hr></gpxtpx:TrackPointExtension><power>245</power></extensions>
      </trkpt>
      <trkpt lat="51.4404319" lon="-0.2741619">
        <ele>51.0</ele>
        <time>2026-08-06T11:53:10Z</time>
        <extensions><gpxtpx:TrackPointExtension><gpxtpx:hr>142</gpxtpx:hr></gpxtpx:TrackPointExtension><power>245</power></extensions>
      </trkpt>
      <trkpt lat="51.4404303" lon="-0.2741210">
        <ele>51.2</ele>
        <time>2026-08-06T11:53:11Z</time>
        <extensions><gpxtpx:TrackPointExtension><gpxtpx:hr>149</gpxtpx:hr></gpxtpx:TrackPointExtension><power>245</power></extensions>
      </trkpt>
      <trkpt lat="51.4404281" lon="-0.2740804">
        <ele>51.2</ele>
        <time>2026-08-06T11:53:12Z</time>
        <extensions><gpxtpx:TrackPointExtension><gpxtpx:hr>149</gpxtpx:hr></gpxtpx:TrackPointExtension><power>244</power></extensions>
      </trkpt>
      <trkpt lat="51.4404253" lon="-0.2740406">
        <ele>51.2</ele>
        <time>2026-08-06T11:53:13Z</time>
        <extensions><gpxtpx:TrackPointExtension><gpxtpx:hr>149</gpxtpx:hr></gpxtpx:TrackPointExtension><power>244</power></extensions>
      </trkpt>
      <trkpt lat="51.4404223" lon="-0.2740015">
        <ele>51.2</ele>
        <time>2026-08-06T11:53:14Z</time>
        <extensions><gpxtpx:TrackPointExtension><gpxtpx:hr>149</gpxtpx:hr></gpxtpx:TrackPointExtension><power>244</power></extensions>
      </trkpt>
      <trkpt lat="51.4404193" lon="-0.2739632">
        <ele>51.2</ele>
        <time>2026-08-06T11:53:15Z</time>
        <extensions><gpxtpx:TrackPointExtension><gpxtpx:hr>149</gpxtpx:hr></gpxtpx:TrackPointExtension><power>243</power></extensions>
      </trkpt>
      <trkpt lat="51.4404165" lon="-0.2739252">
        <ele>51.0</ele>
        <time>2026-08-06T11:53:16Z</time>
        <extensions><gpxtpx:TrackPointExtension><gpxtpx:hr>149</gpxtpx:hr></gpxtpx:TrackPointExtension><power>243</power></extensions>
      </trkpt>
      <trkpt lat="51.4404143" lon="-0.2738866">
        <ele>51.0</ele>
        <time>2026-08-06T11:53:17Z</time>
        <extensions><gpxtpx:TrackPointExtension><gpxtpx:hr>149</gpxtpx:hr></gpxtpx:TrackPointExtension><power>244</power></extensions>
      </trkpt>
      <trkpt lat="51.4404125" lon="-0.2738476">
        <ele>51.0</ele>
        <time>2026-08-06T11:53:18Z</time>
        <extensions><gpxtpx:TrackPointExtension><gpxtpx:hr>149</gpxtpx:hr></gpxtpx:TrackPointExtension><power>245</power></extensions>
      </trkpt>
      <trkpt lat="51.4404107" lon="-0.2738082">
        <ele>51.0</ele>
        <time>2026-08-06T11:53:19Z</time>
        <extensions><gpxtpx:TrackPointExtension><gpxtpx:hr>150</gpxtpx:hr></gpxtpx:TrackPointExtension><power>246</power></extensions>
      </trkpt>
      <trkpt lat="51.4404087" lon="-0.2737684">
        <ele>51.0</ele>
        <time>2026-08-06T11:53:20Z</time>
        <extensions><gpxtpx:TrackPointExtension><gpxtpx:hr>150</gpxtpx:hr></gpxtpx:TrackPointExtension><power>246</power></extensions>
      </trkpt>
      <trkpt lat="51.4404063" lon="-0.2737281">
        <ele>51.0</ele>
        <time>2026-08-06T11:53:21Z</time>
        <extensions><gpxtpx:TrackPointExtension><gpxtpx:hr>151</gpxtpx:hr></gpxtpx:TrackPointExtension><power>247</power></extensions>
      </trkpt>
      <trkpt lat="51.4404033" lon="-0.2736877">
        <ele>51.0</ele>
        <time>2026-08-06T11:53:22Z</time>
        <extensions><gpxtpx:TrackPointExtension><gpxtpx:hr>151</gpxtpx:hr></gpxtpx:TrackPointExtension><power>248</power></extensions>
      </trkpt>
      <trkpt lat="51.4404001" lon="-0.2736471">
        <ele>51.0</ele>
        <time>2026-08-06T11:53:23Z</time>
        <extensions><gpxtpx:TrackPointExtension><gpxtpx:hr>151</gpxtpx:hr></gpxtpx:TrackPointExtension><power>249</power></extensions>
      </trkpt>
      <trkpt lat="51.4403969" lon="-0.2736068">
        <ele>51.0</ele>
        <time>2026-08-06T11:53:24Z</time>
        <extensions><gpxtpx:TrackPointExtension><gpxtpx:hr>151</gpxtpx:hr></gpxtpx:TrackPointExtension><power>249</power></extensions>
      </trkpt>
      <trkpt lat="51.4403937" lon="-0.2735665">
        <ele>51.0</ele>
        <time>2026-08-06T11:53:25Z</time>
        <extensions><gpxtpx:TrackPointExtension><gpxtpx:hr>151</gpxtpx:hr></gpxtpx:TrackPointExtension><power>250</power></extensions>
      </trkpt>
      <trkpt lat="51.4403903" lon="-0.2735261">
        <ele>51.0</ele>
        <time>2026-08-06T11:53:26Z</time>
        <extensions><gpxtpx:TrackPointExtension><gpxtpx:hr>151</gpxtpx:hr></gpxtpx:TrackPointExtension><power>250</power></extensions>
      </trkpt>
      <trkpt lat="51.4403869" lon="-0.2734860">
        <ele>51.0</ele>
        <time>2026-08-06T11:53:27Z</time>
        <extensions><gpxtpx:TrackPointExtension><gpxtpx:hr>152</gpxtpx:hr></gpxtpx:TrackPointExtension><power>250</power></extensions>
      </trkpt>
      <trkpt lat="51.4403831" lon="-0.2734462">
        <ele>51.2</ele>
        <time>2026-08-06T11:53:28Z</time>
        <extensions><gpxtpx:TrackPointExtension><gpxtpx:hr>152</gpxtpx:hr></gpxtpx:TrackPointExtension><power>251</power></extensions>
      </trkpt>
      <trkpt lat="51.4403791" lon="-0.2734064">
        <ele>51.2</ele>
        <time>2026-08-06T11:53:29Z</time>
        <extensions><gpxtpx:TrackPointExtension><gpxtpx:hr>152</gpxtpx:hr></gpxtpx:TrackPointExtension><power>251</power></extensions>
      </trkpt>
      <trkpt lat="51.4403749" lon="-0.2733668">
        <ele>51.2</ele>
        <time>2026-08-06T11:53:30Z</time>
        <extensions><gpxtpx:TrackPointExtension><gpxtpx:hr>152</gpxtpx:hr></gpxtpx:TrackPointExtension><power>252</power></extensions>
      </trkpt>
      <trkpt lat="51.4403707" lon="-0.2733272">
        <ele>51.4</ele>
        <time>2026-08-06T11:53:31Z</time>
        <extensions><gpxtpx:TrackPointExtension><gpxtpx:hr>152</gpxtpx:hr></gpxtpx:TrackPointExtension><power>253</power></extensions>
      </trkpt>
      <trkpt lat="51.4403665" lon="-0.2732874">
        <ele>51.4</ele>
        <time>2026-08-06T11:53:32Z</time>
        <extensions><gpxtpx:TrackPointExtension><gpxtpx:hr>152</gpxtpx:hr></gpxtpx:TrackPointExtension><power>254</power></extensions>
      </trkpt>
      <trkpt lat="51.4403629" lon="-0.2732478">
        <ele>51.4</ele>
        <time>2026-08-06T11:53:33Z</time>
        <extensions><gpxtpx:TrackPointExtension><gpxtpx:hr>152</gpxtpx:hr></gpxtpx:TrackPointExtension><power>254</power></extensions>
      </trkpt>
      <trkpt lat="51.4403599" lon="-0.2732085">
        <ele>51.4</ele>
        <time>2026-08-06T11:53:34Z</time>
        <extensions><gpxtpx:TrackPointExtension><gpxtpx:hr>152</gpxtpx:hr></gpxtpx:TrackPointExtension><power>254</power></extensions>
      </trkpt>
      <trkpt lat="51.4403575" lon="-0.2731692">
        <ele>51.4</ele>
        <time>2026-08-06T11:53:35Z</time>
        <extensions><gpxtpx:TrackPointExtension><gpxtpx:hr>152</gpxtpx:hr></gpxtpx:TrackPointExtension><power>254</power></extensions>
      </trkpt>
      <trkpt lat="51.4403557" lon="-0.2731301">
        <ele>51.2</ele>
        <time>2026-08-06T11:53:36Z</time>
        <extensions><gpxtpx:TrackPointExtension><gpxtpx:hr>152</gpxtpx:hr></gpxtpx:TrackPointExtension><power>254</power></extensions>
      </trkpt>
      <trkpt lat="51.4403543" lon="-0.2730913">
        <ele>51.2</ele>
        <time>2026-08-06T11:53:37Z</time>
        <extensions><gpxtpx:TrackPointExtension><gpxtpx:hr>152</gpxtpx:hr></gpxtpx:TrackPointExtension><power>254</power></extensions>
      </trkpt>
      <trkpt lat="51.4403525" lon="-0.2730522">
        <ele>51.2</ele>
        <time>2026-08-06T11:53:38Z</time>
        <extensions><gpxtpx:TrackPointExtension><gpxtpx:hr>152</gpxtpx:hr></gpxtpx:TrackPointExtension><power>254</power></extensions>
      </trkpt>
      <trkpt lat="51.4403503" lon="-0.2730129">
        <ele>51.2</ele>
        <time>2026-08-06T11:53:39Z</time>
        <extensions><gpxtpx:TrackPointExtension><gpxtpx:hr>152</gpxtpx:hr></gpxtpx:TrackPointExtension><power>255</power></extensions>
      </trkpt>
      <trkpt lat="51.4403475" lon="-0.2729741">
        <ele>51.2</ele>
        <time>2026-08-06T11:53:40Z</time>
        <extensions><gpxtpx:TrackPointExtension><gpxtpx:hr>152</gpxtpx:hr></gpxtpx:TrackPointExtension><power>254</power></extensions>
      </trkpt>
      <trkpt lat="51.4403441" lon="-0.2729358">
        <ele>51.2</ele>
        <time>2026-08-06T11:53:41Z</time>
        <extensions><gpxtpx:TrackPointExtension><gpxtpx:hr>151</gpxtpx:hr></gpxtpx:TrackPointExtension><power>254</power></extensions>
      </trkpt>
      <trkpt lat="51.4403403" lon="-0.2728975">
        <ele>51.2</ele>
        <time>2026-08-06T11:53:42Z</time>
        <extensions><gpxtpx:TrackPointExtension><gpxtpx:hr>151</gpxtpx:hr></gpxtpx:TrackPointExtension><power>254</power></extensions>
      </trkpt>
      <trkpt lat="51.4403367" lon="-0.2728589">
        <ele>51.2</ele>
        <time>2026-08-06T11:53:43Z</time>
        <extensions><gpxtpx:TrackPointExtension><gpxtpx:hr>151</gpxtpx:hr></gpxtpx:TrackPointExtension><power>254</power></extensions>
      </trkpt>
      <trkpt lat="51.4403331" lon="-0.2728201">
        <ele>51.2</ele>
        <time>2026-08-06T11:53:44Z</time>
        <extensions><gpxtpx:TrackPointExtension><gpxtpx:hr>151</gpxtpx:hr></gpxtpx:TrackPointExtension><power>254</power></extensions>
      </trkpt>
      <trkpt lat="51.4403299" lon="-0.2727803">
        <ele>51.2</ele>
        <time>2026-08-06T11:53:45Z</time>
        <extensions><gpxtpx:TrackPointExtension><gpxtpx:hr>150</gpxtpx:hr></gpxtpx:TrackPointExtension><power>254</power></extensions>
      </trkpt>
      <trkpt lat="51.4403269" lon="-0.2727397">
        <ele>51.4</ele>
        <time>2026-08-06T11:53:46Z</time>
        <extensions><gpxtpx:TrackPointExtension><gpxtpx:hr>150</gpxtpx:hr></gpxtpx:TrackPointExtension><power>254</power></extensions>
      </trkpt>
      <trkpt lat="51.4403241" lon="-0.2726989">
        <ele>51.4</ele>
        <time>2026-08-06T11:53:47Z</time>
        <extensions><gpxtpx:TrackPointExtension><gpxtpx:hr>150</gpxtpx:hr></gpxtpx:TrackPointExtension><power>255</power></extensions>
      </trkpt>
      <trkpt lat="51.4403213" lon="-0.2726578">
        <ele>51.4</ele>
        <time>2026-08-06T11:53:48Z</time>
        <extensions><gpxtpx:TrackPointExtension><gpxtpx:hr>150</gpxtpx:hr></gpxtpx:TrackPointExtension><power>255</power></extensions>
      </trkpt>
      <trkpt lat="51.4403183" lon="-0.2726164">
        <ele>51.4</ele>
        <time>2026-08-06T11:53:49Z</time>
        <extensions><gpxtpx:TrackPointExtension><gpxtpx:hr>150</gpxtpx:hr></gpxtpx:TrackPointExtension><power>256</power></extensions>
      </trkpt>
      <trkpt lat="51.4403149" lon="-0.2725748">
        <ele>51.4</ele>
        <time>2026-08-06T11:53:50Z</time>
        <extensions><gpxtpx:TrackPointExtension><gpxtpx:hr>150</gpxtpx:hr></gpxtpx:TrackPointExtension><power>257</power></extensions>
      </trkpt>
      <trkpt lat="51.4403111" lon="-0.2725241">
        <ele>51.4</ele>
        <time>2026-08-06T11:53:51Z</time>
        <extensions><gpxtpx:TrackPointExtension><gpxtpx:hr>150</gpxtpx:hr></gpxtpx:TrackPointExtension><power>258</power></extensions>
      </trkpt>
      <trkpt lat="51.4403075" lon="-0.2724726">
        <ele>51.6</ele>
        <time>2026-08-06T11:53:52Z</time>
        <extensions><gpxtpx:TrackPointExtension><gpxtpx:hr>150</gpxtpx:hr></gpxtpx:TrackPointExtension><power>259</power></extensions>
      </trkpt>
      <trkpt lat="51.4403043" lon="-0.2724211">
        <ele>51.6</ele>
        <time>2026-08-06T11:53:53Z</time>
        <extensions><gpxtpx:TrackPointExtension><gpxtpx:hr>150</gpxtpx:hr></gpxtpx:TrackPointExtension><power>259</power></extensions>
      </trkpt>
      <trkpt lat="51.4403015" lon="-0.2723701">
        <ele>51.6</ele>
        <time>2026-08-06T11:53:54Z</time>
        <extensions><gpxtpx:TrackPointExtension><gpxtpx:hr>150</gpxtpx:hr></gpxtpx:TrackPointExtension><power>260</power></extensions>
      </trkpt>
      <trkpt lat="51.4402989" lon="-0.2723201">
        <ele>51.6</ele>
        <time>2026-08-06T11:53:55Z</time>
        <extensions><gpxtpx:TrackPointExtension><gpxtpx:hr>150</gpxtpx:hr></gpxtpx:TrackPointExtension><power>260</power></extensions>
      </trkpt>
      <trkpt lat="51.4402967" lon="-0.2722792">
        <ele>51.6</ele>
        <time>2026-08-06T11:53:56Z</time>
        <extensions><gpxtpx:TrackPointExtension><gpxtpx:hr>149</gpxtpx:hr></gpxtpx:TrackPointExtension><power>260</power></extensions>
      </trkpt>
      <trkpt lat="51.4402941" lon="-0.2722384">
        <ele>51.6</ele>
        <time>2026-08-06T11:53:57Z</time>
        <extensions><gpxtpx:TrackPointExtension><gpxtpx:hr>149</gpxtpx:hr></gpxtpx:TrackPointExtension><power>260</power></extensions>
      </trkpt>
      <trkpt lat="51.4402911" lon="-0.2721971">
        <ele>51.6</ele>
        <time>2026-08-06T11:53:58Z</time>
        <extensions><gpxtpx:TrackPointExtension><gpxtpx:hr>149</gpxtpx:hr></gpxtpx:TrackPointExtension><power>261</power></extensions>
      </trkpt>
      <trkpt lat="51.4402877" lon="-0.2721549">
        <ele>51.6</ele>
        <time>2026-08-06T11:53:59Z</time>
        <extensions><gpxtpx:TrackPointExtension><gpxtpx:hr>149</gpxtpx:hr></gpxtpx:TrackPointExtension><power>261</power></extensions>
      </trkpt>
      <trkpt lat="51.4402841" lon="-0.2721123">
        <ele>51.6</ele>
        <time>2026-08-06T11:54:00Z</time>
        <extensions><gpxtpx:TrackPointExtension><gpxtpx:hr>149</gpxtpx:hr></gpxtpx:TrackPointExtension><power>262</power></extensions>
      </trkpt>
      <trkpt lat="51.4402803" lon="-0.2720702">
        <ele>51.6</ele>
        <time>2026-08-06T11:54:01Z</time>
        <extensions><gpxtpx:TrackPointExtension><gpxtpx:hr>149</gpxtpx:hr></gpxtpx:TrackPointExtension><power>263</power></extensions>
      </trkpt>
      <trkpt lat="51.4402763" lon="-0.2720296">
        <ele>51.8</ele>
        <time>2026-08-06T11:54:02Z</time>
        <extensions><gpxtpx:TrackPointExtension><gpxtpx:hr>149</gpxtpx:hr></gpxtpx:TrackPointExtension><power>265</power></extensions>
      </trkpt>
      <trkpt lat="51.4402721" lon="-0.2719903">
        <ele>51.8</ele>
        <time>2026-08-06T11:54:03Z</time>
        <extensions><gpxtpx:TrackPointExtension><gpxtpx:hr>151</gpxtpx:hr></gpxtpx:TrackPointExtension><power>264</power></extensions>
      </trkpt>
      <trkpt lat="51.4402685" lon="-0.2719515">
        <ele>51.8</ele>
        <time>2026-08-06T11:54:04Z</time>
        <extensions><gpxtpx:TrackPointExtension><gpxtpx:hr>151</gpxtpx:hr></gpxtpx:TrackPointExtension><power>264</power></extensions>
      </trkpt>
      <trkpt lat="51.4402657" lon="-0.2719129">
        <ele>51.8</ele>
        <time>2026-08-06T11:54:05Z</time>
        <extensions><gpxtpx:TrackPointExtension><gpxtpx:hr>152</gpxtpx:hr></gpxtpx:TrackPointExtension><power>264</power></extensions>
      </trkpt>
      <trkpt lat="51.4402637" lon="-0.2718739">
        <ele>52.0</ele>
        <time>2026-08-06T11:54:06Z</time>
        <extensions><gpxtpx:TrackPointExtension><gpxtpx:hr>152</gpxtpx:hr></gpxtpx:TrackPointExtension><power>264</power></extensions>
      </trkpt>
      <trkpt lat="51.4402627" lon="-0.2718343">
        <ele>52.0</ele>
        <time>2026-08-06T11:54:07Z</time>
        <extensions><gpxtpx:TrackPointExtension><gpxtpx:hr>152</gpxtpx:hr></gpxtpx:TrackPointExtension><power>264</power></extensions>
      </trkpt>
      <trkpt lat="51.4402625" lon="-0.2717947">
        <ele>52.2</ele>
        <time>2026-08-06T11:54:08Z</time>
        <extensions><gpxtpx:TrackPointExtension><gpxtpx:hr>152</gpxtpx:hr></gpxtpx:TrackPointExtension><power>263</power></extensions>
      </trkpt>
      <trkpt lat="51.4402625" lon="-0.2717559">
        <ele>52.2</ele>
        <time>2026-08-06T11:54:09Z</time>
        <extensions><gpxtpx:TrackPointExtension><gpxtpx:hr>152</gpxtpx:hr></gpxtpx:TrackPointExtension><power>263</power></extensions>
      </trkpt>
      <trkpt lat="51.4402627" lon="-0.2717176">
        <ele>52.4</ele>
        <time>2026-08-06T11:54:10Z</time>
        <extensions><gpxtpx:TrackPointExtension><gpxtpx:hr>152</gpxtpx:hr></gpxtpx:TrackPointExtension><power>263</power></extensions>
      </trkpt>
      <trkpt lat="51.4402635" lon="-0.2716803">
        <ele>52.6</ele>
        <time>2026-08-06T11:54:11Z</time>
        <extensions><gpxtpx:TrackPointExtension><gpxtpx:hr>152</gpxtpx:hr></gpxtpx:TrackPointExtension><power>262</power></extensions>
      </trkpt>
      <trkpt lat="51.4402659" lon="-0.2716440">
        <ele>52.8</ele>
        <time>2026-08-06T11:54:12Z</time>
        <extensions><gpxtpx:TrackPointExtension><gpxtpx:hr>152</gpxtpx:hr></gpxtpx:TrackPointExtension><power>262</power></extensions>
      </trkpt>
      <trkpt lat="51.4402713" lon="-0.2716095">
        <ele>53.2</ele>
        <time>2026-08-06T11:54:13Z</time>
        <extensions><gpxtpx:TrackPointExtension><gpxtpx:hr>152</gpxtpx:hr></gpxtpx:TrackPointExtension><power>264</power></extensions>
      </trkpt>
      <trkpt lat="51.4402809" lon="-0.2715786">
        <ele>53.6</ele>
        <time>2026-08-06T11:54:14Z</time>
        <extensions><gpxtpx:TrackPointExtension><gpxtpx:hr>155</gpxtpx:hr></gpxtpx:TrackPointExtension><power>266</power></extensions>
      </trkpt>
      <trkpt lat="51.4402951" lon="-0.2715529">
        <ele>54.0</ele>
        <time>2026-08-06T11:54:15Z</time>
        <extensions><gpxtpx:TrackPointExtension><gpxtpx:hr>155</gpxtpx:hr></gpxtpx:TrackPointExtension><power>268</power></extensions>
      </trkpt>
      <trkpt lat="51.4403139" lon="-0.2715334">
        <ele>54.6</ele>
        <time>2026-08-06T11:54:16Z</time>
        <extensions><gpxtpx:TrackPointExtension><gpxtpx:hr>155</gpxtpx:hr></gpxtpx:TrackPointExtension><power>345</power></extensions>
      </trkpt>
      <trkpt lat="51.4403361" lon="-0.2715197">
        <ele>55.0</ele>
        <time>2026-08-06T11:54:17Z</time>
        <extensions><gpxtpx:TrackPointExtension><gpxtpx:hr>155</gpxtpx:hr></gpxtpx:TrackPointExtension><power>423</power></extensions>
      </trkpt>
      <trkpt lat="51.4403603" lon="-0.2715103">
        <ele>55.4</ele>
        <time>2026-08-06T11:54:18Z</time>
        <extensions><gpxtpx:TrackPointExtension><gpxtpx:hr>155</gpxtpx:hr></gpxtpx:TrackPointExtension><power>487</power></extensions>
      </trkpt>
      <trkpt lat="51.4403851" lon="-0.2715024">
        <ele>55.8</ele>
        <time>2026-08-06T11:54:19Z</time>
        <extensions><gpxtpx:TrackPointExtension><gpxtpx:hr>155</gpxtpx:hr></gpxtpx:TrackPointExtension><power>552</power></extensions>
      </trkpt>
      <trkpt lat="51.4404101" lon="-0.2714941">
        <ele>56.0</ele>
        <time>2026-08-06T11:54:20Z</time>
        <extensions><gpxtpx:TrackPointExtension><gpxtpx:hr>157</gpxtpx:hr></gpxtpx:TrackPointExtension><power>616</power></extensions>
      </trkpt>
      <trkpt lat="51.4404347" lon="-0.2714839">
        <ele>56.0</ele>
        <time>2026-08-06T11:54:21Z</time>
        <extensions><gpxtpx:TrackPointExtension><gpxtpx:hr>157</gpxtpx:hr></gpxtpx:TrackPointExtension><power>529</power></extensions>
      </trkpt>
      <trkpt lat="51.4404593" lon="-0.2714720">
        <ele>56.0</ele>
        <time>2026-08-06T11:54:22Z</time>
        <extensions><gpxtpx:TrackPointExtension><gpxtpx:hr>157</gpxtpx:hr></gpxtpx:TrackPointExtension><power>442</power></extensions>
      </trkpt>
      <trkpt lat="51.4404789" lon="-0.2714616">
        <ele>55.8</ele>
        <time>2026-08-06T11:54:23Z</time>
        <extensions><gpxtpx:TrackPointExtension><gpxtpx:hr>157</gpxtpx:hr></gpxtpx:TrackPointExtension><power>367</power></extensions>
      </trkpt>
      <trkpt lat="51.4404985" lon="-0.2714507">
        <ele>55.8</ele>
        <time>2026-08-06T11:54:24Z</time>
        <extensions><gpxtpx:TrackPointExtension><gpxtpx:hr>157</gpxtpx:hr></gpxtpx:TrackPointExtension><power>291</power></extensions>
      </trkpt>
      <trkpt lat="51.4405177" lon="-0.2714390">
        <ele>55.8</ele>
        <time>2026-08-06T11:54:25Z</time>
        <extensions><gpxtpx:TrackPointExtension><gpxtpx:hr>157</gpxtpx:hr></gpxtpx:TrackPointExtension><power>215</power></extensions>
      </trkpt>
      <trkpt lat="51.4405365" lon="-0.2714271">
        <ele>55.6</ele>
        <time>2026-08-06T11:54:26Z</time>
        <extensions><gpxtpx:TrackPointExtension><gpxtpx:hr>159</gpxtpx:hr></gpxtpx:TrackPointExtension><power>215</power></extensions>
      </trkpt>
      <trkpt lat="51.4405547" lon="-0.2714147">
        <ele>55.4</ele>
        <time>2026-08-06T11:54:27Z</time>
        <extensions><gpxtpx:TrackPointExtension><gpxtpx:hr>159</gpxtpx:hr></gpxtpx:TrackPointExtension><power>214</power></extensions>
      </trkpt>
      <trkpt lat="51.4405775" lon="-0.2713994">
        <ele>55.4</ele>
        <time>2026-08-06T11:54:28Z</time>
        <extensions><gpxtpx:TrackPointExtension><gpxtpx:hr>159</gpxtpx:hr></gpxtpx:TrackPointExtension><power>213</power></extensions>
      </trkpt>
      <trkpt lat="51.4406003" lon="-0.2713840">
        <ele>55.2</ele>
        <time>2026-08-06T11:54:29Z</time>
        <extensions><gpxtpx:TrackPointExtension><gpxtpx:hr>159</gpxtpx:hr></gpxtpx:TrackPointExtension><power>211</power></extensions>
      </trkpt>
      <trkpt lat="51.4406233" lon="-0.2713687">
        <ele>55.0</ele>
        <time>2026-08-06T11:54:30Z</time>
        <extensions><gpxtpx:TrackPointExtension><gpxtpx:hr>159</gpxtpx:hr></gpxtpx:TrackPointExtension><power>208</power></extensions>
      </trkpt>
      <trkpt lat="51.4406467" lon="-0.2713533">
        <ele>55.0</ele>
        <time>2026-08-06T11:54:31Z</time>
        <extensions><gpxtpx:TrackPointExtension><gpxtpx:hr>159</gpxtpx:hr></gpxtpx:TrackPointExtension><power>207</power></extensions>
      </trkpt>
      <trkpt lat="51.4406707" lon="-0.2713378">
        <ele>54.8</ele>
        <time>2026-08-06T11:54:32Z</time>
        <extensions><gpxtpx:TrackPointExtension><gpxtpx:hr>159</gpxtpx:hr></gpxtpx:TrackPointExtension><power>206</power></extensions>
      </trkpt>
      <trkpt lat="51.4406951" lon="-0.2713216">
        <ele>54.6</ele>
        <time>2026-08-06T11:54:33Z</time>
        <extensions><gpxtpx:TrackPointExtension><gpxtpx:hr>159</gpxtpx:hr></gpxtpx:TrackPointExtension><power>204</power></extensions>
      </trkpt>
      <trkpt lat="51.4407197" lon="-0.2713046">
        <ele>54.6</ele>
        <time>2026-08-06T11:54:34Z</time>
        <extensions><gpxtpx:TrackPointExtension><gpxtpx:hr>159</gpxtpx:hr></gpxtpx:TrackPointExtension><power>204</power></extensions>
      </trkpt>
      <trkpt lat="51.4407445" lon="-0.2712868">
        <ele>54.4</ele>
        <time>2026-08-06T11:54:35Z</time>
        <extensions><gpxtpx:TrackPointExtension><gpxtpx:hr>159</gpxtpx:hr></gpxtpx:TrackPointExtension><power>204</power></extensions>
      </trkpt>
      <trkpt lat="51.4407695" lon="-0.2712690">
        <ele>54.2</ele>
        <time>2026-08-06T11:54:36Z</time>
        <extensions><gpxtpx:TrackPointExtension><gpxtpx:hr>159</gpxtpx:hr></gpxtpx:TrackPointExtension><power>205</power></extensions>
      </trkpt>
      <trkpt lat="51.4407945" lon="-0.2712515">
        <ele>54.2</ele>
        <time>2026-08-06T11:54:37Z</time>
        <extensions><gpxtpx:TrackPointExtension><gpxtpx:hr>159</gpxtpx:hr></gpxtpx:TrackPointExtension><power>205</power></extensions>
      </trkpt>
      <trkpt lat="51.4408195" lon="-0.2712348">
        <ele>54.0</ele>
        <time>2026-08-06T11:54:38Z</time>
        <extensions><gpxtpx:TrackPointExtension><gpxtpx:hr>159</gpxtpx:hr></gpxtpx:TrackPointExtension><power>206</power></extensions>
      </trkpt>
      <trkpt lat="51.4408447" lon="-0.2712193">
        <ele>53.8</ele>
        <time>2026-08-06T11:54:39Z</time>
        <extensions><gpxtpx:TrackPointExtension><gpxtpx:hr>159</gpxtpx:hr></gpxtpx:TrackPointExtension><power>206</power></extensions>
      </trkpt>
      <trkpt lat="51.4408699" lon="-0.2712051">
        <ele>53.8</ele>
        <time>2026-08-06T11:54:40Z</time>
        <extensions><gpxtpx:TrackPointExtension><gpxtpx:hr>159</gpxtpx:hr></gpxtpx:TrackPointExtension><power>206</power></extensions>
      </trkpt>
      <trkpt lat="51.4408951" lon="-0.2711914">
        <ele>53.6</ele>
        <time>2026-08-06T11:54:41Z</time>
        <extensions><gpxtpx:TrackPointExtension><gpxtpx:hr>159</gpxtpx:hr></gpxtpx:TrackPointExtension><power>207</power></extensions>
      </trkpt>
      <trkpt lat="51.4409203" lon="-0.2711782">
        <ele>53.6</ele>
        <time>2026-08-06T11:54:42Z</time>
        <extensions><gpxtpx:TrackPointExtension><gpxtpx:hr>159</gpxtpx:hr></gpxtpx:TrackPointExtension><power>207</power></extensions>
      </trkpt>
      <trkpt lat="51.4409457" lon="-0.2711653">
        <ele>53.4</ele>
        <time>2026-08-06T11:54:43Z</time>
        <extensions><gpxtpx:TrackPointExtension><gpxtpx:hr>159</gpxtpx:hr></gpxtpx:TrackPointExtension><power>208</power></extensions>
      </trkpt>
      <trkpt lat="51.4409711" lon="-0.2711526">
        <ele>53.4</ele>
        <time>2026-08-06T11:54:44Z</time>
        <extensions><gpxtpx:TrackPointExtension><gpxtpx:hr>159</gpxtpx:hr></gpxtpx:TrackPointExtension><power>208</power></extensions>
      </trkpt>
      <trkpt lat="51.4409969" lon="-0.2711401">
        <ele>53.4</ele>
        <time>2026-08-06T11:54:45Z</time>
        <extensions><gpxtpx:TrackPointExtension><gpxtpx:hr>158</gpxtpx:hr></gpxtpx:TrackPointExtension><power>209</power></extensions>
      </trkpt>
      <trkpt lat="51.4410229" lon="-0.2711285">
        <ele>53.4</ele>
        <time>2026-08-06T11:54:46Z</time>
        <extensions><gpxtpx:TrackPointExtension><gpxtpx:hr>158</gpxtpx:hr></gpxtpx:TrackPointExtension><power>210</power></extensions>
      </trkpt>
      <trkpt lat="51.4410489" lon="-0.2711173">
        <ele>53.4</ele>
        <time>2026-08-06T11:54:47Z</time>
        <extensions><gpxtpx:TrackPointExtension><gpxtpx:hr>158</gpxtpx:hr></gpxtpx:TrackPointExtension><power>211</power></extensions>
      </trkpt>
      <trkpt lat="51.4410747" lon="-0.2711069">
        <ele>53.4</ele>
        <time>2026-08-06T11:54:48Z</time>
        <extensions><gpxtpx:TrackPointExtension><gpxtpx:hr>158</gpxtpx:hr></gpxtpx:TrackPointExtension><power>212</power></extensions>
      </trkpt>
      <trkpt lat="51.4411005" lon="-0.2710973">
        <ele>53.4</ele>
        <time>2026-08-06T11:54:49Z</time>
        <extensions><gpxtpx:TrackPointExtension><gpxtpx:hr>158</gpxtpx:hr></gpxtpx:TrackPointExtension><power>214</power></extensions>
      </trkpt>
      <trkpt lat="51.4411259" lon="-0.2710881">
        <ele>53.4</ele>
        <time>2026-08-06T11:54:50Z</time>
        <extensions><gpxtpx:TrackPointExtension><gpxtpx:hr>158</gpxtpx:hr></gpxtpx:TrackPointExtension><power>215</power></extensions>
      </trkpt>
      <trkpt lat="51.4411513" lon="-0.2710793">
        <ele>53.4</ele>
        <time>2026-08-06T11:54:51Z</time>
        <extensions><gpxtpx:TrackPointExtension><gpxtpx:hr>158</gpxtpx:hr></gpxtpx:TrackPointExtension><power>216</power></extensions>
      </trkpt>
      <trkpt lat="51.4411767" lon="-0.2710706">
        <ele>53.2</ele>
        <time>2026-08-06T11:54:52Z</time>
        <extensions><gpxtpx:TrackPointExtension><gpxtpx:hr>159</gpxtpx:hr></gpxtpx:TrackPointExtension><power>218</power></extensions>
      </trkpt>
      <trkpt lat="51.4412021" lon="-0.2710623">
        <ele>53.2</ele>
        <time>2026-08-06T11:54:53Z</time>
        <extensions><gpxtpx:TrackPointExtension><gpxtpx:hr>159</gpxtpx:hr></gpxtpx:TrackPointExtension><power>219</power></extensions>
      </trkpt>
      <trkpt lat="51.4412273" lon="-0.2710536">
        <ele>53.2</ele>
        <time>2026-08-06T11:54:54Z</time>
        <extensions><gpxtpx:TrackPointExtension><gpxtpx:hr>159</gpxtpx:hr></gpxtpx:TrackPointExtension><power>220</power></extensions>
      </trkpt>
      <trkpt lat="51.4412523" lon="-0.2710450">
        <ele>53.2</ele>
        <time>2026-08-06T11:54:55Z</time>
        <extensions><gpxtpx:TrackPointExtension><gpxtpx:hr>159</gpxtpx:hr></gpxtpx:TrackPointExtension><power>221</power></extensions>
      </trkpt>
      <trkpt lat="51.4412769" lon="-0.2710361">
        <ele>53.2</ele>
        <time>2026-08-06T11:54:56Z</time>
        <extensions><gpxtpx:TrackPointExtension><gpxtpx:hr>159</gpxtpx:hr></gpxtpx:TrackPointExtension><power>222</power></extensions>
      </trkpt>
      <trkpt lat="51.4413013" lon="-0.2710272">
        <ele>53.2</ele>
        <time>2026-08-06T11:54:57Z</time>
        <extensions><gpxtpx:TrackPointExtension><gpxtpx:hr>159</gpxtpx:hr></gpxtpx:TrackPointExtension><power>223</power></extensions>
      </trkpt>
      <trkpt lat="51.4413255" lon="-0.2710176">
        <ele>53.0</ele>
        <time>2026-08-06T11:54:58Z</time>
        <extensions><gpxtpx:TrackPointExtension><gpxtpx:hr>159</gpxtpx:hr></gpxtpx:TrackPointExtension><power>223</power></extensions>
      </trkpt>
      <trkpt lat="51.4413493" lon="-0.2710072">
        <ele>53.0</ele>
        <time>2026-08-06T11:54:59Z</time>
        <extensions><gpxtpx:TrackPointExtension><gpxtpx:hr>159</gpxtpx:hr></gpxtpx:TrackPointExtension><power>224</power></extensions>
      </trkpt>
      <trkpt lat="51.4413731" lon="-0.2709960">
        <ele>52.8</ele>
        <time>2026-08-06T11:55:00Z</time>
        <extensions><gpxtpx:TrackPointExtension><gpxtpx:hr>159</gpxtpx:hr></gpxtpx:TrackPointExtension><power>225</power></extensions>
      </trkpt>
      <trkpt lat="51.4413969" lon="-0.2709841">
        <ele>52.6</ele>
        <time>2026-08-06T11:55:01Z</time>
        <extensions><gpxtpx:TrackPointExtension><gpxtpx:hr>159</gpxtpx:hr></gpxtpx:TrackPointExtension><power>226</power></extensions>
      </trkpt>
      <trkpt lat="51.4414211" lon="-0.2709712">
        <ele>52.6</ele>
        <time>2026-08-06T11:55:02Z</time>
        <extensions><gpxtpx:TrackPointExtension><gpxtpx:hr>158</gpxtpx:hr></gpxtpx:TrackPointExtension><power>227</power></extensions>
      </trkpt>
      <trkpt lat="51.4414459" lon="-0.2709582">
        <ele>52.4</ele>
        <time>2026-08-06T11:55:03Z</time>
        <extensions><gpxtpx:TrackPointExtension><gpxtpx:hr>158</gpxtpx:hr></gpxtpx:TrackPointExtension><power>228</power></extensions>
      </trkpt>
      <trkpt lat="51.4414713" lon="-0.2709455">
        <ele>52.4</ele>
        <time>2026-08-06T11:55:04Z</time>
        <extensions><gpxtpx:TrackPointExtension><gpxtpx:hr>158</gpxtpx:hr></gpxtpx:TrackPointExtension><power>229</power></extensions>
      </trkpt>
      <trkpt lat="51.4414973" lon="-0.2709326">
        <ele>52.4</ele>
        <time>2026-08-06T11:55:05Z</time>
        <extensions><gpxtpx:TrackPointExtension><gpxtpx:hr>158</gpxtpx:hr></gpxtpx:TrackPointExtension><power>230</power></extensions>
      </trkpt>
      <trkpt lat="51.4415243" lon="-0.2709192">
        <ele>52.4</ele>
        <time>2026-08-06T11:55:06Z</time>
        <extensions><gpxtpx:TrackPointExtension><gpxtpx:hr>158</gpxtpx:hr></gpxtpx:TrackPointExtension><power>231</power></extensions>
      </trkpt>
      <trkpt lat="51.4415519" lon="-0.2709057">
        <ele>52.2</ele>
        <time>2026-08-06T11:55:07Z</time>
        <extensions><gpxtpx:TrackPointExtension><gpxtpx:hr>158</gpxtpx:hr></gpxtpx:TrackPointExtension><power>232</power></extensions>
      </trkpt>
      <trkpt lat="51.4415797" lon="-0.2708923">
        <ele>52.2</ele>
        <time>2026-08-06T11:55:08Z</time>
        <extensions><gpxtpx:TrackPointExtension><gpxtpx:hr>159</gpxtpx:hr></gpxtpx:TrackPointExtension><power>233</power></extensions>
      </trkpt>
      <trkpt lat="51.4416077" lon="-0.2708791">
        <ele>52.2</ele>
        <time>2026-08-06T11:55:09Z</time>
        <extensions><gpxtpx:TrackPointExtension><gpxtpx:hr>159</gpxtpx:hr></gpxtpx:TrackPointExtension><power>234</power></extensions>
      </trkpt>
      <trkpt lat="51.4416355" lon="-0.2708669">
        <ele>52.0</ele>
        <time>2026-08-06T11:55:10Z</time>
        <extensions><gpxtpx:TrackPointExtension><gpxtpx:hr>159</gpxtpx:hr></gpxtpx:TrackPointExtension><power>235</power></extensions>
      </trkpt>
      <trkpt lat="51.4416625" lon="-0.2708565">
        <ele>52.0</ele>
        <time>2026-08-06T11:55:11Z</time>
        <extensions><gpxtpx:TrackPointExtension><gpxtpx:hr>159</gpxtpx:hr></gpxtpx:TrackPointExtension><power>235</power></extensions>
      </trkpt>
      <trkpt lat="51.4416887" lon="-0.2708476">
        <ele>51.8</ele>
        <time>2026-08-06T11:55:12Z</time>
        <extensions><gpxtpx:TrackPointExtension><gpxtpx:hr>159</gpxtpx:hr></gpxtpx:TrackPointExtension><power>235</power></extensions>
      </trkpt>
      <trkpt lat="51.4417143" lon="-0.2708400">
        <ele>51.8</ele>
        <time>2026-08-06T11:55:13Z</time>
        <extensions><gpxtpx:TrackPointExtension><gpxtpx:hr>159</gpxtpx:hr></gpxtpx:TrackPointExtension><power>235</power></extensions>
      </trkpt>
      <trkpt lat="51.4417397" lon="-0.2708336">
        <ele>51.6</ele>
        <time>2026-08-06T11:55:14Z</time>
        <extensions><gpxtpx:TrackPointExtension><gpxtpx:hr>159</gpxtpx:hr></gpxtpx:TrackPointExtension><power>235</power></extensions>
      </trkpt>
      <trkpt lat="51.4417653" lon="-0.2708281">
        <ele>51.6</ele>
        <time>2026-08-06T11:55:15Z</time>
        <extensions><gpxtpx:TrackPointExtension><gpxtpx:hr>159</gpxtpx:hr></gpxtpx:TrackPointExtension><power>235</power></extensions>
      </trkpt>
      <trkpt lat="51.4417915" lon="-0.2708232">
        <ele>51.6</ele>
        <time>2026-08-06T11:55:16Z</time>
        <extensions><gpxtpx:TrackPointExtension><gpxtpx:hr>159</gpxtpx:hr></gpxtpx:TrackPointExtension><power>234</power></extensions>
      </trkpt>
      <trkpt lat="51.4418183" lon="-0.2708189">
        <ele>51.4</ele>
        <time>2026-08-06T11:55:17Z</time>
        <extensions><gpxtpx:TrackPointExtension><gpxtpx:hr>159</gpxtpx:hr></gpxtpx:TrackPointExtension><power>235</power></extensions>
      </trkpt>
      <trkpt lat="51.4418461" lon="-0.2708149">
        <ele>51.4</ele>
        <time>2026-08-06T11:55:18Z</time>
        <extensions><gpxtpx:TrackPointExtension><gpxtpx:hr>159</gpxtpx:hr></gpxtpx:TrackPointExtension><power>236</power></extensions>
      </trkpt>
      <trkpt lat="51.4418745" lon="-0.2708111">
        <ele>51.4</ele>
        <time>2026-08-06T11:55:19Z</time>
        <extensions><gpxtpx:TrackPointExtension><gpxtpx:hr>159</gpxtpx:hr></gpxtpx:TrackPointExtension><power>237</power></extensions>
      </trkpt>
      <trkpt lat="51.4419033" lon="-0.2708078">
        <ele>51.4</ele>
        <time>2026-08-06T11:55:20Z</time>
        <extensions><gpxtpx:TrackPointExtension><gpxtpx:hr>159</gpxtpx:hr></gpxtpx:TrackPointExtension><power>239</power></extensions>
      </trkpt>
      <trkpt lat="51.4419321" lon="-0.2708045">
        <ele>51.4</ele>
        <time>2026-08-06T11:55:21Z</time>
        <extensions><gpxtpx:TrackPointExtension><gpxtpx:hr>159</gpxtpx:hr></gpxtpx:TrackPointExtension><power>240</power></extensions>
      </trkpt>
      <trkpt lat="51.4419607" lon="-0.2708009">
        <ele>51.4</ele>
        <time>2026-08-06T11:55:22Z</time>
        <extensions><gpxtpx:TrackPointExtension><gpxtpx:hr>160</gpxtpx:hr></gpxtpx:TrackPointExtension><power>240</power></extensions>
      </trkpt>
      <trkpt lat="51.4419889" lon="-0.2707974">
        <ele>51.4</ele>
        <time>2026-08-06T11:55:23Z</time>
        <extensions><gpxtpx:TrackPointExtension><gpxtpx:hr>160</gpxtpx:hr></gpxtpx:TrackPointExtension><power>241</power></extensions>
      </trkpt>
      <trkpt lat="51.4420165" lon="-0.2707938">
        <ele>51.4</ele>
        <time>2026-08-06T11:55:24Z</time>
        <extensions><gpxtpx:TrackPointExtension><gpxtpx:hr>160</gpxtpx:hr></gpxtpx:TrackPointExtension><power>241</power></extensions>
      </trkpt>
      <trkpt lat="51.4420437" lon="-0.2707897">
        <ele>51.2</ele>
        <time>2026-08-06T11:55:25Z</time>
        <extensions><gpxtpx:TrackPointExtension><gpxtpx:hr>160</gpxtpx:hr></gpxtpx:TrackPointExtension><power>241</power></extensions>
      </trkpt>
      <trkpt lat="51.4420709" lon="-0.2707854">
        <ele>51.2</ele>
        <time>2026-08-06T11:55:26Z</time>
        <extensions><gpxtpx:TrackPointExtension><gpxtpx:hr>160</gpxtpx:hr></gpxtpx:TrackPointExtension><power>241</power></extensions>
      </trkpt>
      <trkpt lat="51.4420981" lon="-0.2707809">
        <ele>51.2</ele>
        <time>2026-08-06T11:55:27Z</time>
        <extensions><gpxtpx:TrackPointExtension><gpxtpx:hr>160</gpxtpx:hr></gpxtpx:TrackPointExtension><power>241</power></extensions>
      </trkpt>
      <trkpt lat="51.4421249" lon="-0.2707758">
        <ele>51.0</ele>
        <time>2026-08-06T11:55:28Z</time>
        <extensions><gpxtpx:TrackPointExtension><gpxtpx:hr>160</gpxtpx:hr></gpxtpx:TrackPointExtension><power>241</power></extensions>
      </trkpt>
      <trkpt lat="51.4421517" lon="-0.2707697">
        <ele>51.0</ele>
        <time>2026-08-06T11:55:29Z</time>
        <extensions><gpxtpx:TrackPointExtension><gpxtpx:hr>161</gpxtpx:hr></gpxtpx:TrackPointExtension><power>241</power></extensions>
      </trkpt>
      <trkpt lat="51.4421781" lon="-0.2707631">
        <ele>51.0</ele>
        <time>2026-08-06T11:55:30Z</time>
        <extensions><gpxtpx:TrackPointExtension><gpxtpx:hr>161</gpxtpx:hr></gpxtpx:TrackPointExtension><power>240</power></extensions>
      </trkpt>
      <trkpt lat="51.4422039" lon="-0.2707562">
        <ele>51.0</ele>
        <time>2026-08-06T11:55:31Z</time>
        <extensions><gpxtpx:TrackPointExtension><gpxtpx:hr>161</gpxtpx:hr></gpxtpx:TrackPointExtension><power>240</power></extensions>
      </trkpt>
      <trkpt lat="51.4422297" lon="-0.2707494">
        <ele>50.8</ele>
        <time>2026-08-06T11:55:32Z</time>
        <extensions><gpxtpx:TrackPointExtension><gpxtpx:hr>161</gpxtpx:hr></gpxtpx:TrackPointExtension><power>239</power></extensions>
      </trkpt>
      <trkpt lat="51.4422555" lon="-0.2707428">
        <ele>50.8</ele>
        <time>2026-08-06T11:55:33Z</time>
        <extensions><gpxtpx:TrackPointExtension><gpxtpx:hr>161</gpxtpx:hr></gpxtpx:TrackPointExtension><power>240</power></extensions>
      </trkpt>
      <trkpt lat="51.4422815" lon="-0.2707372">
        <ele>50.8</ele>
        <time>2026-08-06T11:55:34Z</time>
        <extensions><gpxtpx:TrackPointExtension><gpxtpx:hr>161</gpxtpx:hr></gpxtpx:TrackPointExtension><power>240</power></extensions>
      </trkpt>
      <trkpt lat="51.4423077" lon="-0.2707324">
        <ele>50.8</ele>
        <time>2026-08-06T11:55:35Z</time>
        <extensions><gpxtpx:TrackPointExtension><gpxtpx:hr>160</gpxtpx:hr></gpxtpx:TrackPointExtension><power>240</power></extensions>
      </trkpt>
      <trkpt lat="51.4423339" lon="-0.2707281">
        <ele>50.8</ele>
        <time>2026-08-06T11:55:36Z</time>
        <extensions><gpxtpx:TrackPointExtension><gpxtpx:hr>160</gpxtpx:hr></gpxtpx:TrackPointExtension><power>240</power></extensions>
      </trkpt>
      <trkpt lat="51.4423599" lon="-0.2707243">
        <ele>50.8</ele>
        <time>2026-08-06T11:55:37Z</time>
        <extensions><gpxtpx:TrackPointExtension><gpxtpx:hr>160</gpxtpx:hr></gpxtpx:TrackPointExtension><power>240</power></extensions>
      </trkpt>
      <trkpt lat="51.4423859" lon="-0.2707205">
        <ele>50.8</ele>
        <time>2026-08-06T11:55:38Z</time>
        <extensions><gpxtpx:TrackPointExtension><gpxtpx:hr>160</gpxtpx:hr></gpxtpx:TrackPointExtension><power>240</power></extensions>
      </trkpt>
      <trkpt lat="51.4424115" lon="-0.2707164">
        <ele>50.8</ele>
        <time>2026-08-06T11:55:39Z</time>
        <extensions><gpxtpx:TrackPointExtension><gpxtpx:hr>160</gpxtpx:hr></gpxtpx:TrackPointExtension><power>239</power></extensions>
      </trkpt>
      <trkpt lat="51.4424369" lon="-0.2707123">
        <ele>50.6</ele>
        <time>2026-08-06T11:55:40Z</time>
        <extensions><gpxtpx:TrackPointExtension><gpxtpx:hr>160</gpxtpx:hr></gpxtpx:TrackPointExtension><power>239</power></extensions>
      </trkpt>
      <trkpt lat="51.4424621" lon="-0.2707085">
        <ele>50.6</ele>
        <time>2026-08-06T11:55:41Z</time>
        <extensions><gpxtpx:TrackPointExtension><gpxtpx:hr>161</gpxtpx:hr></gpxtpx:TrackPointExtension><power>238</power></extensions>
      </trkpt>
      <trkpt lat="51.4424869" lon="-0.2707052">
        <ele>50.6</ele>
        <time>2026-08-06T11:55:42Z</time>
        <extensions><gpxtpx:TrackPointExtension><gpxtpx:hr>161</gpxtpx:hr></gpxtpx:TrackPointExtension><power>237</power></extensions>
      </trkpt>
      <trkpt lat="51.4425115" lon="-0.2707022">
        <ele>50.4</ele>
        <time>2026-08-06T11:55:43Z</time>
        <extensions><gpxtpx:TrackPointExtension><gpxtpx:hr>160</gpxtpx:hr></gpxtpx:TrackPointExtension><power>236</power></extensions>
      </trkpt>
      <trkpt lat="51.4425359" lon="-0.2706986">
        <ele>50.4</ele>
        <time>2026-08-06T11:55:44Z</time>
        <extensions><gpxtpx:TrackPointExtension><gpxtpx:hr>160</gpxtpx:hr></gpxtpx:TrackPointExtension><power>235</power></extensions>
      </trkpt>
      <trkpt lat="51.4425603" lon="-0.2706946">
        <ele>50.4</ele>
        <time>2026-08-06T11:55:45Z</time>
        <extensions><gpxtpx:TrackPointExtension><gpxtpx:hr>160</gpxtpx:hr></gpxtpx:TrackPointExtension><power>234</power></extensions>
      </trkpt>
      <trkpt lat="51.4425851" lon="-0.2706900">
        <ele>50.4</ele>
        <time>2026-08-06T11:55:46Z</time>
        <extensions><gpxtpx:TrackPointExtension><gpxtpx:hr>160</gpxtpx:hr></gpxtpx:TrackPointExtension><power>234</power></extensions>
      </trkpt>
      <trkpt lat="51.4426101" lon="-0.2706847">
        <ele>50.4</ele>
        <time>2026-08-06T11:55:47Z</time>
        <extensions><gpxtpx:TrackPointExtension><gpxtpx:hr>159</gpxtpx:hr></gpxtpx:TrackPointExtension><power>234</power></extensions>
      </trkpt>
      <trkpt lat="51.4426353" lon="-0.2706796">
        <ele>50.4</ele>
        <time>2026-08-06T11:55:48Z</time>
        <extensions><gpxtpx:TrackPointExtension><gpxtpx:hr>159</gpxtpx:hr></gpxtpx:TrackPointExtension><power>233</power></extensions>
      </trkpt>
      <trkpt lat="51.4426607" lon="-0.2706753">
        <ele>50.4</ele>
        <time>2026-08-06T11:55:49Z</time>
        <extensions><gpxtpx:TrackPointExtension><gpxtpx:hr>159</gpxtpx:hr></gpxtpx:TrackPointExtension><power>233</power></extensions>
      </trkpt>
      <trkpt lat="51.4426861" lon="-0.2706715">
        <ele>50.4</ele>
        <time>2026-08-06T11:55:50Z</time>
        <extensions><gpxtpx:TrackPointExtension><gpxtpx:hr>159</gpxtpx:hr></gpxtpx:TrackPointExtension><power>232</power></extensions>
      </trkpt>
      <trkpt lat="51.4427113" lon="-0.2706682">
        <ele>50.4</ele>
        <time>2026-08-06T11:55:51Z</time>
        <extensions><gpxtpx:TrackPointExtension><gpxtpx:hr>159</gpxtpx:hr></gpxtpx:TrackPointExtension><power>232</power></extensions>
      </trkpt>
      <trkpt lat="51.4427365" lon="-0.2706649">
        <ele>50.4</ele>
        <time>2026-08-06T11:55:52Z</time>
        <extensions><gpxtpx:TrackPointExtension><gpxtpx:hr>159</gpxtpx:hr></gpxtpx:TrackPointExtension><power>232</power></extensions>
      </trkpt>
      <trkpt lat="51.4427615" lon="-0.2706613">
        <ele>50.4</ele>
        <time>2026-08-06T11:55:53Z</time>
        <extensions><gpxtpx:TrackPointExtension><gpxtpx:hr>159</gpxtpx:hr></gpxtpx:TrackPointExtension><power>233</power></extensions>
      </trkpt>
      <trkpt lat="51.4427863" lon="-0.2706573">
        <ele>50.4</ele>
        <time>2026-08-06T11:55:54Z</time>
        <extensions><gpxtpx:TrackPointExtension><gpxtpx:hr>159</gpxtpx:hr></gpxtpx:TrackPointExtension><power>233</power></extensions>
      </trkpt>
      <trkpt lat="51.4428109" lon="-0.2706535">
        <ele>50.4</ele>
        <time>2026-08-06T11:55:55Z</time>
        <extensions><gpxtpx:TrackPointExtension><gpxtpx:hr>159</gpxtpx:hr></gpxtpx:TrackPointExtension><power>233</power></extensions>
      </trkpt>
      <trkpt lat="51.4428353" lon="-0.2706496">
        <ele>50.4</ele>
        <time>2026-08-06T11:55:56Z</time>
        <extensions><gpxtpx:TrackPointExtension><gpxtpx:hr>160</gpxtpx:hr></gpxtpx:TrackPointExtension><power>233</power></extensions>
      </trkpt>
      <trkpt lat="51.4428597" lon="-0.2706466">
        <ele>50.4</ele>
        <time>2026-08-06T11:55:57Z</time>
        <extensions><gpxtpx:TrackPointExtension><gpxtpx:hr>160</gpxtpx:hr></gpxtpx:TrackPointExtension><power>233</power></extensions>
      </trkpt>
      <trkpt lat="51.4428837" lon="-0.2706438">
        <ele>50.4</ele>
        <time>2026-08-06T11:55:58Z</time>
        <extensions><gpxtpx:TrackPointExtension><gpxtpx:hr>160</gpxtpx:hr></gpxtpx:TrackPointExtension><power>233</power></extensions>
      </trkpt>
      <trkpt lat="51.4429073" lon="-0.2706408">
        <ele>50.4</ele>
        <time>2026-08-06T11:55:59Z</time>
        <extensions><gpxtpx:TrackPointExtension><gpxtpx:hr>162</gpxtpx:hr></gpxtpx:TrackPointExtension><power>233</power></extensions>
      </trkpt>
      <trkpt lat="51.4429303" lon="-0.2706370">
        <ele>50.4</ele>
        <time>2026-08-06T11:56:00Z</time>
        <extensions><gpxtpx:TrackPointExtension><gpxtpx:hr>162</gpxtpx:hr></gpxtpx:TrackPointExtension><power>232</power></extensions>
      </trkpt>
      <trkpt lat="51.4429529" lon="-0.2706326">
        <ele>50.4</ele>
        <time>2026-08-06T11:56:01Z</time>
        <extensions><gpxtpx:TrackPointExtension><gpxtpx:hr>162</gpxtpx:hr></gpxtpx:TrackPointExtension><power>231</power></extensions>
      </trkpt>
      <trkpt lat="51.4429749" lon="-0.2706276">
        <ele>50.4</ele>
        <time>2026-08-06T11:56:02Z</time>
        <extensions><gpxtpx:TrackPointExtension><gpxtpx:hr>162</gpxtpx:hr></gpxtpx:TrackPointExtension><power>230</power></extensions>
      </trkpt>
      <trkpt lat="51.4429969" lon="-0.2706222">
        <ele>50.4</ele>
        <time>2026-08-06T11:56:03Z</time>
        <extensions><gpxtpx:TrackPointExtension><gpxtpx:hr>162</gpxtpx:hr></gpxtpx:TrackPointExtension><power>229</power></extensions>
      </trkpt>
      <trkpt lat="51.4430189" lon="-0.2706172">
        <ele>50.4</ele>
        <time>2026-08-06T11:56:04Z</time>
        <extensions><gpxtpx:TrackPointExtension><gpxtpx:hr>162</gpxtpx:hr></gpxtpx:TrackPointExtension><power>229</power></extensions>
      </trkpt>
      <trkpt lat="51.4430411" lon="-0.2706126">
        <ele>50.4</ele>
        <time>2026-08-06T11:56:05Z</time>
        <extensions><gpxtpx:TrackPointExtension><gpxtpx:hr>162</gpxtpx:hr></gpxtpx:TrackPointExtension><power>229</power></extensions>
      </trkpt>
      <trkpt lat="51.4430635" lon="-0.2706083">
        <ele>50.2</ele>
        <time>2026-08-06T11:56:06Z</time>
        <extensions><gpxtpx:TrackPointExtension><gpxtpx:hr>163</gpxtpx:hr></gpxtpx:TrackPointExtension><power>229</power></extensions>
      </trkpt>
      <trkpt lat="51.4430863" lon="-0.2706042">
        <ele>50.4</ele>
        <time>2026-08-06T11:56:07Z</time>
        <extensions><gpxtpx:TrackPointExtension><gpxtpx:hr>163</gpxtpx:hr></gpxtpx:TrackPointExtension><power>229</power></extensions>
      </trkpt>
      <trkpt lat="51.4431095" lon="-0.2706002">
        <ele>50.4</ele>
        <time>2026-08-06T11:56:08Z</time>
        <extensions><gpxtpx:TrackPointExtension><gpxtpx:hr>163</gpxtpx:hr></gpxtpx:TrackPointExtension><power>228</power></extensions>
      </trkpt>
      <trkpt lat="51.4431331" lon="-0.2705958">
        <ele>50.4</ele>
        <time>2026-08-06T11:56:09Z</time>
        <extensions><gpxtpx:TrackPointExtension><gpxtpx:hr>163</gpxtpx:hr></gpxtpx:TrackPointExtension><power>229</power></extensions>
      </trkpt>
      <trkpt lat="51.4431569" lon="-0.2705913">
        <ele>50.4</ele>
        <time>2026-08-06T11:56:10Z</time>
        <extensions><gpxtpx:TrackPointExtension><gpxtpx:hr>163</gpxtpx:hr></gpxtpx:TrackPointExtension><power>229</power></extensions>
      </trkpt>
      <trkpt lat="51.4431807" lon="-0.2705865">
        <ele>50.4</ele>
        <time>2026-08-06T11:56:11Z</time>
        <extensions><gpxtpx:TrackPointExtension><gpxtpx:hr>163</gpxtpx:hr></gpxtpx:TrackPointExtension><power>230</power></extensions>
      </trkpt>
      <trkpt lat="51.4432047" lon="-0.2705811">
        <ele>50.4</ele>
        <time>2026-08-06T11:56:12Z</time>
        <extensions><gpxtpx:TrackPointExtension><gpxtpx:hr>163</gpxtpx:hr></gpxtpx:TrackPointExtension><power>230</power></extensions>
      </trkpt>
      <trkpt lat="51.4432287" lon="-0.2705750">
        <ele>50.4</ele>
        <time>2026-08-06T11:56:13Z</time>
        <extensions><gpxtpx:TrackPointExtension><gpxtpx:hr>164</gpxtpx:hr></gpxtpx:TrackPointExtension><power>231</power></extensions>
      </trkpt>
      <trkpt lat="51.4432527" lon="-0.2705689">
        <ele>50.4</ele>
        <time>2026-08-06T11:56:14Z</time>
        <extensions><gpxtpx:TrackPointExtension><gpxtpx:hr>164</gpxtpx:hr></gpxtpx:TrackPointExtension><power>232</power></extensions>
      </trkpt>
      <trkpt lat="51.4432771" lon="-0.2705629">
        <ele>50.4</ele>
        <time>2026-08-06T11:56:15Z</time>
        <extensions><gpxtpx:TrackPointExtension><gpxtpx:hr>164</gpxtpx:hr></gpxtpx:TrackPointExtension><power>232</power></extensions>
      </trkpt>
      <trkpt lat="51.4433019" lon="-0.2705570">
        <ele>50.4</ele>
        <time>2026-08-06T11:56:16Z</time>
        <extensions><gpxtpx:TrackPointExtension><gpxtpx:hr>164</gpxtpx:hr></gpxtpx:TrackPointExtension><power>233</power></extensions>
      </trkpt>
      <trkpt lat="51.4433267" lon="-0.2705517">
        <ele>50.4</ele>
        <time>2026-08-06T11:56:17Z</time>
        <extensions><gpxtpx:TrackPointExtension><gpxtpx:hr>164</gpxtpx:hr></gpxtpx:TrackPointExtension><power>233</power></extensions>
      </trkpt>
      <trkpt lat="51.4433515" lon="-0.2705471">
        <ele>50.2</ele>
        <time>2026-08-06T11:56:18Z</time>
        <extensions><gpxtpx:TrackPointExtension><gpxtpx:hr>164</gpxtpx:hr></gpxtpx:TrackPointExtension><power>234</power></extensions>
      </trkpt>
      <trkpt lat="51.4433767" lon="-0.2705433">
        <ele>50.2</ele>
        <time>2026-08-06T11:56:19Z</time>
        <extensions><gpxtpx:TrackPointExtension><gpxtpx:hr>164</gpxtpx:hr></gpxtpx:TrackPointExtension><power>234</power></extensions>
      </trkpt>
      <trkpt lat="51.4434019" lon="-0.2705400">
        <ele>50.2</ele>
        <time>2026-08-06T11:56:20Z</time>
        <extensions><gpxtpx:TrackPointExtension><gpxtpx:hr>164</gpxtpx:hr></gpxtpx:TrackPointExtension><power>235</power></extensions>
      </trkpt>
      <trkpt lat="51.4434269" lon="-0.2705375">
        <ele>50.2</ele>
        <time>2026-08-06T11:56:21Z</time>
        <extensions><gpxtpx:TrackPointExtension><gpxtpx:hr>163</gpxtpx:hr></gpxtpx:TrackPointExtension><power>236</power></extensions>
      </trkpt>
      <trkpt lat="51.4434517" lon="-0.2705357">
        <ele>50.2</ele>
        <time>2026-08-06T11:56:22Z</time>
        <extensions><gpxtpx:TrackPointExtension><gpxtpx:hr>164</gpxtpx:hr></gpxtpx:TrackPointExtension><power>236</power></extensions>
      </trkpt>
      <trkpt lat="51.4434763" lon="-0.2705344">
        <ele>50.2</ele>
        <time>2026-08-06T11:56:23Z</time>
        <extensions><gpxtpx:TrackPointExtension><gpxtpx:hr>164</gpxtpx:hr></gpxtpx:TrackPointExtension><power>237</power></extensions>
      </trkpt>
      <trkpt lat="51.4435005" lon="-0.2705334">
        <ele>50.2</ele>
        <time>2026-08-06T11:56:24Z</time>
        <extensions><gpxtpx:TrackPointExtension><gpxtpx:hr>164</gpxtpx:hr></gpxtpx:TrackPointExtension><power>237</power></extensions>
      </trkpt>
      <trkpt lat="51.4435247" lon="-0.2705326">
        <ele>50.2</ele>
        <time>2026-08-06T11:56:25Z</time>
        <extensions><gpxtpx:TrackPointExtension><gpxtpx:hr>164</gpxtpx:hr></gpxtpx:TrackPointExtension><power>236</power></extensions>
      </trkpt>
      <trkpt lat="51.4435491" lon="-0.2705321">
        <ele>50.2</ele>
        <time>2026-08-06T11:56:26Z</time>
        <extensions><gpxtpx:TrackPointExtension><gpxtpx:hr>164</gpxtpx:hr></gpxtpx:TrackPointExtension><power>236</power></extensions>
      </trkpt>
      <trkpt lat="51.4435737" lon="-0.2705319">
        <ele>50.0</ele>
        <time>2026-08-06T11:56:27Z</time>
        <extensions><gpxtpx:TrackPointExtension><gpxtpx:hr>164</gpxtpx:hr></gpxtpx:TrackPointExtension><power>236</power></extensions>
      </trkpt>
      <trkpt lat="51.4435987" lon="-0.2705319">
        <ele>50.0</ele>
        <time>2026-08-06T11:56:28Z</time>
        <extensions><gpxtpx:TrackPointExtension><gpxtpx:hr>164</gpxtpx:hr></gpxtpx:TrackPointExtension><power>236</power></extensions>
      </trkpt>
      <trkpt lat="51.4436239" lon="-0.2705311">
        <ele>50.0</ele>
        <time>2026-08-06T11:56:29Z</time>
        <extensions><gpxtpx:TrackPointExtension><gpxtpx:hr>164</gpxtpx:hr></gpxtpx:TrackPointExtension><power>237</power></extensions>
      </trkpt>
      <trkpt lat="51.4436493" lon="-0.2705291">
        <ele>50.0</ele>
        <time>2026-08-06T11:56:30Z</time>
        <extensions><gpxtpx:TrackPointExtension><gpxtpx:hr>164</gpxtpx:hr></gpxtpx:TrackPointExtension><power>237</power></extensions>
      </trkpt>
      <trkpt lat="51.4436749" lon="-0.2705248">
        <ele>49.8</ele>
        <time>2026-08-06T11:56:31Z</time>
        <extensions><gpxtpx:TrackPointExtension><gpxtpx:hr>164</gpxtpx:hr></gpxtpx:TrackPointExtension><power>238</power></extensions>
      </trkpt>
      <trkpt lat="51.4437009" lon="-0.2705182">
        <ele>49.8</ele>
        <time>2026-08-06T11:56:32Z</time>
        <extensions><gpxtpx:TrackPointExtension><gpxtpx:hr>164</gpxtpx:hr></gpxtpx:TrackPointExtension><power>239</power></extensions>
      </trkpt>
      <trkpt lat="51.4437267" lon="-0.2705095">
        <ele>50.0</ele>
        <time>2026-08-06T11:56:33Z</time>
        <extensions><gpxtpx:TrackPointExtension><gpxtpx:hr>164</gpxtpx:hr></gpxtpx:TrackPointExtension><power>241</power></extensions>
      </trkpt>
      <trkpt lat="51.4437525" lon="-0.2705004">
        <ele>50.0</ele>
        <time>2026-08-06T11:56:34Z</time>
        <extensions><gpxtpx:TrackPointExtension><gpxtpx:hr>164</gpxtpx:hr></gpxtpx:TrackPointExtension><power>241</power></extensions>
      </trkpt>
      <trkpt lat="51.4437781" lon="-0.2704918">
        <ele>50.0</ele>
        <time>2026-08-06T11:56:35Z</time>
        <extensions><gpxtpx:TrackPointExtension><gpxtpx:hr>164</gpxtpx:hr></gpxtpx:TrackPointExtension><power>242</power></extensions>
      </trkpt>
      <trkpt lat="51.4438033" lon="-0.2704842">
        <ele>50.2</ele>
        <time>2026-08-06T11:56:36Z</time>
        <extensions><gpxtpx:TrackPointExtension><gpxtpx:hr>164</gpxtpx:hr></gpxtpx:TrackPointExtension><power>243</power></extensions>
      </trkpt>
      <trkpt lat="51.4438277" lon="-0.2704773">
        <ele>50.2</ele>
        <time>2026-08-06T11:56:37Z</time>
        <extensions><gpxtpx:TrackPointExtension><gpxtpx:hr>164</gpxtpx:hr></gpxtpx:TrackPointExtension><power>243</power></extensions>
      </trkpt>
      <trkpt lat="51.4438521" lon="-0.2704712">
        <ele>50.2</ele>
        <time>2026-08-06T11:56:38Z</time>
        <extensions><gpxtpx:TrackPointExtension><gpxtpx:hr>164</gpxtpx:hr></gpxtpx:TrackPointExtension><power>242</power></extensions>
      </trkpt>
      <trkpt lat="51.4438763" lon="-0.2704656">
        <ele>50.2</ele>
        <time>2026-08-06T11:56:39Z</time>
        <extensions><gpxtpx:TrackPointExtension><gpxtpx:hr>164</gpxtpx:hr></gpxtpx:TrackPointExtension><power>242</power></extensions>
      </trkpt>
      <trkpt lat="51.4439005" lon="-0.2704601">
        <ele>50.2</ele>
        <time>2026-08-06T11:56:40Z</time>
        <extensions><gpxtpx:TrackPointExtension><gpxtpx:hr>164</gpxtpx:hr></gpxtpx:TrackPointExtension><power>242</power></extensions>
      </trkpt>
      <trkpt lat="51.4439251" lon="-0.2704547">
        <ele>50.2</ele>
        <time>2026-08-06T11:56:41Z</time>
        <extensions><gpxtpx:TrackPointExtension><gpxtpx:hr>164</gpxtpx:hr></gpxtpx:TrackPointExtension><power>242</power></extensions>
      </trkpt>
      <trkpt lat="51.4439501" lon="-0.2704502">
        <ele>50.2</ele>
        <time>2026-08-06T11:56:42Z</time>
        <extensions><gpxtpx:TrackPointExtension><gpxtpx:hr>164</gpxtpx:hr></gpxtpx:TrackPointExtension><power>242</power></extensions>
      </trkpt>
      <trkpt lat="51.4439749" lon="-0.2704466">
        <ele>50.0</ele>
        <time>2026-08-06T11:56:43Z</time>
        <extensions><gpxtpx:TrackPointExtension><gpxtpx:hr>164</gpxtpx:hr></gpxtpx:TrackPointExtension><power>242</power></extensions>
      </trkpt>
      <trkpt lat="51.4439999" lon="-0.2704441">
        <ele>50.0</ele>
        <time>2026-08-06T11:56:44Z</time>
        <extensions><gpxtpx:TrackPointExtension><gpxtpx:hr>164</gpxtpx:hr></gpxtpx:TrackPointExtension><power>242</power></extensions>
      </trkpt>
      <trkpt lat="51.4440247" lon="-0.2704428">
        <ele>50.0</ele>
        <time>2026-08-06T11:56:45Z</time>
        <extensions><gpxtpx:TrackPointExtension><gpxtpx:hr>164</gpxtpx:hr></gpxtpx:TrackPointExtension><power>242</power></extensions>
      </trkpt>
      <trkpt lat="51.4440489" lon="-0.2704431">
        <ele>50.0</ele>
        <time>2026-08-06T11:56:46Z</time>
        <extensions><gpxtpx:TrackPointExtension><gpxtpx:hr>164</gpxtpx:hr></gpxtpx:TrackPointExtension><power>242</power></extensions>
      </trkpt>
      <trkpt lat="51.4440729" lon="-0.2704446">
        <ele>50.0</ele>
        <time>2026-08-06T11:56:47Z</time>
        <extensions><gpxtpx:TrackPointExtension><gpxtpx:hr>164</gpxtpx:hr></gpxtpx:TrackPointExtension><power>242</power></extensions>
      </trkpt>
      <trkpt lat="51.4440967" lon="-0.2704474">
        <ele>50.0</ele>
        <time>2026-08-06T11:56:48Z</time>
        <extensions><gpxtpx:TrackPointExtension><gpxtpx:hr>164</gpxtpx:hr></gpxtpx:TrackPointExtension><power>242</power></extensions>
      </trkpt>
      <trkpt lat="51.4441201" lon="-0.2704509">
        <ele>50.0</ele>
        <time>2026-08-06T11:56:49Z</time>
        <extensions><gpxtpx:TrackPointExtension><gpxtpx:hr>166</gpxtpx:hr></gpxtpx:TrackPointExtension><power>241</power></extensions>
      </trkpt>
      <trkpt lat="51.4441433" lon="-0.2704550">
        <ele>49.8</ele>
        <time>2026-08-06T11:56:50Z</time>
        <extensions><gpxtpx:TrackPointExtension><gpxtpx:hr>166</gpxtpx:hr></gpxtpx:TrackPointExtension><power>241</power></extensions>
      </trkpt>
      <trkpt lat="51.4441665" lon="-0.2704593">
        <ele>49.8</ele>
        <time>2026-08-06T11:56:51Z</time>
        <extensions><gpxtpx:TrackPointExtension><gpxtpx:hr>166</gpxtpx:hr></gpxtpx:TrackPointExtension><power>241</power></extensions>
      </trkpt>
      <trkpt lat="51.4441895" lon="-0.2704638">
        <ele>50.0</ele>
        <time>2026-08-06T11:56:52Z</time>
        <extensions><gpxtpx:TrackPointExtension><gpxtpx:hr>163</gpxtpx:hr></gpxtpx:TrackPointExtension><power>240</power></extensions>
      </trkpt>
      <trkpt lat="51.4442123" lon="-0.2704682">
        <ele>50.0</ele>
        <time>2026-08-06T11:56:53Z</time>
        <extensions><gpxtpx:TrackPointExtension><gpxtpx:hr>163</gpxtpx:hr></gpxtpx:TrackPointExtension><power>239</power></extensions>
      </trkpt>
      <trkpt lat="51.4442347" lon="-0.2704725">
        <ele>50.0</ele>
        <time>2026-08-06T11:56:54Z</time>
        <extensions><gpxtpx:TrackPointExtension><gpxtpx:hr>163</gpxtpx:hr></gpxtpx:TrackPointExtension><power>239</power></extensions>
      </trkpt>
      <trkpt lat="51.4442567" lon="-0.2704768">
        <ele>50.0</ele>
        <time>2026-08-06T11:56:55Z</time>
        <extensions><gpxtpx:TrackPointExtension><gpxtpx:hr>163</gpxtpx:hr></gpxtpx:TrackPointExtension><power>237</power></extensions>
      </trkpt>
      <trkpt lat="51.4442781" lon="-0.2704811">
        <ele>50.0</ele>
        <time>2026-08-06T11:56:56Z</time>
        <extensions><gpxtpx:TrackPointExtension><gpxtpx:hr>163</gpxtpx:hr></gpxtpx:TrackPointExtension><power>236</power></extensions>
      </trkpt>
      <trkpt lat="51.4442993" lon="-0.2704857">
        <ele>50.0</ele>
        <time>2026-08-06T11:56:57Z</time>
        <extensions><gpxtpx:TrackPointExtension><gpxtpx:hr>163</gpxtpx:hr></gpxtpx:TrackPointExtension><power>236</power></extensions>
      </trkpt>
      <trkpt lat="51.4443205" lon="-0.2704910">
        <ele>50.0</ele>
        <time>2026-08-06T11:56:58Z</time>
        <extensions><gpxtpx:TrackPointExtension><gpxtpx:hr>163</gpxtpx:hr></gpxtpx:TrackPointExtension><power>236</power></extensions>
      </trkpt>
      <trkpt lat="51.4443419" lon="-0.2704976">
        <ele>50.0</ele>
        <time>2026-08-06T11:56:59Z</time>
        <extensions><gpxtpx:TrackPointExtension><gpxtpx:hr>163</gpxtpx:hr></gpxtpx:TrackPointExtension><power>235</power></extensions>
      </trkpt>
      <trkpt lat="51.4443637" lon="-0.2705052">
        <ele>50.0</ele>
        <time>2026-08-06T11:57:00Z</time>
        <extensions><gpxtpx:TrackPointExtension><gpxtpx:hr>163</gpxtpx:hr></gpxtpx:TrackPointExtension><power>237</power></extensions>
      </trkpt>
      <trkpt lat="51.4443859" lon="-0.2705138">
        <ele>50.0</ele>
        <time>2026-08-06T11:57:01Z</time>
        <extensions><gpxtpx:TrackPointExtension><gpxtpx:hr>163</gpxtpx:hr></gpxtpx:TrackPointExtension><power>238</power></extensions>
      </trkpt>
      <trkpt lat="51.4444081" lon="-0.2705232">
        <ele>50.2</ele>
        <time>2026-08-06T11:57:02Z</time>
        <extensions><gpxtpx:TrackPointExtension><gpxtpx:hr>163</gpxtpx:hr></gpxtpx:TrackPointExtension><power>239</power></extensions>
      </trkpt>
      <trkpt lat="51.4444303" lon="-0.2705339">
        <ele>50.2</ele>
        <time>2026-08-06T11:57:03Z</time>
        <extensions><gpxtpx:TrackPointExtension><gpxtpx:hr>163</gpxtpx:hr></gpxtpx:TrackPointExtension><power>241</power></extensions>
      </trkpt>
      <trkpt lat="51.4444519" lon="-0.2705468">
        <ele>50.2</ele>
        <time>2026-08-06T11:57:04Z</time>
        <extensions><gpxtpx:TrackPointExtension><gpxtpx:hr>163</gpxtpx:hr></gpxtpx:TrackPointExtension><power>242</power></extensions>
      </trkpt>
      <trkpt lat="51.4444723" lon="-0.2705635">
        <ele>50.2</ele>
        <time>2026-08-06T11:57:05Z</time>
        <extensions><gpxtpx:TrackPointExtension><gpxtpx:hr>163</gpxtpx:hr></gpxtpx:TrackPointExtension><power>242</power></extensions>
      </trkpt>
      <trkpt lat="51.4444911" lon="-0.2705846">
        <ele>50.2</ele>
        <time>2026-08-06T11:57:06Z</time>
        <extensions><gpxtpx:TrackPointExtension><gpxtpx:hr>164</gpxtpx:hr></gpxtpx:TrackPointExtension><power>243</power></extensions>
      </trkpt>
      <trkpt lat="51.4445079" lon="-0.2706102">
        <ele>50.2</ele>
        <time>2026-08-06T11:57:07Z</time>
        <extensions><gpxtpx:TrackPointExtension><gpxtpx:hr>164</gpxtpx:hr></gpxtpx:TrackPointExtension><power>243</power></extensions>
      </trkpt>
      <trkpt lat="51.4445225" lon="-0.2706399">
        <ele>50.2</ele>
        <time>2026-08-06T11:57:08Z</time>
        <extensions><gpxtpx:TrackPointExtension><gpxtpx:hr>164</gpxtpx:hr></gpxtpx:TrackPointExtension><power>243</power></extensions>
      </trkpt>
      <trkpt lat="51.4445353" lon="-0.2706721">
        <ele>50.2</ele>
        <time>2026-08-06T11:57:09Z</time>
        <extensions><gpxtpx:TrackPointExtension><gpxtpx:hr>164</gpxtpx:hr></gpxtpx:TrackPointExtension><power>243</power></extensions>
      </trkpt>
      <trkpt lat="51.4445465" lon="-0.2707056">
        <ele>50.2</ele>
        <time>2026-08-06T11:57:10Z</time>
        <extensions><gpxtpx:TrackPointExtension><gpxtpx:hr>164</gpxtpx:hr></gpxtpx:TrackPointExtension><power>243</power></extensions>
      </trkpt>
      <trkpt lat="51.4445565" lon="-0.2707396">
        <ele>50.2</ele>
        <time>2026-08-06T11:57:11Z</time>
        <extensions><gpxtpx:TrackPointExtension><gpxtpx:hr>164</gpxtpx:hr></gpxtpx:TrackPointExtension><power>243</power></extensions>
      </trkpt>
      <trkpt lat="51.4445653" lon="-0.2707744">
        <ele>50.2</ele>
        <time>2026-08-06T11:57:12Z</time>
        <extensions><gpxtpx:TrackPointExtension><gpxtpx:hr>164</gpxtpx:hr></gpxtpx:TrackPointExtension><power>242</power></extensions>
      </trkpt>
      <trkpt lat="51.4445723" lon="-0.2708096">
        <ele>50.2</ele>
        <time>2026-08-06T11:57:13Z</time>
        <extensions><gpxtpx:TrackPointExtension><gpxtpx:hr>164</gpxtpx:hr></gpxtpx:TrackPointExtension><power>242</power></extensions>
      </trkpt>
      <trkpt lat="51.4445777" lon="-0.2708459">
        <ele>50.2</ele>
        <time>2026-08-06T11:57:14Z</time>
        <extensions><gpxtpx:TrackPointExtension><gpxtpx:hr>164</gpxtpx:hr></gpxtpx:TrackPointExtension><power>241</power></extensions>
      </trkpt>
      <trkpt lat="51.4445815" lon="-0.2708830">
        <ele>50.2</ele>
        <time>2026-08-06T11:57:15Z</time>
        <extensions><gpxtpx:TrackPointExtension><gpxtpx:hr>163</gpxtpx:hr></gpxtpx:TrackPointExtension><power>241</power></extensions>
      </trkpt>
      <trkpt lat="51.4445841" lon="-0.2709208">
        <ele>50.0</ele>
        <time>2026-08-06T11:57:16Z</time>
        <extensions><gpxtpx:TrackPointExtension><gpxtpx:hr>163</gpxtpx:hr></gpxtpx:TrackPointExtension><power>241</power></extensions>
      </trkpt>
      <trkpt lat="51.4445857" lon="-0.2709586">
        <ele>50.0</ele>
        <time>2026-08-06T11:57:17Z</time>
        <extensions><gpxtpx:TrackPointExtension><gpxtpx:hr>163</gpxtpx:hr></gpxtpx:TrackPointExtension><power>241</power></extensions>
      </trkpt>
      <trkpt lat="51.4445873" lon="-0.2709959">
        <ele>50.0</ele>
        <time>2026-08-06T11:57:18Z</time>
        <extensions><gpxtpx:TrackPointExtension><gpxtpx:hr>163</gpxtpx:hr></gpxtpx:TrackPointExtension><power>241</power></extensions>
      </trkpt>
      <trkpt lat="51.4445889" lon="-0.2710324">
        <ele>49.8</ele>
        <time>2026-08-06T11:57:19Z</time>
        <extensions><gpxtpx:TrackPointExtension><gpxtpx:hr>162</gpxtpx:hr></gpxtpx:TrackPointExtension><power>241</power></extensions>
      </trkpt>
      <trkpt lat="51.4445911" lon="-0.2710682">
        <ele>49.8</ele>
        <time>2026-08-06T11:57:20Z</time>
        <extensions><gpxtpx:TrackPointExtension><gpxtpx:hr>162</gpxtpx:hr></gpxtpx:TrackPointExtension><power>240</power></extensions>
      </trkpt>
      <trkpt lat="51.4445935" lon="-0.2711032">
        <ele>50.0</ele>
        <time>2026-08-06T11:57:21Z</time>
        <extensions><gpxtpx:TrackPointExtension><gpxtpx:hr>162</gpxtpx:hr></gpxtpx:TrackPointExtension><power>239</power></extensions>
      </trkpt>
      <trkpt lat="51.4445963" lon="-0.2711379">
        <ele>50.0</ele>
        <time>2026-08-06T11:57:22Z</time>
        <extensions><gpxtpx:TrackPointExtension><gpxtpx:hr>163</gpxtpx:hr></gpxtpx:TrackPointExtension><power>238</power></extensions>
      </trkpt>
      <trkpt lat="51.4445993" lon="-0.2711732">
        <ele>50.0</ele>
        <time>2026-08-06T11:57:23Z</time>
        <extensions><gpxtpx:TrackPointExtension><gpxtpx:hr>163</gpxtpx:hr></gpxtpx:TrackPointExtension><power>237</power></extensions>
      </trkpt>
      <trkpt lat="51.4446025" lon="-0.2712087">
        <ele>50.0</ele>
        <time>2026-08-06T11:57:24Z</time>
        <extensions><gpxtpx:TrackPointExtension><gpxtpx:hr>163</gpxtpx:hr></gpxtpx:TrackPointExtension><power>236</power></extensions>
      </trkpt>
      <trkpt lat="51.4446055" lon="-0.2712447">
        <ele>50.0</ele>
        <time>2026-08-06T11:57:25Z</time>
        <extensions><gpxtpx:TrackPointExtension><gpxtpx:hr>163</gpxtpx:hr></gpxtpx:TrackPointExtension><power>237</power></extensions>
      </trkpt>
      <trkpt lat="51.4446085" lon="-0.2712815">
        <ele>50.0</ele>
        <time>2026-08-06T11:57:26Z</time>
        <extensions><gpxtpx:TrackPointExtension><gpxtpx:hr>163</gpxtpx:hr></gpxtpx:TrackPointExtension><power>237</power></extensions>
      </trkpt>
      <trkpt lat="51.4446115" lon="-0.2713186">
        <ele>50.0</ele>
        <time>2026-08-06T11:57:27Z</time>
        <extensions><gpxtpx:TrackPointExtension><gpxtpx:hr>163</gpxtpx:hr></gpxtpx:TrackPointExtension><power>237</power></extensions>
      </trkpt>
      <trkpt lat="51.4446145" lon="-0.2713559">
        <ele>50.0</ele>
        <time>2026-08-06T11:57:28Z</time>
        <extensions><gpxtpx:TrackPointExtension><gpxtpx:hr>163</gpxtpx:hr></gpxtpx:TrackPointExtension><power>238</power></extensions>
      </trkpt>
      <trkpt lat="51.4446173" lon="-0.2713934">
        <ele>50.0</ele>
        <time>2026-08-06T11:57:29Z</time>
        <extensions><gpxtpx:TrackPointExtension><gpxtpx:hr>163</gpxtpx:hr></gpxtpx:TrackPointExtension><power>238</power></extensions>
      </trkpt>
      <trkpt lat="51.4446197" lon="-0.2714310">
        <ele>50.0</ele>
        <time>2026-08-06T11:57:30Z</time>
        <extensions><gpxtpx:TrackPointExtension><gpxtpx:hr>163</gpxtpx:hr></gpxtpx:TrackPointExtension><power>239</power></extensions>
      </trkpt>
      <trkpt lat="51.4446219" lon="-0.2714683">
        <ele>50.0</ele>
        <time>2026-08-06T11:57:31Z</time>
        <extensions><gpxtpx:TrackPointExtension><gpxtpx:hr>163</gpxtpx:hr></gpxtpx:TrackPointExtension><power>239</power></extensions>
      </trkpt>
      <trkpt lat="51.4446241" lon="-0.2715056">
        <ele>50.0</ele>
        <time>2026-08-06T11:57:32Z</time>
        <extensions><gpxtpx:TrackPointExtension><gpxtpx:hr>163</gpxtpx:hr></gpxtpx:TrackPointExtension><power>239</power></extensions>
      </trkpt>
      <trkpt lat="51.4446263" lon="-0.2715426">
        <ele>50.0</ele>
        <time>2026-08-06T11:57:33Z</time>
        <extensions><gpxtpx:TrackPointExtension><gpxtpx:hr>163</gpxtpx:hr></gpxtpx:TrackPointExtension><power>239</power></extensions>
      </trkpt>
      <trkpt lat="51.4446287" lon="-0.2715796">
        <ele>50.0</ele>
        <time>2026-08-06T11:57:34Z</time>
        <extensions><gpxtpx:TrackPointExtension><gpxtpx:hr>164</gpxtpx:hr></gpxtpx:TrackPointExtension><power>239</power></extensions>
      </trkpt>
      <trkpt lat="51.4446315" lon="-0.2716172">
        <ele>50.2</ele>
        <time>2026-08-06T11:57:35Z</time>
        <extensions><gpxtpx:TrackPointExtension><gpxtpx:hr>164</gpxtpx:hr></gpxtpx:TrackPointExtension><power>238</power></extensions>
      </trkpt>
      <trkpt lat="51.4446345" lon="-0.2716550">
        <ele>50.2</ele>
        <time>2026-08-06T11:57:36Z</time>
        <extensions><gpxtpx:TrackPointExtension><gpxtpx:hr>164</gpxtpx:hr></gpxtpx:TrackPointExtension><power>238</power></extensions>
      </trkpt>
      <trkpt lat="51.4446375" lon="-0.2716925">
        <ele>50.2</ele>
        <time>2026-08-06T11:57:37Z</time>
        <extensions><gpxtpx:TrackPointExtension><gpxtpx:hr>164</gpxtpx:hr></gpxtpx:TrackPointExtension><power>238</power></extensions>
      </trkpt>
      <trkpt lat="51.4446403" lon="-0.2717298">
        <ele>50.2</ele>
        <time>2026-08-06T11:57:38Z</time>
        <extensions><gpxtpx:TrackPointExtension><gpxtpx:hr>164</gpxtpx:hr></gpxtpx:TrackPointExtension><power>238</power></extensions>
      </trkpt>
      <trkpt lat="51.4446431" lon="-0.2717666">
        <ele>50.2</ele>
        <time>2026-08-06T11:57:39Z</time>
        <extensions><gpxtpx:TrackPointExtension><gpxtpx:hr>165</gpxtpx:hr></gpxtpx:TrackPointExtension><power>238</power></extensions>
      </trkpt>
      <trkpt lat="51.4446457" lon="-0.2718027">
        <ele>50.4</ele>
        <time>2026-08-06T11:57:40Z</time>
        <extensions><gpxtpx:TrackPointExtension><gpxtpx:hr>165</gpxtpx:hr></gpxtpx:TrackPointExtension><power>237</power></extensions>
      </trkpt>
      <trkpt lat="51.4446481" lon="-0.2718382">
        <ele>50.4</ele>
        <time>2026-08-06T11:57:41Z</time>
        <extensions><gpxtpx:TrackPointExtension><gpxtpx:hr>165</gpxtpx:hr></gpxtpx:TrackPointExtension><power>236</power></extensions>
      </trkpt>
      <trkpt lat="51.4446505" lon="-0.2718740">
        <ele>50.4</ele>
        <time>2026-08-06T11:57:42Z</time>
        <extensions><gpxtpx:TrackPointExtension><gpxtpx:hr>165</gpxtpx:hr></gpxtpx:TrackPointExtension><power>236</power></extensions>
      </trkpt>
      <trkpt lat="51.4446531" lon="-0.2719097">
        <ele>50.4</ele>
        <time>2026-08-06T11:57:43Z</time>
        <extensions><gpxtpx:TrackPointExtension><gpxtpx:hr>165</gpxtpx:hr></gpxtpx:TrackPointExtension><power>235</power></extensions>
      </trkpt>
      <trkpt lat="51.4446557" lon="-0.2719455">
        <ele>50.4</ele>
        <time>2026-08-06T11:57:44Z</time>
        <extensions><gpxtpx:TrackPointExtension><gpxtpx:hr>165</gpxtpx:hr></gpxtpx:TrackPointExtension><power>236</power></extensions>
      </trkpt>
      <trkpt lat="51.4446583" lon="-0.2719815">
        <ele>50.4</ele>
        <time>2026-08-06T11:57:45Z</time>
        <extensions><gpxtpx:TrackPointExtension><gpxtpx:hr>165</gpxtpx:hr></gpxtpx:TrackPointExtension><power>236</power></extensions>
      </trkpt>
      <trkpt lat="51.4446609" lon="-0.2720176">
        <ele>50.4</ele>
        <time>2026-08-06T11:57:46Z</time>
        <extensions><gpxtpx:TrackPointExtension><gpxtpx:hr>165</gpxtpx:hr></gpxtpx:TrackPointExtension><power>236</power></extensions>
      </trkpt>
      <trkpt lat="51.4446633" lon="-0.2720531">
        <ele>50.4</ele>
        <time>2026-08-06T11:57:47Z</time>
        <extensions><gpxtpx:TrackPointExtension><gpxtpx:hr>165</gpxtpx:hr></gpxtpx:TrackPointExtension><power>236</power></extensions>
      </trkpt>
      <trkpt lat="51.4446653" lon="-0.2720883">
        <ele>50.4</ele>
        <time>2026-08-06T11:57:48Z</time>
        <extensions><gpxtpx:TrackPointExtension><gpxtpx:hr>165</gpxtpx:hr></gpxtpx:TrackPointExtension><power>236</power></extensions>
      </trkpt>
      <trkpt lat="51.4446669" lon="-0.2721234">
        <ele>50.4</ele>
        <time>2026-08-06T11:57:49Z</time>
        <extensions><gpxtpx:TrackPointExtension><gpxtpx:hr>165</gpxtpx:hr></gpxtpx:TrackPointExtension><power>235</power></extensions>
      </trkpt>
      <trkpt lat="51.4446683" lon="-0.2721579">
        <ele>50.2</ele>
        <time>2026-08-06T11:57:50Z</time>
        <extensions><gpxtpx:TrackPointExtension><gpxtpx:hr>165</gpxtpx:hr></gpxtpx:TrackPointExtension><power>235</power></extensions>
      </trkpt>
      <trkpt lat="51.4446695" lon="-0.2721919">
        <ele>50.2</ele>
        <time>2026-08-06T11:57:51Z</time>
        <extensions><gpxtpx:TrackPointExtension><gpxtpx:hr>165</gpxtpx:hr></gpxtpx:TrackPointExtension><power>234</power></extensions>
      </trkpt>
      <trkpt lat="51.4446705" lon="-0.2722256">
        <ele>50.2</ele>
        <time>2026-08-06T11:57:52Z</time>
        <extensions><gpxtpx:TrackPointExtension><gpxtpx:hr>165</gpxtpx:hr></gpxtpx:TrackPointExtension><power>233</power></extensions>
      </trkpt>
      <trkpt lat="51.4446719" lon="-0.2722593">
        <ele>50.4</ele>
        <time>2026-08-06T11:57:53Z</time>
        <extensions><gpxtpx:TrackPointExtension><gpxtpx:hr>165</gpxtpx:hr></gpxtpx:TrackPointExtension><power>232</power></extensions>
      </trkpt>
      <trkpt lat="51.4446735" lon="-0.2722931">
        <ele>50.4</ele>
        <time>2026-08-06T11:57:54Z</time>
        <extensions><gpxtpx:TrackPointExtension><gpxtpx:hr>165</gpxtpx:hr></gpxtpx:TrackPointExtension><power>231</power></extensions>
      </trkpt>
      <trkpt lat="51.4446755" lon="-0.2723266">
        <ele>50.4</ele>
        <time>2026-08-06T11:57:55Z</time>
        <extensions><gpxtpx:TrackPointExtension><gpxtpx:hr>165</gpxtpx:hr></gpxtpx:TrackPointExtension><power>230</power></extensions>
      </trkpt>
      <trkpt lat="51.4446777" lon="-0.2723603">
        <ele>50.4</ele>
        <time>2026-08-06T11:57:56Z</time>
        <extensions><gpxtpx:TrackPointExtension><gpxtpx:hr>165</gpxtpx:hr></gpxtpx:TrackPointExtension><power>229</power></extensions>
      </trkpt>
      <trkpt lat="51.4446799" lon="-0.2723943">
        <ele>50.4</ele>
        <time>2026-08-06T11:57:57Z</time>
        <extensions><gpxtpx:TrackPointExtension><gpxtpx:hr>165</gpxtpx:hr></gpxtpx:TrackPointExtension><power>229</power></extensions>
      </trkpt>
      <trkpt lat="51.4446819" lon="-0.2724286">
        <ele>50.4</ele>
        <time>2026-08-06T11:57:58Z</time>
        <extensions><gpxtpx:TrackPointExtension><gpxtpx:hr>165</gpxtpx:hr></gpxtpx:TrackPointExtension><power>228</power></extensions>
      </trkpt>
      <trkpt lat="51.4446839" lon="-0.2724631">
        <ele>50.4</ele>
        <time>2026-08-06T11:57:59Z</time>
        <extensions><gpxtpx:TrackPointExtension><gpxtpx:hr>165</gpxtpx:hr></gpxtpx:TrackPointExtension><power>228</power></extensions>
      </trkpt>
      <trkpt lat="51.4446857" lon="-0.2724981">
        <ele>50.4</ele>
        <time>2026-08-06T11:58:00Z</time>
        <extensions><gpxtpx:TrackPointExtension><gpxtpx:hr>165</gpxtpx:hr></gpxtpx:TrackPointExtension><power>228</power></extensions>
      </trkpt>
      <trkpt lat="51.4446877" lon="-0.2725336">
        <ele>50.4</ele>
        <time>2026-08-06T11:58:01Z</time>
        <extensions><gpxtpx:TrackPointExtension><gpxtpx:hr>165</gpxtpx:hr></gpxtpx:TrackPointExtension><power>229</power></extensions>
      </trkpt>
      <trkpt lat="51.4446903" lon="-0.2725694">
        <ele>50.4</ele>
        <time>2026-08-06T11:58:02Z</time>
        <extensions><gpxtpx:TrackPointExtension><gpxtpx:hr>165</gpxtpx:hr></gpxtpx:TrackPointExtension><power>229</power></extensions>
      </trkpt>
      <trkpt lat="51.4446931" lon="-0.2726054">
        <ele>50.4</ele>
        <time>2026-08-06T11:58:03Z</time>
        <extensions><gpxtpx:TrackPointExtension><gpxtpx:hr>165</gpxtpx:hr></gpxtpx:TrackPointExtension><power>230</power></extensions>
      </trkpt>
      <trkpt lat="51.4446961" lon="-0.2726417">
        <ele>50.4</ele>
        <time>2026-08-06T11:58:04Z</time>
        <extensions><gpxtpx:TrackPointExtension><gpxtpx:hr>165</gpxtpx:hr></gpxtpx:TrackPointExtension><power>230</power></extensions>
      </trkpt>
      <trkpt lat="51.4446993" lon="-0.2726782">
        <ele>50.4</ele>
        <time>2026-08-06T11:58:05Z</time>
        <extensions><gpxtpx:TrackPointExtension><gpxtpx:hr>165</gpxtpx:hr></gpxtpx:TrackPointExtension><power>231</power></extensions>
      </trkpt>
      <trkpt lat="51.4447025" lon="-0.2727150">
        <ele>50.4</ele>
        <time>2026-08-06T11:58:06Z</time>
        <extensions><gpxtpx:TrackPointExtension><gpxtpx:hr>165</gpxtpx:hr></gpxtpx:TrackPointExtension><power>231</power></extensions>
      </trkpt>
      <trkpt lat="51.4447053" lon="-0.2727521">
        <ele>50.4</ele>
        <time>2026-08-06T11:58:07Z</time>
        <extensions><gpxtpx:TrackPointExtension><gpxtpx:hr>165</gpxtpx:hr></gpxtpx:TrackPointExtension><power>232</power></extensions>
      </trkpt>
      <trkpt lat="51.4447079" lon="-0.2727891">
        <ele>50.4</ele>
        <time>2026-08-06T11:58:08Z</time>
        <extensions><gpxtpx:TrackPointExtension><gpxtpx:hr>165</gpxtpx:hr></gpxtpx:TrackPointExtension><power>232</power></extensions>
      </trkpt>
      <trkpt lat="51.4447103" lon="-0.2728256">
        <ele>50.4</ele>
        <time>2026-08-06T11:58:09Z</time>
        <extensions><gpxtpx:TrackPointExtension><gpxtpx:hr>165</gpxtpx:hr></gpxtpx:TrackPointExtension><power>232</power></extensions>
      </trkpt>
      <trkpt lat="51.4447125" lon="-0.2728617">
        <ele>50.4</ele>
        <time>2026-08-06T11:58:10Z</time>
        <extensions><gpxtpx:TrackPointExtension><gpxtpx:hr>165</gpxtpx:hr></gpxtpx:TrackPointExtension><power>232</power></extensions>
      </trkpt>
      <trkpt lat="51.4447145" lon="-0.2728969">
        <ele>50.4</ele>
        <time>2026-08-06T11:58:11Z</time>
        <extensions><gpxtpx:TrackPointExtension><gpxtpx:hr>165</gpxtpx:hr></gpxtpx:TrackPointExtension><power>232</power></extensions>
      </trkpt>
      <trkpt lat="51.4447169" lon="-0.2729317">
        <ele>50.4</ele>
        <time>2026-08-06T11:58:12Z</time>
        <extensions><gpxtpx:TrackPointExtension><gpxtpx:hr>165</gpxtpx:hr></gpxtpx:TrackPointExtension><power>231</power></extensions>
      </trkpt>
      <trkpt lat="51.4447195" lon="-0.2729659">
        <ele>50.4</ele>
        <time>2026-08-06T11:58:13Z</time>
        <extensions><gpxtpx:TrackPointExtension><gpxtpx:hr>165</gpxtpx:hr></gpxtpx:TrackPointExtension><power>231</power></extensions>
      </trkpt>
      <trkpt lat="51.4447225" lon="-0.2730002">
        <ele>50.4</ele>
        <time>2026-08-06T11:58:14Z</time>
        <extensions><gpxtpx:TrackPointExtension><gpxtpx:hr>165</gpxtpx:hr></gpxtpx:TrackPointExtension><power>230</power></extensions>
      </trkpt>
      <trkpt lat="51.4447259" lon="-0.2730344">
        <ele>50.4</ele>
        <time>2026-08-06T11:58:15Z</time>
        <extensions><gpxtpx:TrackPointExtension><gpxtpx:hr>165</gpxtpx:hr></gpxtpx:TrackPointExtension><power>230</power></extensions>
      </trkpt>
      <trkpt lat="51.4447295" lon="-0.2730687">
        <ele>50.4</ele>
        <time>2026-08-06T11:58:16Z</time>
        <extensions><gpxtpx:TrackPointExtension><gpxtpx:hr>166</gpxtpx:hr></gpxtpx:TrackPointExtension><power>229</power></extensions>
      </trkpt>
      <trkpt lat="51.4447329" lon="-0.2731029">
        <ele>50.4</ele>
        <time>2026-08-06T11:58:17Z</time>
        <extensions><gpxtpx:TrackPointExtension><gpxtpx:hr>166</gpxtpx:hr></gpxtpx:TrackPointExtension><power>229</power></extensions>
      </trkpt>
      <trkpt lat="51.4447363" lon="-0.2731372">
        <ele>50.4</ele>
        <time>2026-08-06T11:58:18Z</time>
        <extensions><gpxtpx:TrackPointExtension><gpxtpx:hr>166</gpxtpx:hr></gpxtpx:TrackPointExtension><power>229</power></extensions>
      </trkpt>
      <trkpt lat="51.4447395" lon="-0.2731714">
        <ele>50.4</ele>
        <time>2026-08-06T11:58:19Z</time>
        <extensions><gpxtpx:TrackPointExtension><gpxtpx:hr>166</gpxtpx:hr></gpxtpx:TrackPointExtension><power>228</power></extensions>
      </trkpt>
      <trkpt lat="51.4447423" lon="-0.2732057">
        <ele>50.4</ele>
        <time>2026-08-06T11:58:20Z</time>
        <extensions><gpxtpx:TrackPointExtension><gpxtpx:hr>164</gpxtpx:hr></gpxtpx:TrackPointExtension><power>228</power></extensions>
      </trkpt>
      <trkpt lat="51.4447449" lon="-0.2732399">
        <ele>50.4</ele>
        <time>2026-08-06T11:58:21Z</time>
        <extensions><gpxtpx:TrackPointExtension><gpxtpx:hr>164</gpxtpx:hr></gpxtpx:TrackPointExtension><power>227</power></extensions>
      </trkpt>
      <trkpt lat="51.4447473" lon="-0.2732739">
        <ele>50.4</ele>
        <time>2026-08-06T11:58:22Z</time>
        <extensions><gpxtpx:TrackPointExtension><gpxtpx:hr>164</gpxtpx:hr></gpxtpx:TrackPointExtension><power>227</power></extensions>
      </trkpt>
      <trkpt lat="51.4447491" lon="-0.2733077">
        <ele>50.4</ele>
        <time>2026-08-06T11:58:23Z</time>
        <extensions><gpxtpx:TrackPointExtension><gpxtpx:hr>164</gpxtpx:hr></gpxtpx:TrackPointExtension><power>226</power></extensions>
      </trkpt>
      <trkpt lat="51.4447501" lon="-0.2733412">
        <ele>50.4</ele>
        <time>2026-08-06T11:58:24Z</time>
        <extensions><gpxtpx:TrackPointExtension><gpxtpx:hr>164</gpxtpx:hr></gpxtpx:TrackPointExtension><power>226</power></extensions>
      </trkpt>
      <trkpt lat="51.4447497" lon="-0.2733737">
        <ele>50.4</ele>
        <time>2026-08-06T11:58:25Z</time>
        <extensions><gpxtpx:TrackPointExtension><gpxtpx:hr>164</gpxtpx:hr></gpxtpx:TrackPointExtension><power>226</power></extensions>
      </trkpt>
      <trkpt lat="51.4447469" lon="-0.2734041">
        <ele>50.6</ele>
        <time>2026-08-06T11:58:26Z</time>
        <extensions><gpxtpx:TrackPointExtension><gpxtpx:hr>164</gpxtpx:hr></gpxtpx:TrackPointExtension><power>226</power></extensions>
      </trkpt>
      <trkpt lat="51.4447403" lon="-0.2734310">
        <ele>50.6</ele>
        <time>2026-08-06T11:58:27Z</time>
        <extensions><gpxtpx:TrackPointExtension><gpxtpx:hr>164</gpxtpx:hr></gpxtpx:TrackPointExtension><power>224</power></extensions>
      </trkpt>
      <trkpt lat="51.4447293" lon="-0.2734526">
        <ele>50.6</ele>
        <time>2026-08-06T11:58:28Z</time>
        <extensions><gpxtpx:TrackPointExtension><gpxtpx:hr>164</gpxtpx:hr></gpxtpx:TrackPointExtension><power>222</power></extensions>
      </trkpt>
      <trkpt lat="51.4447135" lon="-0.2734675">
        <ele>50.6</ele>
        <time>2026-08-06T11:58:29Z</time>
        <extensions><gpxtpx:TrackPointExtension><gpxtpx:hr>164</gpxtpx:hr></gpxtpx:TrackPointExtension><power>221</power></extensions>
      </trkpt>
      <trkpt lat="51.4446935" lon="-0.2734764">
        <ele>50.6</ele>
        <time>2026-08-06T11:58:30Z</time>
        <extensions><gpxtpx:TrackPointExtension><gpxtpx:hr>164</gpxtpx:hr></gpxtpx:TrackPointExtension><power>220</power></extensions>
      </trkpt>
      <trkpt lat="51.4446705" lon="-0.2734807">
        <ele>50.6</ele>
        <time>2026-08-06T11:58:31Z</time>
        <extensions><gpxtpx:TrackPointExtension><gpxtpx:hr>164</gpxtpx:hr></gpxtpx:TrackPointExtension><power>220</power></extensions>
      </trkpt>
      <trkpt lat="51.4446457" lon="-0.2734827">
        <ele>50.6</ele>
        <time>2026-08-06T11:58:32Z</time>
        <extensions><gpxtpx:TrackPointExtension><gpxtpx:hr>164</gpxtpx:hr></gpxtpx:TrackPointExtension><power>221</power></extensions>
      </trkpt>
      <trkpt lat="51.4446205" lon="-0.2734843">
        <ele>50.6</ele>
        <time>2026-08-06T11:58:33Z</time>
        <extensions><gpxtpx:TrackPointExtension><gpxtpx:hr>164</gpxtpx:hr></gpxtpx:TrackPointExtension><power>223</power></extensions>
      </trkpt>
      <trkpt lat="51.4445951" lon="-0.2734866">
        <ele>50.6</ele>
        <time>2026-08-06T11:58:34Z</time>
        <extensions><gpxtpx:TrackPointExtension><gpxtpx:hr>164</gpxtpx:hr></gpxtpx:TrackPointExtension><power>225</power></extensions>
      </trkpt>
      <trkpt lat="51.4445697" lon="-0.2734899">
        <ele>50.6</ele>
        <time>2026-08-06T11:58:35Z</time>
        <extensions><gpxtpx:TrackPointExtension><gpxtpx:hr>164</gpxtpx:hr></gpxtpx:TrackPointExtension><power>226</power></extensions>
      </trkpt>
      <trkpt lat="51.4445441" lon="-0.2734939">
        <ele>50.6</ele>
        <time>2026-08-06T11:58:36Z</time>
        <extensions><gpxtpx:TrackPointExtension><gpxtpx:hr>163</gpxtpx:hr></gpxtpx:TrackPointExtension><power>227</power></extensions>
      </trkpt>
      <trkpt lat="51.4445189" lon="-0.2734980">
        <ele>50.6</ele>
        <time>2026-08-06T11:58:37Z</time>
        <extensions><gpxtpx:TrackPointExtension><gpxtpx:hr>163</gpxtpx:hr></gpxtpx:TrackPointExtension><power>228</power></extensions>
      </trkpt>
      <trkpt lat="51.4444933" lon="-0.2735023">
        <ele>50.6</ele>
        <time>2026-08-06T11:58:38Z</time>
        <extensions><gpxtpx:TrackPointExtension><gpxtpx:hr>163</gpxtpx:hr></gpxtpx:TrackPointExtension><power>229</power></extensions>
      </trkpt>
      <trkpt lat="51.4444677" lon="-0.2735063">
        <ele>50.6</ele>
        <time>2026-08-06T11:58:39Z</time>
        <extensions><gpxtpx:TrackPointExtension><gpxtpx:hr>163</gpxtpx:hr></gpxtpx:TrackPointExtension><power>231</power></extensions>
      </trkpt>
      <trkpt lat="51.4444423" lon="-0.2735101">
        <ele>50.6</ele>
        <time>2026-08-06T11:58:40Z</time>
        <extensions><gpxtpx:TrackPointExtension><gpxtpx:hr>163</gpxtpx:hr></gpxtpx:TrackPointExtension><power>231</power></extensions>
      </trkpt>
      <trkpt lat="51.4444169" lon="-0.2735132">
        <ele>50.8</ele>
        <time>2026-08-06T11:58:41Z</time>
        <extensions><gpxtpx:TrackPointExtension><gpxtpx:hr>163</gpxtpx:hr></gpxtpx:TrackPointExtension><power>232</power></extensions>
      </trkpt>
      <trkpt lat="51.4443911" lon="-0.2735157">
        <ele>50.8</ele>
        <time>2026-08-06T11:58:42Z</time>
        <extensions><gpxtpx:TrackPointExtension><gpxtpx:hr>163</gpxtpx:hr></gpxtpx:TrackPointExtension><power>233</power></extensions>
      </trkpt>
      <trkpt lat="51.4443655" lon="-0.2735175">
        <ele>50.8</ele>
        <time>2026-08-06T11:58:43Z</time>
        <extensions><gpxtpx:TrackPointExtension><gpxtpx:hr>163</gpxtpx:hr></gpxtpx:TrackPointExtension><power>234</power></extensions>
      </trkpt>
      <trkpt lat="51.4443401" lon="-0.2735190">
        <ele>50.8</ele>
        <time>2026-08-06T11:58:44Z</time>
        <extensions><gpxtpx:TrackPointExtension><gpxtpx:hr>163</gpxtpx:hr></gpxtpx:TrackPointExtension><power>235</power></extensions>
      </trkpt>
      <trkpt lat="51.4443147" lon="-0.2735206">
        <ele>50.8</ele>
        <time>2026-08-06T11:58:45Z</time>
        <extensions><gpxtpx:TrackPointExtension><gpxtpx:hr>164</gpxtpx:hr></gpxtpx:TrackPointExtension><power>236</power></extensions>
      </trkpt>
      <trkpt lat="51.4442895" lon="-0.2735223">
        <ele>50.8</ele>
        <time>2026-08-06T11:58:46Z</time>
        <extensions><gpxtpx:TrackPointExtension><gpxtpx:hr>164</gpxtpx:hr></gpxtpx:TrackPointExtension><power>236</power></extensions>
      </trkpt>
      <trkpt lat="51.4442647" lon="-0.2735246">
        <ele>50.8</ele>
        <time>2026-08-06T11:58:47Z</time>
        <extensions><gpxtpx:TrackPointExtension><gpxtpx:hr>164</gpxtpx:hr></gpxtpx:TrackPointExtension><power>237</power></extensions>
      </trkpt>
      <trkpt lat="51.4442401" lon="-0.2735274">
        <ele>50.8</ele>
        <time>2026-08-06T11:58:48Z</time>
        <extensions><gpxtpx:TrackPointExtension><gpxtpx:hr>164</gpxtpx:hr></gpxtpx:TrackPointExtension><power>238</power></extensions>
      </trkpt>
      <trkpt lat="51.4442159" lon="-0.2735307">
        <ele>50.8</ele>
        <time>2026-08-06T11:58:49Z</time>
        <extensions><gpxtpx:TrackPointExtension><gpxtpx:hr>164</gpxtpx:hr></gpxtpx:TrackPointExtension><power>238</power></extensions>
      </trkpt>
      <trkpt lat="51.4441921" lon="-0.2735343">
        <ele>50.8</ele>
        <time>2026-08-06T11:58:50Z</time>
        <extensions><gpxtpx:TrackPointExtension><gpxtpx:hr>164</gpxtpx:hr></gpxtpx:TrackPointExtension><power>238</power></extensions>
      </trkpt>
      <trkpt lat="51.4441687" lon="-0.2735378">
        <ele>50.8</ele>
        <time>2026-08-06T11:58:51Z</time>
        <extensions><gpxtpx:TrackPointExtension><gpxtpx:hr>164</gpxtpx:hr></gpxtpx:TrackPointExtension><power>237</power></extensions>
      </trkpt>
      <trkpt lat="51.4441457" lon="-0.2735414">
        <ele>50.8</ele>
        <time>2026-08-06T11:58:52Z</time>
        <extensions><gpxtpx:TrackPointExtension><gpxtpx:hr>164</gpxtpx:hr></gpxtpx:TrackPointExtension><power>237</power></extensions>
      </trkpt>
      <trkpt lat="51.4441231" lon="-0.2735447">
        <ele>50.8</ele>
        <time>2026-08-06T11:58:53Z</time>
        <extensions><gpxtpx:TrackPointExtension><gpxtpx:hr>164</gpxtpx:hr></gpxtpx:TrackPointExtension><power>236</power></extensions>
      </trkpt>
      <trkpt lat="51.4441003" lon="-0.2735480">
        <ele>50.8</ele>
        <time>2026-08-06T11:58:54Z</time>
        <extensions><gpxtpx:TrackPointExtension><gpxtpx:hr>164</gpxtpx:hr></gpxtpx:TrackPointExtension><power>235</power></extensions>
      </trkpt>
      <trkpt lat="51.4440773" lon="-0.2735510">
        <ele>50.8</ele>
        <time>2026-08-06T11:58:55Z</time>
        <extensions><gpxtpx:TrackPointExtension><gpxtpx:hr>164</gpxtpx:hr></gpxtpx:TrackPointExtension><power>235</power></extensions>
      </trkpt>
      <trkpt lat="51.4440541" lon="-0.2735543">
        <ele>50.8</ele>
        <time>2026-08-06T11:58:56Z</time>
        <extensions><gpxtpx:TrackPointExtension><gpxtpx:hr>164</gpxtpx:hr></gpxtpx:TrackPointExtension><power>235</power></extensions>
      </trkpt>
      <trkpt lat="51.4440307" lon="-0.2735576">
        <ele>50.8</ele>
        <time>2026-08-06T11:58:57Z</time>
        <extensions><gpxtpx:TrackPointExtension><gpxtpx:hr>164</gpxtpx:hr></gpxtpx:TrackPointExtension><power>235</power></extensions>
      </trkpt>
      <trkpt lat="51.4440071" lon="-0.2735609">
        <ele>50.8</ele>
        <time>2026-08-06T11:58:58Z</time>
        <extensions><gpxtpx:TrackPointExtension><gpxtpx:hr>164</gpxtpx:hr></gpxtpx:TrackPointExtension><power>235</power></extensions>
      </trkpt>
      <trkpt lat="51.4439835" lon="-0.2735642">
        <ele>50.8</ele>
        <time>2026-08-06T11:58:59Z</time>
        <extensions><gpxtpx:TrackPointExtension><gpxtpx:hr>164</gpxtpx:hr></gpxtpx:TrackPointExtension><power>235</power></extensions>
      </trkpt>
      <trkpt lat="51.4439599" lon="-0.2735680">
        <ele>50.8</ele>
        <time>2026-08-06T11:59:00Z</time>
        <extensions><gpxtpx:TrackPointExtension><gpxtpx:hr>164</gpxtpx:hr></gpxtpx:TrackPointExtension><power>236</power></extensions>
      </trkpt>
      <trkpt lat="51.4439363" lon="-0.2735723">
        <ele>50.8</ele>
        <time>2026-08-06T11:59:01Z</time>
        <extensions><gpxtpx:TrackPointExtension><gpxtpx:hr>164</gpxtpx:hr></gpxtpx:TrackPointExtension><power>237</power></extensions>
      </trkpt>
      <trkpt lat="51.4439125" lon="-0.2735771">
        <ele>50.8</ele>
        <time>2026-08-06T11:59:02Z</time>
        <extensions><gpxtpx:TrackPointExtension><gpxtpx:hr>164</gpxtpx:hr></gpxtpx:TrackPointExtension><power>238</power></extensions>
      </trkpt>
      <trkpt lat="51.4438885" lon="-0.2735825">
        <ele>50.8</ele>
        <time>2026-08-06T11:59:03Z</time>
        <extensions><gpxtpx:TrackPointExtension><gpxtpx:hr>164</gpxtpx:hr></gpxtpx:TrackPointExtension><power>239</power></extensions>
      </trkpt>
      <trkpt lat="51.4438645" lon="-0.2735878">
        <ele>50.8</ele>
        <time>2026-08-06T11:59:04Z</time>
        <extensions><gpxtpx:TrackPointExtension><gpxtpx:hr>164</gpxtpx:hr></gpxtpx:TrackPointExtension><power>240</power></extensions>
      </trkpt>
      <trkpt lat="51.4438405" lon="-0.2735929">
        <ele>50.8</ele>
        <time>2026-08-06T11:59:05Z</time>
        <extensions><gpxtpx:TrackPointExtension><gpxtpx:hr>164</gpxtpx:hr></gpxtpx:TrackPointExtension><power>240</power></extensions>
      </trkpt>
      <trkpt lat="51.4438165" lon="-0.2735974">
        <ele>50.6</ele>
        <time>2026-08-06T11:59:06Z</time>
        <extensions><gpxtpx:TrackPointExtension><gpxtpx:hr>164</gpxtpx:hr></gpxtpx:TrackPointExtension><power>241</power></extensions>
      </trkpt>
      <trkpt lat="51.4437927" lon="-0.2736015">
        <ele>50.6</ele>
        <time>2026-08-06T11:59:07Z</time>
        <extensions><gpxtpx:TrackPointExtension><gpxtpx:hr>164</gpxtpx:hr></gpxtpx:TrackPointExtension><power>241</power></extensions>
      </trkpt>
      <trkpt lat="51.4437691" lon="-0.2736058">
        <ele>50.6</ele>
        <time>2026-08-06T11:59:08Z</time>
        <extensions><gpxtpx:TrackPointExtension><gpxtpx:hr>165</gpxtpx:hr></gpxtpx:TrackPointExtension><power>241</power></extensions>
      </trkpt>
      <trkpt lat="51.4437461" lon="-0.2736109">
        <ele>50.6</ele>
        <time>2026-08-06T11:59:09Z</time>
        <extensions><gpxtpx:TrackPointExtension><gpxtpx:hr>165</gpxtpx:hr></gpxtpx:TrackPointExtension><power>242</power></extensions>
      </trkpt>
      <trkpt lat="51.4437237" lon="-0.2736165">
        <ele>50.6</ele>
        <time>2026-08-06T11:59:10Z</time>
        <extensions><gpxtpx:TrackPointExtension><gpxtpx:hr>165</gpxtpx:hr></gpxtpx:TrackPointExtension><power>242</power></extensions>
      </trkpt>
      <trkpt lat="51.4437017" lon="-0.2736223">
        <ele>50.6</ele>
        <time>2026-08-06T11:59:11Z</time>
        <extensions><gpxtpx:TrackPointExtension><gpxtpx:hr>165</gpxtpx:hr></gpxtpx:TrackPointExtension><power>241</power></extensions>
      </trkpt>
      <trkpt lat="51.4436801" lon="-0.2736281">
        <ele>50.6</ele>
        <time>2026-08-06T11:59:12Z</time>
        <extensions><gpxtpx:TrackPointExtension><gpxtpx:hr>165</gpxtpx:hr></gpxtpx:TrackPointExtension><power>241</power></extensions>
      </trkpt>
      <trkpt lat="51.4436591" lon="-0.2736335">
        <ele>50.4</ele>
        <time>2026-08-06T11:59:13Z</time>
        <extensions><gpxtpx:TrackPointExtension><gpxtpx:hr>165</gpxtpx:hr></gpxtpx:TrackPointExtension><power>241</power></extensions>
      </trkpt>
      <trkpt lat="51.4436381" lon="-0.2736380">
        <ele>50.4</ele>
        <time>2026-08-06T11:59:14Z</time>
        <extensions><gpxtpx:TrackPointExtension><gpxtpx:hr>165</gpxtpx:hr></gpxtpx:TrackPointExtension><power>241</power></extensions>
      </trkpt>
      <trkpt lat="51.4436171" lon="-0.2736418">
        <ele>50.4</ele>
        <time>2026-08-06T11:59:15Z</time>
        <extensions><gpxtpx:TrackPointExtension><gpxtpx:hr>166</gpxtpx:hr></gpxtpx:TrackPointExtension><power>240</power></extensions>
      </trkpt>
      <trkpt lat="51.4435963" lon="-0.2736451">
        <ele>50.4</ele>
        <time>2026-08-06T11:59:16Z</time>
        <extensions><gpxtpx:TrackPointExtension><gpxtpx:hr>166</gpxtpx:hr></gpxtpx:TrackPointExtension><power>239</power></extensions>
      </trkpt>
      <trkpt lat="51.4435755" lon="-0.2736482">
        <ele>50.4</ele>
        <time>2026-08-06T11:59:17Z</time>
        <extensions><gpxtpx:TrackPointExtension><gpxtpx:hr>166</gpxtpx:hr></gpxtpx:TrackPointExtension><power>238</power></extensions>
      </trkpt>
      <trkpt lat="51.4435541" lon="-0.2736507">
        <ele>50.2</ele>
        <time>2026-08-06T11:59:18Z</time>
        <extensions><gpxtpx:TrackPointExtension><gpxtpx:hr>166</gpxtpx:hr></gpxtpx:TrackPointExtension><power>238</power></extensions>
      </trkpt>
      <trkpt lat="51.4435325" lon="-0.2736535">
        <ele>50.2</ele>
        <time>2026-08-06T11:59:19Z</time>
        <extensions><gpxtpx:TrackPointExtension><gpxtpx:hr>166</gpxtpx:hr></gpxtpx:TrackPointExtension><power>237</power></extensions>
      </trkpt>
      <trkpt lat="51.4435105" lon="-0.2736565">
        <ele>50.2</ele>
        <time>2026-08-06T11:59:20Z</time>
        <extensions><gpxtpx:TrackPointExtension><gpxtpx:hr>166</gpxtpx:hr></gpxtpx:TrackPointExtension><power>236</power></extensions>
      </trkpt>
      <trkpt lat="51.4434881" lon="-0.2736601">
        <ele>50.2</ele>
        <time>2026-08-06T11:59:21Z</time>
        <extensions><gpxtpx:TrackPointExtension><gpxtpx:hr>166</gpxtpx:hr></gpxtpx:TrackPointExtension><power>236</power></extensions>
      </trkpt>
      <trkpt lat="51.4434651" lon="-0.2736639">
        <ele>50.0</ele>
        <time>2026-08-06T11:59:22Z</time>
        <extensions><gpxtpx:TrackPointExtension><gpxtpx:hr>166</gpxtpx:hr></gpxtpx:TrackPointExtension><power>236</power></extensions>
      </trkpt>
      <trkpt lat="51.4434421" lon="-0.2736685">
        <ele>50.0</ele>
        <time>2026-08-06T11:59:23Z</time>
        <extensions><gpxtpx:TrackPointExtension><gpxtpx:hr>166</gpxtpx:hr></gpxtpx:TrackPointExtension><power>236</power></extensions>
      </trkpt>
      <trkpt lat="51.4434187" lon="-0.2736733">
        <ele>49.8</ele>
        <time>2026-08-06T11:59:24Z</time>
        <extensions><gpxtpx:TrackPointExtension><gpxtpx:hr>166</gpxtpx:hr></gpxtpx:TrackPointExtension><power>236</power></extensions>
      </trkpt>
      <trkpt lat="51.4433951" lon="-0.2736789">
        <ele>49.8</ele>
        <time>2026-08-06T11:59:25Z</time>
        <extensions><gpxtpx:TrackPointExtension><gpxtpx:hr>166</gpxtpx:hr></gpxtpx:TrackPointExtension><power>236</power></extensions>
      </trkpt>
      <trkpt lat="51.4433713" lon="-0.2736850">
        <ele>49.8</ele>
        <time>2026-08-06T11:59:26Z</time>
        <extensions><gpxtpx:TrackPointExtension><gpxtpx:hr>166</gpxtpx:hr></gpxtpx:TrackPointExtension><power>236</power></extensions>
      </trkpt>
      <trkpt lat="51.4433473" lon="-0.2736913">
        <ele>49.8</ele>
        <time>2026-08-06T11:59:27Z</time>
        <extensions><gpxtpx:TrackPointExtension><gpxtpx:hr>166</gpxtpx:hr></gpxtpx:TrackPointExtension><power>237</power></extensions>
      </trkpt>
      <trkpt lat="51.4433229" lon="-0.2736976">
        <ele>49.8</ele>
        <time>2026-08-06T11:59:28Z</time>
        <extensions><gpxtpx:TrackPointExtension><gpxtpx:hr>166</gpxtpx:hr></gpxtpx:TrackPointExtension><power>237</power></extensions>
      </trkpt>
      <trkpt lat="51.4432985" lon="-0.2737035">
        <ele>50.0</ele>
        <time>2026-08-06T11:59:29Z</time>
        <extensions><gpxtpx:TrackPointExtension><gpxtpx:hr>166</gpxtpx:hr></gpxtpx:TrackPointExtension><power>238</power></extensions>
      </trkpt>
      <trkpt lat="51.4432743" lon="-0.2737091">
        <ele>50.0</ele>
        <time>2026-08-06T11:59:30Z</time>
        <extensions><gpxtpx:TrackPointExtension><gpxtpx:hr>166</gpxtpx:hr></gpxtpx:TrackPointExtension><power>239</power></extensions>
      </trkpt>
      <trkpt lat="51.4432501" lon="-0.2737141">
        <ele>50.2</ele>
        <time>2026-08-06T11:59:31Z</time>
        <extensions><gpxtpx:TrackPointExtension><gpxtpx:hr>166</gpxtpx:hr></gpxtpx:TrackPointExtension><power>239</power></extensions>
      </trkpt>
      <trkpt lat="51.4432261" lon="-0.2737189">
        <ele>50.2</ele>
        <time>2026-08-06T11:59:32Z</time>
        <extensions><gpxtpx:TrackPointExtension><gpxtpx:hr>166</gpxtpx:hr></gpxtpx:TrackPointExtension><power>239</power></extensions>
      </trkpt>
      <trkpt lat="51.4432027" lon="-0.2737238">
        <ele>50.4</ele>
        <time>2026-08-06T11:59:33Z</time>
        <extensions><gpxtpx:TrackPointExtension><gpxtpx:hr>166</gpxtpx:hr></gpxtpx:TrackPointExtension><power>240</power></extensions>
      </trkpt>
      <trkpt lat="51.4431795" lon="-0.2737283">
        <ele>50.4</ele>
        <time>2026-08-06T11:59:34Z</time>
        <extensions><gpxtpx:TrackPointExtension><gpxtpx:hr>167</gpxtpx:hr></gpxtpx:TrackPointExtension><power>240</power></extensions>
      </trkpt>
      <trkpt lat="51.4431563" lon="-0.2737321">
        <ele>50.4</ele>
        <time>2026-08-06T11:59:35Z</time>
        <extensions><gpxtpx:TrackPointExtension><gpxtpx:hr>167</gpxtpx:hr></gpxtpx:TrackPointExtension><power>240</power></extensions>
      </trkpt>
      <trkpt lat="51.4431333" lon="-0.2737354">
        <ele>50.4</ele>
        <time>2026-08-06T11:59:36Z</time>
        <extensions><gpxtpx:TrackPointExtension><gpxtpx:hr>167</gpxtpx:hr></gpxtpx:TrackPointExtension><power>239</power></extensions>
      </trkpt>
      <trkpt lat="51.4431105" lon="-0.2737382">
        <ele>50.6</ele>
        <time>2026-08-06T11:59:37Z</time>
        <extensions><gpxtpx:TrackPointExtension><gpxtpx:hr>167</gpxtpx:hr></gpxtpx:TrackPointExtension><power>239</power></extensions>
      </trkpt>
      <trkpt lat="51.4430877" lon="-0.2737408">
        <ele>50.6</ele>
        <time>2026-08-06T11:59:38Z</time>
        <extensions><gpxtpx:TrackPointExtension><gpxtpx:hr>167</gpxtpx:hr></gpxtpx:TrackPointExtension><power>239</power></extensions>
      </trkpt>
      <trkpt lat="51.4430649" lon="-0.2737436">
        <ele>50.8</ele>
        <time>2026-08-06T11:59:39Z</time>
        <extensions><gpxtpx:TrackPointExtension><gpxtpx:hr>167</gpxtpx:hr></gpxtpx:TrackPointExtension><power>239</power></extensions>
      </trkpt>
      <trkpt lat="51.4430423" lon="-0.2737466">
        <ele>50.8</ele>
        <time>2026-08-06T11:59:40Z</time>
        <extensions><gpxtpx:TrackPointExtension><gpxtpx:hr>167</gpxtpx:hr></gpxtpx:TrackPointExtension><power>240</power></extensions>
      </trkpt>
      <trkpt lat="51.4430199" lon="-0.2737499">
        <ele>50.8</ele>
        <time>2026-08-06T11:59:41Z</time>
        <extensions><gpxtpx:TrackPointExtension><gpxtpx:hr>165</gpxtpx:hr></gpxtpx:TrackPointExtension><power>240</power></extensions>
      </trkpt>
      <trkpt lat="51.4429977" lon="-0.2737542">
        <ele>51.0</ele>
        <time>2026-08-06T11:59:42Z</time>
        <extensions><gpxtpx:TrackPointExtension><gpxtpx:hr>165</gpxtpx:hr></gpxtpx:TrackPointExtension><power>241</power></extensions>
      </trkpt>
      <trkpt lat="51.4429759" lon="-0.2737595">
        <ele>51.0</ele>
        <time>2026-08-06T11:59:43Z</time>
        <extensions><gpxtpx:TrackPointExtension><gpxtpx:hr>165</gpxtpx:hr></gpxtpx:TrackPointExtension><power>242</power></extensions>
      </trkpt>
      <trkpt lat="51.4429555" lon="-0.2737666">
        <ele>50.8</ele>
        <time>2026-08-06T11:59:44Z</time>
        <extensions><gpxtpx:TrackPointExtension><gpxtpx:hr>164</gpxtpx:hr></gpxtpx:TrackPointExtension><power>241</power></extensions>
      </trkpt>
      <trkpt lat="51.4429371" lon="-0.2737770">
        <ele>50.8</ele>
        <time>2026-08-06T11:59:45Z</time>
        <extensions><gpxtpx:TrackPointExtension><gpxtpx:hr>164</gpxtpx:hr></gpxtpx:TrackPointExtension><power>240</power></extensions>
      </trkpt>
      <trkpt lat="51.4429219" lon="-0.2737928">
        <ele>50.8</ele>
        <time>2026-08-06T11:59:46Z</time>
        <extensions><gpxtpx:TrackPointExtension><gpxtpx:hr>164</gpxtpx:hr></gpxtpx:TrackPointExtension><power>240</power></extensions>
      </trkpt>
      <trkpt lat="51.4429115" lon="-0.2738148">
        <ele>50.8</ele>
        <time>2026-08-06T11:59:47Z</time>
        <extensions><gpxtpx:TrackPointExtension><gpxtpx:hr>164</gpxtpx:hr></gpxtpx:TrackPointExtension><power>238</power></extensions>
      </trkpt>
      <trkpt lat="51.4429063" lon="-0.2738430">
        <ele>50.6</ele>
        <time>2026-08-06T11:59:48Z</time>
        <extensions><gpxtpx:TrackPointExtension><gpxtpx:hr>164</gpxtpx:hr></gpxtpx:TrackPointExtension><power>236</power></extensions>
      </trkpt>
      <trkpt lat="51.4429057" lon="-0.2738762">
        <ele>50.8</ele>
        <time>2026-08-06T11:59:49Z</time>
        <extensions><gpxtpx:TrackPointExtension><gpxtpx:hr>164</gpxtpx:hr></gpxtpx:TrackPointExtension><power>235</power></extensions>
      </trkpt>
      <trkpt lat="51.4429093" lon="-0.2739130">
        <ele>50.8</ele>
        <time>2026-08-06T11:59:50Z</time>
        <extensions><gpxtpx:TrackPointExtension><gpxtpx:hr>164</gpxtpx:hr></gpxtpx:TrackPointExtension><power>234</power></extensions>
      </trkpt>
      <trkpt lat="51.4429157" lon="-0.2739508">
        <ele>50.8</ele>
        <time>2026-08-06T11:59:51Z</time>
        <extensions><gpxtpx:TrackPointExtension><gpxtpx:hr>164</gpxtpx:hr></gpxtpx:TrackPointExtension><power>233</power></extensions>
      </trkpt>
      <trkpt lat="51.4429229" lon="-0.2739881">
        <ele>50.8</ele>
        <time>2026-08-06T11:59:52Z</time>
        <extensions><gpxtpx:TrackPointExtension><gpxtpx:hr>164</gpxtpx:hr></gpxtpx:TrackPointExtension><power>233</power></extensions>
      </trkpt>
      <trkpt lat="51.4429299" lon="-0.2740249">
        <ele>51.0</ele>
        <time>2026-08-06T11:59:53Z</time>
        <extensions><gpxtpx:TrackPointExtension><gpxtpx:hr>164</gpxtpx:hr></gpxtpx:TrackPointExtension><power>234</power></extensions>
      </trkpt>
      <trkpt lat="51.4429365" lon="-0.2740614">
        <ele>51.0</ele>
        <time>2026-08-06T11:59:54Z</time>
        <extensions><gpxtpx:TrackPointExtension><gpxtpx:hr>164</gpxtpx:hr></gpxtpx:TrackPointExtension><power>234</power></extensions>
      </trkpt>
      <trkpt lat="51.4429421" lon="-0.2740980">
        <ele>51.0</ele>
        <time>2026-08-06T11:59:55Z</time>
        <extensions><gpxtpx:TrackPointExtension><gpxtpx:hr>164</gpxtpx:hr></gpxtpx:TrackPointExtension><power>234</power></extensions>
      </trkpt>
      <trkpt lat="51.4429469" lon="-0.2741350">
        <ele>51.0</ele>
        <time>2026-08-06T11:59:56Z</time>
        <extensions><gpxtpx:TrackPointExtension><gpxtpx:hr>164</gpxtpx:hr></gpxtpx:TrackPointExtension><power>234</power></extensions>
      </trkpt>
      <trkpt lat="51.4429513" lon="-0.2741726">
        <ele>51.0</ele>
        <time>2026-08-06T11:59:57Z</time>
        <extensions><gpxtpx:TrackPointExtension><gpxtpx:hr>164</gpxtpx:hr></gpxtpx:TrackPointExtension><power>234</power></extensions>
      </trkpt>
      <trkpt lat="51.4429555" lon="-0.2742106">
        <ele>51.2</ele>
        <time>2026-08-06T11:59:58Z</time>
        <extensions><gpxtpx:TrackPointExtension><gpxtpx:hr>164</gpxtpx:hr></gpxtpx:TrackPointExtension><power>235</power></extensions>
      </trkpt>
      <trkpt lat="51.4429597" lon="-0.2742489">
        <ele>51.2</ele>
        <time>2026-08-06T11:59:59Z</time>
        <extensions><gpxtpx:TrackPointExtension><gpxtpx:hr>164</gpxtpx:hr></gpxtpx:TrackPointExtension><power>236</power></extensions>
      </trkpt>
      <trkpt lat="51.4429639" lon="-0.2742872">
        <ele>51.2</ele>
        <time>2026-08-06T12:00:00Z</time>
        <extensions><gpxtpx:TrackPointExtension><gpxtpx:hr>165</gpxtpx:hr></gpxtpx:TrackPointExtension><power>236</power></extensions>
      </trkpt>
      <trkpt lat="51.4429683" lon="-0.2743256">
        <ele>51.2</ele>
        <time>2026-08-06T12:00:01Z</time>
        <extensions><gpxtpx:TrackPointExtension><gpxtpx:hr>165</gpxtpx:hr></gpxtpx:TrackPointExtension><power>237</power></extensions>
      </trkpt>
      <trkpt lat="51.4429727" lon="-0.2743639">
        <ele>51.2</ele>
        <time>2026-08-06T12:00:02Z</time>
        <extensions><gpxtpx:TrackPointExtension><gpxtpx:hr>165</gpxtpx:hr></gpxtpx:TrackPointExtension><power>237</power></extensions>
      </trkpt>
      <trkpt lat="51.4429769" lon="-0.2744019">
        <ele>51.2</ele>
        <time>2026-08-06T12:00:03Z</time>
        <extensions><gpxtpx:TrackPointExtension><gpxtpx:hr>165</gpxtpx:hr></gpxtpx:TrackPointExtension><power>237</power></extensions>
      </trkpt>
      <trkpt lat="51.4429807" lon="-0.2744402">
        <ele>51.2</ele>
        <time>2026-08-06T12:00:04Z</time>
        <extensions><gpxtpx:TrackPointExtension><gpxtpx:hr>165</gpxtpx:hr></gpxtpx:TrackPointExtension><power>237</power></extensions>
      </trkpt>
      <trkpt lat="51.4429845" lon="-0.2744788">
        <ele>51.4</ele>
        <time>2026-08-06T12:00:05Z</time>
        <extensions><gpxtpx:TrackPointExtension><gpxtpx:hr>165</gpxtpx:hr></gpxtpx:TrackPointExtension><power>237</power></extensions>
      </trkpt>
      <trkpt lat="51.4429879" lon="-0.2745174">
        <ele>51.4</ele>
        <time>2026-08-06T12:00:06Z</time>
        <extensions><gpxtpx:TrackPointExtension><gpxtpx:hr>165</gpxtpx:hr></gpxtpx:TrackPointExtension><power>238</power></extensions>
      </trkpt>
      <trkpt lat="51.4429913" lon="-0.2745562">
        <ele>51.6</ele>
        <time>2026-08-06T12:00:07Z</time>
        <extensions><gpxtpx:TrackPointExtension><gpxtpx:hr>165</gpxtpx:hr></gpxtpx:TrackPointExtension><power>238</power></extensions>
      </trkpt>
      <trkpt lat="51.4429949" lon="-0.2745950">
        <ele>51.6</ele>
        <time>2026-08-06T12:00:08Z</time>
        <extensions><gpxtpx:TrackPointExtension><gpxtpx:hr>165</gpxtpx:hr></gpxtpx:TrackPointExtension><power>239</power></extensions>
      </trkpt>
      <trkpt lat="51.4429985" lon="-0.2746335">
        <ele>51.8</ele>
        <time>2026-08-06T12:00:09Z</time>
        <extensions><gpxtpx:TrackPointExtension><gpxtpx:hr>165</gpxtpx:hr></gpxtpx:TrackPointExtension><power>240</power></extensions>
      </trkpt>
      <trkpt lat="51.4430019" lon="-0.2746719">
        <ele>51.8</ele>
        <time>2026-08-06T12:00:10Z</time>
        <extensions><gpxtpx:TrackPointExtension><gpxtpx:hr>165</gpxtpx:hr></gpxtpx:TrackPointExtension><power>240</power></extensions>
      </trkpt>
      <trkpt lat="51.4430053" lon="-0.2747099">
        <ele>51.8</ele>
        <time>2026-08-06T12:00:11Z</time>
        <extensions><gpxtpx:TrackPointExtension><gpxtpx:hr>165</gpxtpx:hr></gpxtpx:TrackPointExtension><power>240</power></extensions>
      </trkpt>
      <trkpt lat="51.4430085" lon="-0.2747477">
        <ele>52.0</ele>
        <time>2026-08-06T12:00:12Z</time>
        <extensions><gpxtpx:TrackPointExtension><gpxtpx:hr>165</gpxtpx:hr></gpxtpx:TrackPointExtension><power>240</power></extensions>
      </trkpt>
      <trkpt lat="51.4430115" lon="-0.2747853">
        <ele>52.0</ele>
        <time>2026-08-06T12:00:13Z</time>
        <extensions><gpxtpx:TrackPointExtension><gpxtpx:hr>165</gpxtpx:hr></gpxtpx:TrackPointExtension><power>240</power></extensions>
      </trkpt>
      <trkpt lat="51.4430143" lon="-0.2748226">
        <ele>52.0</ele>
        <time>2026-08-06T12:00:14Z</time>
        <extensions><gpxtpx:TrackPointExtension><gpxtpx:hr>165</gpxtpx:hr></gpxtpx:TrackPointExtension><power>240</power></extensions>
      </trkpt>
      <trkpt lat="51.4430169" lon="-0.2748596">
        <ele>52.0</ele>
        <time>2026-08-06T12:00:15Z</time>
        <extensions><gpxtpx:TrackPointExtension><gpxtpx:hr>165</gpxtpx:hr></gpxtpx:TrackPointExtension><power>240</power></extensions>
      </trkpt>
      <trkpt lat="51.4430193" lon="-0.2748966">
        <ele>51.8</ele>
        <time>2026-08-06T12:00:16Z</time>
        <extensions><gpxtpx:TrackPointExtension><gpxtpx:hr>166</gpxtpx:hr></gpxtpx:TrackPointExtension><power>240</power></extensions>
      </trkpt>
      <trkpt lat="51.4430215" lon="-0.2749332">
        <ele>51.8</ele>
        <time>2026-08-06T12:00:17Z</time>
        <extensions><gpxtpx:TrackPointExtension><gpxtpx:hr>166</gpxtpx:hr></gpxtpx:TrackPointExtension><power>240</power></extensions>
      </trkpt>
      <trkpt lat="51.4430237" lon="-0.2749695">
        <ele>51.8</ele>
        <time>2026-08-06T12:00:18Z</time>
        <extensions><gpxtpx:TrackPointExtension><gpxtpx:hr>166</gpxtpx:hr></gpxtpx:TrackPointExtension><power>240</power></extensions>
      </trkpt>
      <trkpt lat="51.4430261" lon="-0.2750052">
        <ele>51.6</ele>
        <time>2026-08-06T12:00:19Z</time>
        <extensions><gpxtpx:TrackPointExtension><gpxtpx:hr>166</gpxtpx:hr></gpxtpx:TrackPointExtension><power>240</power></extensions>
      </trkpt>
      <trkpt lat="51.4430287" lon="-0.2750410">
        <ele>51.6</ele>
        <time>2026-08-06T12:00:20Z</time>
        <extensions><gpxtpx:TrackPointExtension><gpxtpx:hr>166</gpxtpx:hr></gpxtpx:TrackPointExtension><power>240</power></extensions>
      </trkpt>
      <trkpt lat="51.4430315" lon="-0.2750768">
        <ele>51.4</ele>
        <time>2026-08-06T12:00:21Z</time>
        <extensions><gpxtpx:TrackPointExtension><gpxtpx:hr>167</gpxtpx:hr></gpxtpx:TrackPointExtension><power>240</power></extensions>
      </trkpt>
      <trkpt lat="51.4430345" lon="-0.2751125">
        <ele>51.4</ele>
        <time>2026-08-06T12:00:22Z</time>
        <extensions><gpxtpx:TrackPointExtension><gpxtpx:hr>167</gpxtpx:hr></gpxtpx:TrackPointExtension><power>239</power></extensions>
      </trkpt>
      <trkpt lat="51.4430373" lon="-0.2751486">
        <ele>51.2</ele>
        <time>2026-08-06T12:00:23Z</time>
        <extensions><gpxtpx:TrackPointExtension><gpxtpx:hr>167</gpxtpx:hr></gpxtpx:TrackPointExtension><power>239</power></extensions>
      </trkpt>
      <trkpt lat="51.4430401" lon="-0.2751851">
        <ele>51.2</ele>
        <time>2026-08-06T12:00:24Z</time>
        <extensions><gpxtpx:TrackPointExtension><gpxtpx:hr>167</gpxtpx:hr></gpxtpx:TrackPointExtension><power>238</power></extensions>
      </trkpt>
      <trkpt lat="51.4430427" lon="-0.2752214">
        <ele>51.2</ele>
        <time>2026-08-06T12:00:25Z</time>
        <extensions><gpxtpx:TrackPointExtension><gpxtpx:hr>167</gpxtpx:hr></gpxtpx:TrackPointExtension><power>238</power></extensions>
      </trkpt>
      <trkpt lat="51.4430451" lon="-0.2752574">
        <ele>51.2</ele>
        <time>2026-08-06T12:00:26Z</time>
        <extensions><gpxtpx:TrackPointExtension><gpxtpx:hr>166</gpxtpx:hr></gpxtpx:TrackPointExtension><power>237</power></extensions>
      </trkpt>
      <trkpt lat="51.4430473" lon="-0.2752937">
        <ele>51.2</ele>
        <time>2026-08-06T12:00:27Z</time>
        <extensions><gpxtpx:TrackPointExtension><gpxtpx:hr>166</gpxtpx:hr></gpxtpx:TrackPointExtension><power>236</power></extensions>
      </trkpt>
      <trkpt lat="51.4430493" lon="-0.2753297">
        <ele>51.2</ele>
        <time>2026-08-06T12:00:28Z</time>
        <extensions><gpxtpx:TrackPointExtension><gpxtpx:hr>166</gpxtpx:hr></gpxtpx:TrackPointExtension><power>236</power></extensions>
      </trkpt>
      <trkpt lat="51.4430513" lon="-0.2753655">
        <ele>51.2</ele>
        <time>2026-08-06T12:00:29Z</time>
        <extensions><gpxtpx:TrackPointExtension><gpxtpx:hr>166</gpxtpx:hr></gpxtpx:TrackPointExtension><power>236</power></extensions>
      </trkpt>
      <trkpt lat="51.4430537" lon="-0.2754010">
        <ele>51.2</ele>
        <time>2026-08-06T12:00:30Z</time>
        <extensions><gpxtpx:TrackPointExtension><gpxtpx:hr>166</gpxtpx:hr></gpxtpx:TrackPointExtension><power>236</power></extensions>
      </trkpt>
      <trkpt lat="51.4430567" lon="-0.2754363">
        <ele>51.0</ele>
        <time>2026-08-06T12:00:31Z</time>
        <extensions><gpxtpx:TrackPointExtension><gpxtpx:hr>166</gpxtpx:hr></gpxtpx:TrackPointExtension><power>236</power></extensions>
      </trkpt>
      <trkpt lat="51.4430607" lon="-0.2754713">
        <ele>51.0</ele>
        <time>2026-08-06T12:00:32Z</time>
        <extensions><gpxtpx:TrackPointExtension><gpxtpx:hr>166</gpxtpx:hr></gpxtpx:TrackPointExtension><power>235</power></extensions>
      </trkpt>
      <trkpt lat="51.4430655" lon="-0.2755063">
        <ele>51.0</ele>
        <time>2026-08-06T12:00:33Z</time>
        <extensions><gpxtpx:TrackPointExtension><gpxtpx:hr>166</gpxtpx:hr></gpxtpx:TrackPointExtension><power>235</power></extensions>
      </trkpt>
      <trkpt lat="51.4430703" lon="-0.2755416">
        <ele>51.0</ele>
        <time>2026-08-06T12:00:34Z</time>
        <extensions><gpxtpx:TrackPointExtension><gpxtpx:hr>166</gpxtpx:hr></gpxtpx:TrackPointExtension><power>235</power></extensions>
      </trkpt>
      <trkpt lat="51.4430747" lon="-0.2755771">
        <ele>51.0</ele>
        <time>2026-08-06T12:00:35Z</time>
        <extensions><gpxtpx:TrackPointExtension><gpxtpx:hr>166</gpxtpx:hr></gpxtpx:TrackPointExtension><power>235</power></extensions>
      </trkpt>
      <trkpt lat="51.4430785" lon="-0.2756126">
        <ele>51.0</ele>
        <time>2026-08-06T12:00:36Z</time>
        <extensions><gpxtpx:TrackPointExtension><gpxtpx:hr>166</gpxtpx:hr></gpxtpx:TrackPointExtension><power>235</power></extensions>
      </trkpt>
      <trkpt lat="51.4430813" lon="-0.2756481">
        <ele>51.0</ele>
        <time>2026-08-06T12:00:37Z</time>
        <extensions><gpxtpx:TrackPointExtension><gpxtpx:hr>166</gpxtpx:hr></gpxtpx:TrackPointExtension><power>235</power></extensions>
      </trkpt>
      <trkpt lat="51.4430833" lon="-0.2756839">
        <ele>51.0</ele>
        <time>2026-08-06T12:00:38Z</time>
        <extensions><gpxtpx:TrackPointExtension><gpxtpx:hr>166</gpxtpx:hr></gpxtpx:TrackPointExtension><power>235</power></extensions>
      </trkpt>
      <trkpt lat="51.4430847" lon="-0.2757199">
        <ele>51.0</ele>
        <time>2026-08-06T12:00:39Z</time>
        <extensions><gpxtpx:TrackPointExtension><gpxtpx:hr>166</gpxtpx:hr></gpxtpx:TrackPointExtension><power>235</power></extensions>
      </trkpt>
      <trkpt lat="51.4430855" lon="-0.2757567">
        <ele>51.0</ele>
        <time>2026-08-06T12:00:40Z</time>
        <extensions><gpxtpx:TrackPointExtension><gpxtpx:hr>166</gpxtpx:hr></gpxtpx:TrackPointExtension><power>236</power></extensions>
      </trkpt>
      <trkpt lat="51.4430861" lon="-0.2757942">
        <ele>51.0</ele>
        <time>2026-08-06T12:00:41Z</time>
        <extensions><gpxtpx:TrackPointExtension><gpxtpx:hr>166</gpxtpx:hr></gpxtpx:TrackPointExtension><power>236</power></extensions>
      </trkpt>
      <trkpt lat="51.4430865" lon="-0.2758328">
        <ele>51.0</ele>
        <time>2026-08-06T12:00:42Z</time>
        <extensions><gpxtpx:TrackPointExtension><gpxtpx:hr>166</gpxtpx:hr></gpxtpx:TrackPointExtension><power>236</power></extensions>
      </trkpt>
      <trkpt lat="51.4430869" lon="-0.2758719">
        <ele>51.0</ele>
        <time>2026-08-06T12:00:43Z</time>
        <extensions><gpxtpx:TrackPointExtension><gpxtpx:hr>167</gpxtpx:hr></gpxtpx:TrackPointExtension><power>236</power></extensions>
      </trkpt>
      <trkpt lat="51.4430873" lon="-0.2759112">
        <ele>51.0</ele>
        <time>2026-08-06T12:00:44Z</time>
        <extensions><gpxtpx:TrackPointExtension><gpxtpx:hr>167</gpxtpx:hr></gpxtpx:TrackPointExtension><power>236</power></extensions>
      </trkpt>
      <trkpt lat="51.4430875" lon="-0.2759503">
        <ele>51.0</ele>
        <time>2026-08-06T12:00:45Z</time>
        <extensions><gpxtpx:TrackPointExtension><gpxtpx:hr>167</gpxtpx:hr></gpxtpx:TrackPointExtension><power>237</power></extensions>
      </trkpt>
      <trkpt lat="51.4430865" lon="-0.2759893">
        <ele>51.0</ele>
        <time>2026-08-06T12:00:46Z</time>
        <extensions><gpxtpx:TrackPointExtension><gpxtpx:hr>167</gpxtpx:hr></gpxtpx:TrackPointExtension><power>237</power></extensions>
      </trkpt>
      <trkpt lat="51.4430829" lon="-0.2760274">
        <ele>51.0</ele>
        <time>2026-08-06T12:00:47Z</time>
        <extensions><gpxtpx:TrackPointExtension><gpxtpx:hr>167</gpxtpx:hr></gpxtpx:TrackPointExtension><power>238</power></extensions>
      </trkpt>
      <trkpt lat="51.4430757" lon="-0.2760634">
        <ele>51.0</ele>
        <time>2026-08-06T12:00:48Z</time>
        <extensions><gpxtpx:TrackPointExtension><gpxtpx:hr>167</gpxtpx:hr></gpxtpx:TrackPointExtension><power>239</power></extensions>
      </trkpt>
      <trkpt lat="51.4430637" lon="-0.2760959">
        <ele>51.0</ele>
        <time>2026-08-06T12:00:49Z</time>
        <extensions><gpxtpx:TrackPointExtension><gpxtpx:hr>167</gpxtpx:hr></gpxtpx:TrackPointExtension><power>241</power></extensions>
      </trkpt>
      <trkpt lat="51.4430467" lon="-0.2761230">
        <ele>51.0</ele>
        <time>2026-08-06T12:00:50Z</time>
        <extensions><gpxtpx:TrackPointExtension><gpxtpx:hr>167</gpxtpx:hr></gpxtpx:TrackPointExtension><power>242</power></extensions>
      </trkpt>
      <trkpt lat="51.4430251" lon="-0.2761433">
        <ele>51.0</ele>
        <time>2026-08-06T12:00:51Z</time>
        <extensions><gpxtpx:TrackPointExtension><gpxtpx:hr>167</gpxtpx:hr></gpxtpx:TrackPointExtension><power>243</power></extensions>
      </trkpt>
      <trkpt lat="51.4430005" lon="-0.2761565">
        <ele>51.0</ele>
        <time>2026-08-06T12:00:52Z</time>
        <extensions><gpxtpx:TrackPointExtension><gpxtpx:hr>166</gpxtpx:hr></gpxtpx:TrackPointExtension><power>244</power></extensions>
      </trkpt>
      <trkpt lat="51.4429739" lon="-0.2761641">
        <ele>51.0</ele>
        <time>2026-08-06T12:00:53Z</time>
        <extensions><gpxtpx:TrackPointExtension><gpxtpx:hr>166</gpxtpx:hr></gpxtpx:TrackPointExtension><power>245</power></extensions>
      </trkpt>
      <trkpt lat="51.4429471" lon="-0.2761679">
        <ele>51.0</ele>
        <time>2026-08-06T12:00:54Z</time>
        <extensions><gpxtpx:TrackPointExtension><gpxtpx:hr>166</gpxtpx:hr></gpxtpx:TrackPointExtension><power>246</power></extensions>
      </trkpt>
      <trkpt lat="51.4429207" lon="-0.2761707">
        <ele>50.8</ele>
        <time>2026-08-06T12:00:55Z</time>
        <extensions><gpxtpx:TrackPointExtension><gpxtpx:hr>166</gpxtpx:hr></gpxtpx:TrackPointExtension><power>247</power></extensions>
      </trkpt>
      <trkpt lat="51.4428951" lon="-0.2761743">
        <ele>50.8</ele>
        <time>2026-08-06T12:00:56Z</time>
        <extensions><gpxtpx:TrackPointExtension><gpxtpx:hr>166</gpxtpx:hr></gpxtpx:TrackPointExtension><power>247</power></extensions>
      </trkpt>
      <trkpt lat="51.4428701" lon="-0.2761794">
        <ele>50.8</ele>
        <time>2026-08-06T12:00:57Z</time>
        <extensions><gpxtpx:TrackPointExtension><gpxtpx:hr>166</gpxtpx:hr></gpxtpx:TrackPointExtension><power>247</power></extensions>
      </trkpt>
      <trkpt lat="51.4428459" lon="-0.2761854">
        <ele>50.8</ele>
        <time>2026-08-06T12:00:58Z</time>
        <extensions><gpxtpx:TrackPointExtension><gpxtpx:hr>167</gpxtpx:hr></gpxtpx:TrackPointExtension><power>247</power></extensions>
      </trkpt>
      <trkpt lat="51.4428217" lon="-0.2761920">
        <ele>50.8</ele>
        <time>2026-08-06T12:00:59Z</time>
        <extensions><gpxtpx:TrackPointExtension><gpxtpx:hr>167</gpxtpx:hr></gpxtpx:TrackPointExtension><power>247</power></extensions>
      </trkpt>
      <trkpt lat="51.4427975" lon="-0.2761976">
        <ele>51.0</ele>
        <time>2026-08-06T12:01:00Z</time>
        <extensions><gpxtpx:TrackPointExtension><gpxtpx:hr>167</gpxtpx:hr></gpxtpx:TrackPointExtension><power>246</power></extensions>
      </trkpt>
      <trkpt lat="51.4427733" lon="-0.2762017">
        <ele>51.2</ele>
        <time>2026-08-06T12:01:01Z</time>
        <extensions><gpxtpx:TrackPointExtension><gpxtpx:hr>167</gpxtpx:hr></gpxtpx:TrackPointExtension><power>246</power></extensions>
      </trkpt>
      <trkpt lat="51.4427491" lon="-0.2762042">
        <ele>51.4</ele>
        <time>2026-08-06T12:01:02Z</time>
        <extensions><gpxtpx:TrackPointExtension><gpxtpx:hr>167</gpxtpx:hr></gpxtpx:TrackPointExtension><power>246</power></extensions>
      </trkpt>
      <trkpt lat="51.4427247" lon="-0.2762057">
        <ele>51.4</ele>
        <time>2026-08-06T12:01:03Z</time>
        <extensions><gpxtpx:TrackPointExtension><gpxtpx:hr>168</gpxtpx:hr></gpxtpx:TrackPointExtension><power>245</power></extensions>
      </trkpt>
      <trkpt lat="51.4427005" lon="-0.2762062">
        <ele>51.6</ele>
        <time>2026-08-06T12:01:04Z</time>
        <extensions><gpxtpx:TrackPointExtension><gpxtpx:hr>168</gpxtpx:hr></gpxtpx:TrackPointExtension><power>245</power></extensions>
      </trkpt>
      <trkpt lat="51.4426767" lon="-0.2762070">
        <ele>51.6</ele>
        <time>2026-08-06T12:01:05Z</time>
        <extensions><gpxtpx:TrackPointExtension><gpxtpx:hr>168</gpxtpx:hr></gpxtpx:TrackPointExtension><power>245</power></extensions>
      </trkpt>
      <trkpt lat="51.4426531" lon="-0.2762085">
        <ele>51.6</ele>
        <time>2026-08-06T12:01:06Z</time>
        <extensions><gpxtpx:TrackPointExtension><gpxtpx:hr>168</gpxtpx:hr></gpxtpx:TrackPointExtension><power>244</power></extensions>
      </trkpt>
      <trkpt lat="51.4426295" lon="-0.2762113">
        <ele>51.8</ele>
        <time>2026-08-06T12:01:07Z</time>
        <extensions><gpxtpx:TrackPointExtension><gpxtpx:hr>168</gpxtpx:hr></gpxtpx:TrackPointExtension><power>244</power></extensions>
      </trkpt>
      <trkpt lat="51.4426063" lon="-0.2762151">
        <ele>51.8</ele>
        <time>2026-08-06T12:01:08Z</time>
        <extensions><gpxtpx:TrackPointExtension><gpxtpx:hr>168</gpxtpx:hr></gpxtpx:TrackPointExtension><power>244</power></extensions>
      </trkpt>
      <trkpt lat="51.4425833" lon="-0.2762202">
        <ele>51.8</ele>
        <time>2026-08-06T12:01:09Z</time>
        <extensions><gpxtpx:TrackPointExtension><gpxtpx:hr>168</gpxtpx:hr></gpxtpx:TrackPointExtension><power>244</power></extensions>
      </trkpt>
      <trkpt lat="51.4425605" lon="-0.2762255">
        <ele>51.8</ele>
        <time>2026-08-06T12:01:10Z</time>
        <extensions><gpxtpx:TrackPointExtension><gpxtpx:hr>168</gpxtpx:hr></gpxtpx:TrackPointExtension><power>244</power></extensions>
      </trkpt>
      <trkpt lat="51.4425377" lon="-0.2762308">
        <ele>51.6</ele>
        <time>2026-08-06T12:01:11Z</time>
        <extensions><gpxtpx:TrackPointExtension><gpxtpx:hr>168</gpxtpx:hr></gpxtpx:TrackPointExtension><power>243</power></extensions>
      </trkpt>
      <trkpt lat="51.4425151" lon="-0.2762357">
        <ele>51.6</ele>
        <time>2026-08-06T12:01:12Z</time>
        <extensions><gpxtpx:TrackPointExtension><gpxtpx:hr>168</gpxtpx:hr></gpxtpx:TrackPointExtension><power>242</power></extensions>
      </trkpt>
      <trkpt lat="51.4424923" lon="-0.2762400">
        <ele>51.4</ele>
        <time>2026-08-06T12:01:13Z</time>
        <extensions><gpxtpx:TrackPointExtension><gpxtpx:hr>168</gpxtpx:hr></gpxtpx:TrackPointExtension><power>241</power></extensions>
      </trkpt>
      <trkpt lat="51.4424697" lon="-0.2762435">
        <ele>51.2</ele>
        <time>2026-08-06T12:01:14Z</time>
        <extensions><gpxtpx:TrackPointExtension><gpxtpx:hr>168</gpxtpx:hr></gpxtpx:TrackPointExtension><power>240</power></extensions>
      </trkpt>
      <trkpt lat="51.4424469" lon="-0.2762468">
        <ele>51.0</ele>
        <time>2026-08-06T12:01:15Z</time>
        <extensions><gpxtpx:TrackPointExtension><gpxtpx:hr>168</gpxtpx:hr></gpxtpx:TrackPointExtension><power>239</power></extensions>
      </trkpt>
      <trkpt lat="51.4424239" lon="-0.2762501">
        <ele>50.8</ele>
        <time>2026-08-06T12:01:16Z</time>
        <extensions><gpxtpx:TrackPointExtension><gpxtpx:hr>168</gpxtpx:hr></gpxtpx:TrackPointExtension><power>239</power></extensions>
      </trkpt>
      <trkpt lat="51.4424007" lon="-0.2762532">
        <ele>50.8</ele>
        <time>2026-08-06T12:01:17Z</time>
        <extensions><gpxtpx:TrackPointExtension><gpxtpx:hr>168</gpxtpx:hr></gpxtpx:TrackPointExtension><power>238</power></extensions>
      </trkpt>
      <trkpt lat="51.4423775" lon="-0.2762562">
        <ele>50.8</ele>
        <time>2026-08-06T12:01:18Z</time>
        <extensions><gpxtpx:TrackPointExtension><gpxtpx:hr>168</gpxtpx:hr></gpxtpx:TrackPointExtension><power>238</power></extensions>
      </trkpt>
      <trkpt lat="51.4423539" lon="-0.2762592">
        <ele>50.8</ele>
        <time>2026-08-06T12:01:19Z</time>
        <extensions><gpxtpx:TrackPointExtension><gpxtpx:hr>168</gpxtpx:hr></gpxtpx:TrackPointExtension><power>239</power></extensions>
      </trkpt>
      <trkpt lat="51.4423299" lon="-0.2762623">
        <ele>51.0</ele>
        <time>2026-08-06T12:01:20Z</time>
        <extensions><gpxtpx:TrackPointExtension><gpxtpx:hr>168</gpxtpx:hr></gpxtpx:TrackPointExtension><power>239</power></extensions>
      </trkpt>
      <trkpt lat="51.4423061" lon="-0.2762653">
        <ele>51.0</ele>
        <time>2026-08-06T12:01:21Z</time>
        <extensions><gpxtpx:TrackPointExtension><gpxtpx:hr>168</gpxtpx:hr></gpxtpx:TrackPointExtension><power>240</power></extensions>
      </trkpt>
      <trkpt lat="51.4422825" lon="-0.2762689">
        <ele>51.0</ele>
        <time>2026-08-06T12:01:22Z</time>
        <extensions><gpxtpx:TrackPointExtension><gpxtpx:hr>168</gpxtpx:hr></gpxtpx:TrackPointExtension><power>240</power></extensions>
      </trkpt>
      <trkpt lat="51.4422589" lon="-0.2762724">
        <ele>51.0</ele>
        <time>2026-08-06T12:01:23Z</time>
        <extensions><gpxtpx:TrackPointExtension><gpxtpx:hr>168</gpxtpx:hr></gpxtpx:TrackPointExtension><power>241</power></extensions>
      </trkpt>
      <trkpt lat="51.4422357" lon="-0.2762760">
        <ele>51.2</ele>
        <time>2026-08-06T12:01:24Z</time>
        <extensions><gpxtpx:TrackPointExtension><gpxtpx:hr>168</gpxtpx:hr></gpxtpx:TrackPointExtension><power>240</power></extensions>
      </trkpt>
      <trkpt lat="51.4422129" lon="-0.2762798">
        <ele>51.2</ele>
        <time>2026-08-06T12:01:25Z</time>
        <extensions><gpxtpx:TrackPointExtension><gpxtpx:hr>168</gpxtpx:hr></gpxtpx:TrackPointExtension><power>240</power></extensions>
      </trkpt>
      <trkpt lat="51.4421901" lon="-0.2762836">
        <ele>51.2</ele>
        <time>2026-08-06T12:01:26Z</time>
        <extensions><gpxtpx:TrackPointExtension><gpxtpx:hr>168</gpxtpx:hr></gpxtpx:TrackPointExtension><power>239</power></extensions>
      </trkpt>
      <trkpt lat="51.4421673" lon="-0.2762874">
        <ele>51.2</ele>
        <time>2026-08-06T12:01:27Z</time>
        <extensions><gpxtpx:TrackPointExtension><gpxtpx:hr>168</gpxtpx:hr></gpxtpx:TrackPointExtension><power>239</power></extensions>
      </trkpt>
      <trkpt lat="51.4421447" lon="-0.2762915">
        <ele>51.4</ele>
        <time>2026-08-06T12:01:28Z</time>
        <extensions><gpxtpx:TrackPointExtension><gpxtpx:hr>168</gpxtpx:hr></gpxtpx:TrackPointExtension><power>238</power></extensions>
      </trkpt>
      <trkpt lat="51.4421221" lon="-0.2762960">
        <ele>51.4</ele>
        <time>2026-08-06T12:01:29Z</time>
        <extensions><gpxtpx:TrackPointExtension><gpxtpx:hr>168</gpxtpx:hr></gpxtpx:TrackPointExtension><power>238</power></extensions>
      </trkpt>
      <trkpt lat="51.4420997" lon="-0.2763011">
        <ele>51.6</ele>
        <time>2026-08-06T12:01:30Z</time>
        <extensions><gpxtpx:TrackPointExtension><gpxtpx:hr>168</gpxtpx:hr></gpxtpx:TrackPointExtension><power>237</power></extensions>
      </trkpt>
      <trkpt lat="51.4420773" lon="-0.2763067">
        <ele>51.6</ele>
        <time>2026-08-06T12:01:31Z</time>
        <extensions><gpxtpx:TrackPointExtension><gpxtpx:hr>168</gpxtpx:hr></gpxtpx:TrackPointExtension><power>237</power></extensions>
      </trkpt>
      <trkpt lat="51.4420549" lon="-0.2763122">
        <ele>51.6</ele>
        <time>2026-08-06T12:01:32Z</time>
        <extensions><gpxtpx:TrackPointExtension><gpxtpx:hr>168</gpxtpx:hr></gpxtpx:TrackPointExtension><power>237</power></extensions>
      </trkpt>
      <trkpt lat="51.4420323" lon="-0.2763176">
        <ele>51.4</ele>
        <time>2026-08-06T12:01:33Z</time>
        <extensions><gpxtpx:TrackPointExtension><gpxtpx:hr>168</gpxtpx:hr></gpxtpx:TrackPointExtension><power>238</power></extensions>
      </trkpt>
      <trkpt lat="51.4420095" lon="-0.2763229">
        <ele>51.2</ele>
        <time>2026-08-06T12:01:34Z</time>
        <extensions><gpxtpx:TrackPointExtension><gpxtpx:hr>168</gpxtpx:hr></gpxtpx:TrackPointExtension><power>238</power></extensions>
      </trkpt>
      <trkpt lat="51.4419867" lon="-0.2763277">
        <ele>51.0</ele>
        <time>2026-08-06T12:01:35Z</time>
        <extensions><gpxtpx:TrackPointExtension><gpxtpx:hr>168</gpxtpx:hr></gpxtpx:TrackPointExtension><power>238</power></extensions>
      </trkpt>
      <trkpt lat="51.4419639" lon="-0.2763323">
        <ele>50.8</ele>
        <time>2026-08-06T12:01:36Z</time>
        <extensions><gpxtpx:TrackPointExtension><gpxtpx:hr>168</gpxtpx:hr></gpxtpx:TrackPointExtension><power>238</power></extensions>
      </trkpt>
      <trkpt lat="51.4419413" lon="-0.2763371">
        <ele>50.6</ele>
        <time>2026-08-06T12:01:37Z</time>
        <extensions><gpxtpx:TrackPointExtension><gpxtpx:hr>168</gpxtpx:hr></gpxtpx:TrackPointExtension><power>238</power></extensions>
      </trkpt>
      <trkpt lat="51.4419183" lon="-0.2763422">
        <ele>50.4</ele>
        <time>2026-08-06T12:01:38Z</time>
        <extensions><gpxtpx:TrackPointExtension><gpxtpx:hr>169</gpxtpx:hr></gpxtpx:TrackPointExtension><power>238</power></extensions>
      </trkpt>
      <trkpt lat="51.4418953" lon="-0.2763470">
        <ele>50.2</ele>
        <time>2026-08-06T12:01:39Z</time>
        <extensions><gpxtpx:TrackPointExtension><gpxtpx:hr>169</gpxtpx:hr></gpxtpx:TrackPointExtension><power>238</power></extensions>
      </trkpt>
      <trkpt lat="51.4418719" lon="-0.2763518">
        <ele>50.2</ele>
        <time>2026-08-06T12:01:40Z</time>
        <extensions><gpxtpx:TrackPointExtension><gpxtpx:hr>169</gpxtpx:hr></gpxtpx:TrackPointExtension><power>238</power></extensions>
      </trkpt>
      <trkpt lat="51.4418487" lon="-0.2763564">
        <ele>50.2</ele>
        <time>2026-08-06T12:01:41Z</time>
        <extensions><gpxtpx:TrackPointExtension><gpxtpx:hr>169</gpxtpx:hr></gpxtpx:TrackPointExtension><power>238</power></extensions>
      </trkpt>
      <trkpt lat="51.4418253" lon="-0.2763602">
        <ele>50.2</ele>
        <time>2026-08-06T12:01:42Z</time>
        <extensions><gpxtpx:TrackPointExtension><gpxtpx:hr>170</gpxtpx:hr></gpxtpx:TrackPointExtension><power>238</power></extensions>
      </trkpt>
      <trkpt lat="51.4418025" lon="-0.2763632">
        <ele>50.0</ele>
        <time>2026-08-06T12:01:43Z</time>
        <extensions><gpxtpx:TrackPointExtension><gpxtpx:hr>170</gpxtpx:hr></gpxtpx:TrackPointExtension><power>238</power></extensions>
      </trkpt>
      <trkpt lat="51.4417799" lon="-0.2763658">
        <ele>50.0</ele>
        <time>2026-08-06T12:01:44Z</time>
        <extensions><gpxtpx:TrackPointExtension><gpxtpx:hr>170</gpxtpx:hr></gpxtpx:TrackPointExtension><power>238</power></extensions>
      </trkpt>
      <trkpt lat="51.4417577" lon="-0.2763680">
        <ele>49.8</ele>
        <time>2026-08-06T12:01:45Z</time>
        <extensions><gpxtpx:TrackPointExtension><gpxtpx:hr>170</gpxtpx:hr></gpxtpx:TrackPointExtension><power>238</power></extensions>
      </trkpt>
      <trkpt lat="51.4417357" lon="-0.2763701">
        <ele>49.8</ele>
        <time>2026-08-06T12:01:46Z</time>
        <extensions><gpxtpx:TrackPointExtension><gpxtpx:hr>170</gpxtpx:hr></gpxtpx:TrackPointExtension><power>238</power></extensions>
      </trkpt>
      <trkpt lat="51.4417139" lon="-0.2763724">
        <ele>49.8</ele>
        <time>2026-08-06T12:01:47Z</time>
        <extensions><gpxtpx:TrackPointExtension><gpxtpx:hr>170</gpxtpx:hr></gpxtpx:TrackPointExtension><power>238</power></extensions>
      </trkpt>
      <trkpt lat="51.4416921" lon="-0.2763751">
        <ele>49.8</ele>
        <time>2026-08-06T12:01:48Z</time>
        <extensions><gpxtpx:TrackPointExtension><gpxtpx:hr>170</gpxtpx:hr></gpxtpx:TrackPointExtension><power>237</power></extensions>
      </trkpt>
      <trkpt lat="51.4416703" lon="-0.2763782">
        <ele>49.8</ele>
        <time>2026-08-06T12:01:49Z</time>
        <extensions><gpxtpx:TrackPointExtension><gpxtpx:hr>170</gpxtpx:hr></gpxtpx:TrackPointExtension><power>237</power></extensions>
      </trkpt>
      <trkpt lat="51.4416485" lon="-0.2763812">
        <ele>49.8</ele>
        <time>2026-08-06T12:01:50Z</time>
        <extensions><gpxtpx:TrackPointExtension><gpxtpx:hr>169</gpxtpx:hr></gpxtpx:TrackPointExtension><power>236</power></extensions>
      </trkpt>
      <trkpt lat="51.4416263" lon="-0.2763843">
        <ele>50.0</ele>
        <time>2026-08-06T12:01:51Z</time>
        <extensions><gpxtpx:TrackPointExtension><gpxtpx:hr>169</gpxtpx:hr></gpxtpx:TrackPointExtension><power>234</power></extensions>
      </trkpt>
      <trkpt lat="51.4416041" lon="-0.2763873">
        <ele>50.0</ele>
        <time>2026-08-06T12:01:52Z</time>
        <extensions><gpxtpx:TrackPointExtension><gpxtpx:hr>169</gpxtpx:hr></gpxtpx:TrackPointExtension><power>233</power></extensions>
      </trkpt>
      <trkpt lat="51.4415817" lon="-0.2763904">
        <ele>50.0</ele>
        <time>2026-08-06T12:01:53Z</time>
        <extensions><gpxtpx:TrackPointExtension><gpxtpx:hr>169</gpxtpx:hr></gpxtpx:TrackPointExtension><power>232</power></extensions>
      </trkpt>
      <trkpt lat="51.4415591" lon="-0.2763937">
        <ele>50.0</ele>
        <time>2026-08-06T12:01:54Z</time>
        <extensions><gpxtpx:TrackPointExtension><gpxtpx:hr>169</gpxtpx:hr></gpxtpx:TrackPointExtension><power>231</power></extensions>
      </trkpt>
      <trkpt lat="51.4415361" lon="-0.2763970">
        <ele>50.0</ele>
        <time>2026-08-06T12:01:55Z</time>
        <extensions><gpxtpx:TrackPointExtension><gpxtpx:hr>169</gpxtpx:hr></gpxtpx:TrackPointExtension><power>231</power></extensions>
      </trkpt>
      <trkpt lat="51.4415131" lon="-0.2764002">
        <ele>50.0</ele>
        <time>2026-08-06T12:01:56Z</time>
        <extensions><gpxtpx:TrackPointExtension><gpxtpx:hr>169</gpxtpx:hr></gpxtpx:TrackPointExtension><power>231</power></extensions>
      </trkpt>
      <trkpt lat="51.4414897" lon="-0.2764038">
        <ele>50.0</ele>
        <time>2026-08-06T12:01:57Z</time>
        <extensions><gpxtpx:TrackPointExtension><gpxtpx:hr>168</gpxtpx:hr></gpxtpx:TrackPointExtension><power>231</power></extensions>
      </trkpt>
      <trkpt lat="51.4414661" lon="-0.2764076">
        <ele>50.0</ele>
        <time>2026-08-06T12:01:58Z</time>
        <extensions><gpxtpx:TrackPointExtension><gpxtpx:hr>168</gpxtpx:hr></gpxtpx:TrackPointExtension><power>231</power></extensions>
      </trkpt>
      <trkpt lat="51.4414425" lon="-0.2764119">
        <ele>50.0</ele>
        <time>2026-08-06T12:01:59Z</time>
        <extensions><gpxtpx:TrackPointExtension><gpxtpx:hr>168</gpxtpx:hr></gpxtpx:TrackPointExtension><power>232</power></extensions>
      </trkpt>
      <trkpt lat="51.4414189" lon="-0.2764167">
        <ele>49.8</ele>
        <time>2026-08-06T12:02:00Z</time>
        <extensions><gpxtpx:TrackPointExtension><gpxtpx:hr>168</gpxtpx:hr></gpxtpx:TrackPointExtension><power>232</power></extensions>
      </trkpt>
      <trkpt lat="51.4413949" lon="-0.2764221">
        <ele>49.8</ele>
        <time>2026-08-06T12:02:01Z</time>
        <extensions><gpxtpx:TrackPointExtension><gpxtpx:hr>168</gpxtpx:hr></gpxtpx:TrackPointExtension><power>233</power></extensions>
      </trkpt>
      <trkpt lat="51.4413709" lon="-0.2764271">
        <ele>49.8</ele>
        <time>2026-08-06T12:02:02Z</time>
        <extensions><gpxtpx:TrackPointExtension><gpxtpx:hr>168</gpxtpx:hr></gpxtpx:TrackPointExtension><power>233</power></extensions>
      </trkpt>
      <trkpt lat="51.4413469" lon="-0.2764317">
        <ele>49.6</ele>
        <time>2026-08-06T12:02:03Z</time>
        <extensions><gpxtpx:TrackPointExtension><gpxtpx:hr>168</gpxtpx:hr></gpxtpx:TrackPointExtension><power>233</power></extensions>
      </trkpt>
      <trkpt lat="51.4413229" lon="-0.2764355">
        <ele>49.6</ele>
        <time>2026-08-06T12:02:04Z</time>
        <extensions><gpxtpx:TrackPointExtension><gpxtpx:hr>168</gpxtpx:hr></gpxtpx:TrackPointExtension><power>234</power></extensions>
      </trkpt>
      <trkpt lat="51.4412989" lon="-0.2764385">
        <ele>49.4</ele>
        <time>2026-08-06T12:02:05Z</time>
        <extensions><gpxtpx:TrackPointExtension><gpxtpx:hr>168</gpxtpx:hr></gpxtpx:TrackPointExtension><power>233</power></extensions>
      </trkpt>
      <trkpt lat="51.4412753" lon="-0.2764408">
        <ele>49.4</ele>
        <time>2026-08-06T12:02:06Z</time>
        <extensions><gpxtpx:TrackPointExtension><gpxtpx:hr>168</gpxtpx:hr></gpxtpx:TrackPointExtension><power>232</power></extensions>
      </trkpt>
      <trkpt lat="51.4412521" lon="-0.2764434">
        <ele>49.4</ele>
        <time>2026-08-06T12:02:07Z</time>
        <extensions><gpxtpx:TrackPointExtension><gpxtpx:hr>168</gpxtpx:hr></gpxtpx:TrackPointExtension><power>231</power></extensions>
      </trkpt>
      <trkpt lat="51.4412289" lon="-0.2764469">
        <ele>49.4</ele>
        <time>2026-08-06T12:02:08Z</time>
        <extensions><gpxtpx:TrackPointExtension><gpxtpx:hr>168</gpxtpx:hr></gpxtpx:TrackPointExtension><power>230</power></extensions>
      </trkpt>
      <trkpt lat="51.4412053" lon="-0.2764512">
        <ele>49.4</ele>
        <time>2026-08-06T12:02:09Z</time>
        <extensions><gpxtpx:TrackPointExtension><gpxtpx:hr>168</gpxtpx:hr></gpxtpx:TrackPointExtension><power>229</power></extensions>
      </trkpt>
      <trkpt lat="51.4411815" lon="-0.2764563">
        <ele>49.2</ele>
        <time>2026-08-06T12:02:10Z</time>
        <extensions><gpxtpx:TrackPointExtension><gpxtpx:hr>168</gpxtpx:hr></gpxtpx:TrackPointExtension><power>230</power></extensions>
      </trkpt>
      <trkpt lat="51.4411573" lon="-0.2764619">
        <ele>49.2</ele>
        <time>2026-08-06T12:02:11Z</time>
        <extensions><gpxtpx:TrackPointExtension><gpxtpx:hr>168</gpxtpx:hr></gpxtpx:TrackPointExtension><power>231</power></extensions>
      </trkpt>
      <trkpt lat="51.4411327" lon="-0.2764672">
        <ele>49.2</ele>
        <time>2026-08-06T12:02:12Z</time>
        <extensions><gpxtpx:TrackPointExtension><gpxtpx:hr>168</gpxtpx:hr></gpxtpx:TrackPointExtension><power>231</power></extensions>
      </trkpt>
      <trkpt lat="51.4411083" lon="-0.2764715">
        <ele>49.0</ele>
        <time>2026-08-06T12:02:13Z</time>
        <extensions><gpxtpx:TrackPointExtension><gpxtpx:hr>168</gpxtpx:hr></gpxtpx:TrackPointExtension><power>232</power></extensions>
      </trkpt>
      <trkpt lat="51.4410841" lon="-0.2764753">
        <ele>49.0</ele>
        <time>2026-08-06T12:02:14Z</time>
        <extensions><gpxtpx:TrackPointExtension><gpxtpx:hr>168</gpxtpx:hr></gpxtpx:TrackPointExtension><power>232</power></extensions>
      </trkpt>
      <trkpt lat="51.4410603" lon="-0.2764789">
        <ele>49.0</ele>
        <time>2026-08-06T12:02:15Z</time>
        <extensions><gpxtpx:TrackPointExtension><gpxtpx:hr>168</gpxtpx:hr></gpxtpx:TrackPointExtension><power>232</power></extensions>
      </trkpt>
      <trkpt lat="51.4410371" lon="-0.2764827">
        <ele>49.0</ele>
        <time>2026-08-06T12:02:16Z</time>
        <extensions><gpxtpx:TrackPointExtension><gpxtpx:hr>168</gpxtpx:hr></gpxtpx:TrackPointExtension><power>231</power></extensions>
      </trkpt>
      <trkpt lat="51.4410141" lon="-0.2764870">
        <ele>49.0</ele>
        <time>2026-08-06T12:02:17Z</time>
        <extensions><gpxtpx:TrackPointExtension><gpxtpx:hr>168</gpxtpx:hr></gpxtpx:TrackPointExtension><power>231</power></extensions>
      </trkpt>
      <trkpt lat="51.4409911" lon="-0.2764921">
        <ele>49.0</ele>
        <time>2026-08-06T12:02:18Z</time>
        <extensions><gpxtpx:TrackPointExtension><gpxtpx:hr>168</gpxtpx:hr></gpxtpx:TrackPointExtension><power>230</power></extensions>
      </trkpt>
      <trkpt lat="51.4409683" lon="-0.2764979">
        <ele>49.2</ele>
        <time>2026-08-06T12:02:19Z</time>
        <extensions><gpxtpx:TrackPointExtension><gpxtpx:hr>168</gpxtpx:hr></gpxtpx:TrackPointExtension><power>229</power></extensions>
      </trkpt>
      <trkpt lat="51.4409457" lon="-0.2765045">
        <ele>49.2</ele>
        <time>2026-08-06T12:02:20Z</time>
        <extensions><gpxtpx:TrackPointExtension><gpxtpx:hr>168</gpxtpx:hr></gpxtpx:TrackPointExtension><power>228</power></extensions>
      </trkpt>
      <trkpt lat="51.4409231" lon="-0.2765113">
        <ele>49.4</ele>
        <time>2026-08-06T12:02:21Z</time>
        <extensions><gpxtpx:TrackPointExtension><gpxtpx:hr>168</gpxtpx:hr></gpxtpx:TrackPointExtension><power>228</power></extensions>
      </trkpt>
      <trkpt lat="51.4409005" lon="-0.2765174">
        <ele>49.6</ele>
        <time>2026-08-06T12:02:22Z</time>
        <extensions><gpxtpx:TrackPointExtension><gpxtpx:hr>168</gpxtpx:hr></gpxtpx:TrackPointExtension><power>227</power></extensions>
      </trkpt>
      <trkpt lat="51.4408779" lon="-0.2765230">
        <ele>49.6</ele>
        <time>2026-08-06T12:02:23Z</time>
        <extensions><gpxtpx:TrackPointExtension><gpxtpx:hr>169</gpxtpx:hr></gpxtpx:TrackPointExtension><power>227</power></extensions>
      </trkpt>
      <trkpt lat="51.4408553" lon="-0.2765278">
        <ele>49.4</ele>
        <time>2026-08-06T12:02:24Z</time>
        <extensions><gpxtpx:TrackPointExtension><gpxtpx:hr>169</gpxtpx:hr></gpxtpx:TrackPointExtension><power>227</power></extensions>
      </trkpt>
      <trkpt lat="51.4408327" lon="-0.2765321">
        <ele>49.4</ele>
        <time>2026-08-06T12:02:25Z</time>
        <extensions><gpxtpx:TrackPointExtension><gpxtpx:hr>169</gpxtpx:hr></gpxtpx:TrackPointExtension><power>227</power></extensions>
      </trkpt>
      <trkpt lat="51.4408099" lon="-0.2765362">
        <ele>49.2</ele>
        <time>2026-08-06T12:02:26Z</time>
        <extensions><gpxtpx:TrackPointExtension><gpxtpx:hr>169</gpxtpx:hr></gpxtpx:TrackPointExtension><power>227</power></extensions>
      </trkpt>
      <trkpt lat="51.4407871" lon="-0.2765407">
        <ele>49.0</ele>
        <time>2026-08-06T12:02:27Z</time>
        <extensions><gpxtpx:TrackPointExtension><gpxtpx:hr>169</gpxtpx:hr></gpxtpx:TrackPointExtension><power>227</power></extensions>
      </trkpt>
      <trkpt lat="51.4407641" lon="-0.2765453">
        <ele>48.8</ele>
        <time>2026-08-06T12:02:28Z</time>
        <extensions><gpxtpx:TrackPointExtension><gpxtpx:hr>169</gpxtpx:hr></gpxtpx:TrackPointExtension><power>227</power></extensions>
      </trkpt>
      <trkpt lat="51.4407413" lon="-0.2765496">
        <ele>48.6</ele>
        <time>2026-08-06T12:02:29Z</time>
        <extensions><gpxtpx:TrackPointExtension><gpxtpx:hr>169</gpxtpx:hr></gpxtpx:TrackPointExtension><power>226</power></extensions>
      </trkpt>
      <trkpt lat="51.4407185" lon="-0.2765532">
        <ele>48.4</ele>
        <time>2026-08-06T12:02:30Z</time>
        <extensions><gpxtpx:TrackPointExtension><gpxtpx:hr>168</gpxtpx:hr></gpxtpx:TrackPointExtension><power>226</power></extensions>
      </trkpt>
      <trkpt lat="51.4406961" lon="-0.2765549">
        <ele>48.2</ele>
        <time>2026-08-06T12:02:31Z</time>
        <extensions><gpxtpx:TrackPointExtension><gpxtpx:hr>168</gpxtpx:hr></gpxtpx:TrackPointExtension><power>225</power></extensions>
      </trkpt>
      <trkpt lat="51.4406741" lon="-0.2765542">
        <ele>48.2</ele>
        <time>2026-08-06T12:02:32Z</time>
        <extensions><gpxtpx:TrackPointExtension><gpxtpx:hr>168</gpxtpx:hr></gpxtpx:TrackPointExtension><power>225</power></extensions>
      </trkpt>
      <trkpt lat="51.4406529" lon="-0.2765499">
        <ele>48.2</ele>
        <time>2026-08-06T12:02:33Z</time>
        <extensions><gpxtpx:TrackPointExtension><gpxtpx:hr>168</gpxtpx:hr></gpxtpx:TrackPointExtension><power>224</power></extensions>
      </trkpt>
      <trkpt lat="51.4406329" lon="-0.2765405">
        <ele>48.2</ele>
        <time>2026-08-06T12:02:34Z</time>
        <extensions><gpxtpx:TrackPointExtension><gpxtpx:hr>168</gpxtpx:hr></gpxtpx:TrackPointExtension><power>224</power></extensions>
      </trkpt>
      <trkpt lat="51.4406149" lon="-0.2765250">
        <ele>48.2</ele>
        <time>2026-08-06T12:02:35Z</time>
        <extensions><gpxtpx:TrackPointExtension><gpxtpx:hr>167</gpxtpx:hr></gpxtpx:TrackPointExtension><power>223</power></extensions>
      </trkpt>
      <trkpt lat="51.4405995" lon="-0.2765029">
        <ele>48.2</ele>
        <time>2026-08-06T12:02:36Z</time>
        <extensions><gpxtpx:TrackPointExtension><gpxtpx:hr>167</gpxtpx:hr></gpxtpx:TrackPointExtension><power>223</power></extensions>
      </trkpt>
      <trkpt lat="51.4405875" lon="-0.2764745">
        <ele>48.2</ele>
        <time>2026-08-06T12:02:37Z</time>
        <extensions><gpxtpx:TrackPointExtension><gpxtpx:hr>167</gpxtpx:hr></gpxtpx:TrackPointExtension><power>223</power></extensions>
      </trkpt>
      <trkpt lat="51.4405793" lon="-0.2764410">
        <ele>48.0</ele>
        <time>2026-08-06T12:02:38Z</time>
        <extensions><gpxtpx:TrackPointExtension><gpxtpx:hr>167</gpxtpx:hr></gpxtpx:TrackPointExtension><power>223</power></extensions>
      </trkpt>
      <trkpt lat="51.4405743" lon="-0.2764045">
        <ele>48.0</ele>
        <time>2026-08-06T12:02:39Z</time>
        <extensions><gpxtpx:TrackPointExtension><gpxtpx:hr>167</gpxtpx:hr></gpxtpx:TrackPointExtension><power>223</power></extensions>
      </trkpt>
      <trkpt lat="51.4405717" lon="-0.2763662">
        <ele>48.0</ele>
        <time>2026-08-06T12:02:40Z</time>
        <extensions><gpxtpx:TrackPointExtension><gpxtpx:hr>167</gpxtpx:hr></gpxtpx:TrackPointExtension><power>222</power></extensions>
      </trkpt>
      <trkpt lat="51.4405705" lon="-0.2763279">
        <ele>48.0</ele>
        <time>2026-08-06T12:02:41Z</time>
        <extensions><gpxtpx:TrackPointExtension><gpxtpx:hr>167</gpxtpx:hr></gpxtpx:TrackPointExtension><power>222</power></extensions>
      </trkpt>
      <trkpt lat="51.4405699" lon="-0.2762903">
        <ele>48.2</ele>
        <time>2026-08-06T12:02:42Z</time>
        <extensions><gpxtpx:TrackPointExtension><gpxtpx:hr>167</gpxtpx:hr></gpxtpx:TrackPointExtension><power>222</power></extensions>
      </trkpt>
      <trkpt lat="51.4405689" lon="-0.2762538">
        <ele>48.2</ele>
        <time>2026-08-06T12:02:43Z</time>
        <extensions><gpxtpx:TrackPointExtension><gpxtpx:hr>167</gpxtpx:hr></gpxtpx:TrackPointExtension><power>222</power></extensions>
      </trkpt>
      <trkpt lat="51.4405675" lon="-0.2762183">
        <ele>48.4</ele>
        <time>2026-08-06T12:02:44Z</time>
        <extensions><gpxtpx:TrackPointExtension><gpxtpx:hr>167</gpxtpx:hr></gpxtpx:TrackPointExtension><power>221</power></extensions>
      </trkpt>
      <trkpt lat="51.4405655" lon="-0.2761840">
        <ele>48.4</ele>
        <time>2026-08-06T12:02:45Z</time>
        <extensions><gpxtpx:TrackPointExtension><gpxtpx:hr>169</gpxtpx:hr></gpxtpx:TrackPointExtension><power>220</power></extensions>
      </trkpt>
      <trkpt lat="51.4405631" lon="-0.2761503">
        <ele>48.6</ele>
        <time>2026-08-06T12:02:46Z</time>
        <extensions><gpxtpx:TrackPointExtension><gpxtpx:hr>169</gpxtpx:hr></gpxtpx:TrackPointExtension><power>219</power></extensions>
      </trkpt>
      <trkpt lat="51.4405603" lon="-0.2761168">
        <ele>48.6</ele>
        <time>2026-08-06T12:02:47Z</time>
        <extensions><gpxtpx:TrackPointExtension><gpxtpx:hr>169</gpxtpx:hr></gpxtpx:TrackPointExtension><power>218</power></extensions>
      </trkpt>
      <trkpt lat="51.4405579" lon="-0.2760836">
        <ele>48.8</ele>
        <time>2026-08-06T12:02:48Z</time>
        <extensions><gpxtpx:TrackPointExtension><gpxtpx:hr>169</gpxtpx:hr></gpxtpx:TrackPointExtension><power>217</power></extensions>
      </trkpt>
      <trkpt lat="51.4405553" lon="-0.2760496">
        <ele>49.0</ele>
        <time>2026-08-06T12:02:49Z</time>
        <extensions><gpxtpx:TrackPointExtension><gpxtpx:hr>169</gpxtpx:hr></gpxtpx:TrackPointExtension><power>217</power></extensions>
      </trkpt>
      <trkpt lat="51.4405529" lon="-0.2760146">
        <ele>49.0</ele>
        <time>2026-08-06T12:02:50Z</time>
        <extensions><gpxtpx:TrackPointExtension><gpxtpx:hr>170</gpxtpx:hr></gpxtpx:TrackPointExtension><power>217</power></extensions>
      </trkpt>
      <trkpt lat="51.4405505" lon="-0.2759793">
        <ele>49.2</ele>
        <time>2026-08-06T12:02:51Z</time>
        <extensions><gpxtpx:TrackPointExtension><gpxtpx:hr>170</gpxtpx:hr></gpxtpx:TrackPointExtension><power>217</power></extensions>
      </trkpt>
      <trkpt lat="51.4405483" lon="-0.2759441">
        <ele>49.2</ele>
        <time>2026-08-06T12:02:52Z</time>
        <extensions><gpxtpx:TrackPointExtension><gpxtpx:hr>170</gpxtpx:hr></gpxtpx:TrackPointExtension><power>217</power></extensions>
      </trkpt>
      <trkpt lat="51.4405459" lon="-0.2759083">
        <ele>49.4</ele>
        <time>2026-08-06T12:02:53Z</time>
        <extensions><gpxtpx:TrackPointExtension><gpxtpx:hr>170</gpxtpx:hr></gpxtpx:TrackPointExtension><power>217</power></extensions>
      </trkpt>
      <trkpt lat="51.4405437" lon="-0.2758730">
        <ele>49.4</ele>
        <time>2026-08-06T12:02:54Z</time>
        <extensions><gpxtpx:TrackPointExtension><gpxtpx:hr>170</gpxtpx:hr></gpxtpx:TrackPointExtension><power>220</power></extensions>
      </trkpt>
      <trkpt lat="51.4405417" lon="-0.2758380">
        <ele>49.6</ele>
        <time>2026-08-06T12:02:55Z</time>
        <extensions><gpxtpx:TrackPointExtension><gpxtpx:hr>170</gpxtpx:hr></gpxtpx:TrackPointExtension><power>222</power></extensions>
      </trkpt>
      <trkpt lat="51.4405399" lon="-0.2758030">
        <ele>49.6</ele>
        <time>2026-08-06T12:02:56Z</time>
        <extensions><gpxtpx:TrackPointExtension><gpxtpx:hr>170</gpxtpx:hr></gpxtpx:TrackPointExtension><power>225</power></extensions>
      </trkpt>
      <trkpt lat="51.4405381" lon="-0.2757677">
        <ele>49.8</ele>
        <time>2026-08-06T12:02:57Z</time>
        <extensions><gpxtpx:TrackPointExtension><gpxtpx:hr>170</gpxtpx:hr></gpxtpx:TrackPointExtension><power>228</power></extensions>
      </trkpt>
      <trkpt lat="51.4405361" lon="-0.2757325">
        <ele>49.8</ele>
        <time>2026-08-06T12:02:58Z</time>
        <extensions><gpxtpx:TrackPointExtension><gpxtpx:hr>170</gpxtpx:hr></gpxtpx:TrackPointExtension><power>231</power></extensions>
      </trkpt>
      <trkpt lat="51.4405339" lon="-0.2756970">
        <ele>49.8</ele>
        <time>2026-08-06T12:02:59Z</time>
        <extensions><gpxtpx:TrackPointExtension><gpxtpx:hr>170</gpxtpx:hr></gpxtpx:TrackPointExtension><power>231</power></extensions>
      </trkpt>
      <trkpt lat="51.4405311" lon="-0.2756614">
        <ele>49.8</ele>
        <time>2026-08-06T12:03:00Z</time>
        <extensions><gpxtpx:TrackPointExtension><gpxtpx:hr>170</gpxtpx:hr></gpxtpx:TrackPointExtension><power>232</power></extensions>
      </trkpt>
      <trkpt lat="51.4405281" lon="-0.2756259">
        <ele>50.0</ele>
        <time>2026-08-06T12:03:01Z</time>
        <extensions><gpxtpx:TrackPointExtension><gpxtpx:hr>170</gpxtpx:hr></gpxtpx:TrackPointExtension><power>232</power></extensions>
      </trkpt>
      <trkpt lat="51.4405249" lon="-0.2755909">
        <ele>50.0</ele>
        <time>2026-08-06T12:03:02Z</time>
        <extensions><gpxtpx:TrackPointExtension><gpxtpx:hr>171</gpxtpx:hr></gpxtpx:TrackPointExtension><power>232</power></extensions>
      </trkpt>
      <trkpt lat="51.4405217" lon="-0.2755564">
        <ele>50.0</ele>
        <time>2026-08-06T12:03:03Z</time>
        <extensions><gpxtpx:TrackPointExtension><gpxtpx:hr>171</gpxtpx:hr></gpxtpx:TrackPointExtension><power>232</power></extensions>
      </trkpt>
      <trkpt lat="51.4405185" lon="-0.2755224">
        <ele>50.0</ele>
        <time>2026-08-06T12:03:04Z</time>
        <extensions><gpxtpx:TrackPointExtension><gpxtpx:hr>171</gpxtpx:hr></gpxtpx:TrackPointExtension><power>232</power></extensions>
      </trkpt>
      <trkpt lat="51.4405157" lon="-0.2754882">
        <ele>50.0</ele>
        <time>2026-08-06T12:03:05Z</time>
        <extensions><gpxtpx:TrackPointExtension><gpxtpx:hr>171</gpxtpx:hr></gpxtpx:TrackPointExtension><power>232</power></extensions>
      </trkpt>
      <trkpt lat="51.4405129" lon="-0.2754539">
        <ele>50.2</ele>
        <time>2026-08-06T12:03:06Z</time>
        <extensions><gpxtpx:TrackPointExtension><gpxtpx:hr>171</gpxtpx:hr></gpxtpx:TrackPointExtension><power>232</power></extensions>
      </trkpt>
      <trkpt lat="51.4405101" lon="-0.2754194">
        <ele>50.2</ele>
        <time>2026-08-06T12:03:07Z</time>
        <extensions><gpxtpx:TrackPointExtension><gpxtpx:hr>171</gpxtpx:hr></gpxtpx:TrackPointExtension><power>232</power></extensions>
      </trkpt>
      <trkpt lat="51.4405075" lon="-0.2753847">
        <ele>50.2</ele>
        <time>2026-08-06T12:03:08Z</time>
        <extensions><gpxtpx:TrackPointExtension><gpxtpx:hr>171</gpxtpx:hr></gpxtpx:TrackPointExtension><power>232</power></extensions>
      </trkpt>
      <trkpt lat="51.4405049" lon="-0.2753494">
        <ele>50.2</ele>
        <time>2026-08-06T12:03:09Z</time>
        <extensions><gpxtpx:TrackPointExtension><gpxtpx:hr>171</gpxtpx:hr></gpxtpx:TrackPointExtension><power>231</power></extensions>
      </trkpt>
      <trkpt lat="51.4405021" lon="-0.2753144">
        <ele>50.2</ele>
        <time>2026-08-06T12:03:10Z</time>
        <extensions><gpxtpx:TrackPointExtension><gpxtpx:hr>171</gpxtpx:hr></gpxtpx:TrackPointExtension><power>231</power></extensions>
      </trkpt>
      <trkpt lat="51.4404993" lon="-0.2752799">
        <ele>50.4</ele>
        <time>2026-08-06T12:03:11Z</time>
        <extensions><gpxtpx:TrackPointExtension><gpxtpx:hr>171</gpxtpx:hr></gpxtpx:TrackPointExtension><power>230</power></extensions>
      </trkpt>
      <trkpt lat="51.4404965" lon="-0.2752456">
        <ele>50.4</ele>
        <time>2026-08-06T12:03:12Z</time>
        <extensions><gpxtpx:TrackPointExtension><gpxtpx:hr>171</gpxtpx:hr></gpxtpx:TrackPointExtension><power>229</power></extensions>
      </trkpt>
      <trkpt lat="51.4404937" lon="-0.2752116">
        <ele>50.4</ele>
        <time>2026-08-06T12:03:13Z</time>
        <extensions><gpxtpx:TrackPointExtension><gpxtpx:hr>171</gpxtpx:hr></gpxtpx:TrackPointExtension><power>229</power></extensions>
      </trkpt>
      <trkpt lat="51.4404909" lon="-0.2751782">
        <ele>50.4</ele>
        <time>2026-08-06T12:03:14Z</time>
        <extensions><gpxtpx:TrackPointExtension><gpxtpx:hr>171</gpxtpx:hr></gpxtpx:TrackPointExtension><power>228</power></extensions>
      </trkpt>
      <trkpt lat="51.4404881" lon="-0.2751449">
        <ele>50.4</ele>
        <time>2026-08-06T12:03:15Z</time>
        <extensions><gpxtpx:TrackPointExtension><gpxtpx:hr>171</gpxtpx:hr></gpxtpx:TrackPointExtension><power>227</power></extensions>
      </trkpt>
      <trkpt lat="51.4404855" lon="-0.2751114">
        <ele>50.4</ele>
        <time>2026-08-06T12:03:16Z</time>
        <extensions><gpxtpx:TrackPointExtension><gpxtpx:hr>171</gpxtpx:hr></gpxtpx:TrackPointExtension><power>226</power></extensions>
      </trkpt>
      <trkpt lat="51.4404831" lon="-0.2750774">
        <ele>50.4</ele>
        <time>2026-08-06T12:03:17Z</time>
        <extensions><gpxtpx:TrackPointExtension><gpxtpx:hr>171</gpxtpx:hr></gpxtpx:TrackPointExtension><power>226</power></extensions>
      </trkpt>
      <trkpt lat="51.4404809" lon="-0.2750432">
        <ele>50.4</ele>
        <time>2026-08-06T12:03:18Z</time>
        <extensions><gpxtpx:TrackPointExtension><gpxtpx:hr>171</gpxtpx:hr></gpxtpx:TrackPointExtension><power>226</power></extensions>
      </trkpt>
      <trkpt lat="51.4404789" lon="-0.2750082">
        <ele>50.4</ele>
        <time>2026-08-06T12:03:19Z</time>
        <extensions><gpxtpx:TrackPointExtension><gpxtpx:hr>171</gpxtpx:hr></gpxtpx:TrackPointExtension><power>226</power></extensions>
      </trkpt>
      <trkpt lat="51.4404771" lon="-0.2749727">
        <ele>50.4</ele>
        <time>2026-08-06T12:03:20Z</time>
        <extensions><gpxtpx:TrackPointExtension><gpxtpx:hr>171</gpxtpx:hr></gpxtpx:TrackPointExtension><power>226</power></extensions>
      </trkpt>
      <trkpt lat="51.4404753" lon="-0.2749369">
        <ele>50.6</ele>
        <time>2026-08-06T12:03:21Z</time>
        <extensions><gpxtpx:TrackPointExtension><gpxtpx:hr>171</gpxtpx:hr></gpxtpx:TrackPointExtension><power>227</power></extensions>
      </trkpt>
      <trkpt lat="51.4404733" lon="-0.2749011">
        <ele>50.6</ele>
        <time>2026-08-06T12:03:22Z</time>
        <extensions><gpxtpx:TrackPointExtension><gpxtpx:hr>171</gpxtpx:hr></gpxtpx:TrackPointExtension><power>227</power></extensions>
      </trkpt>
      <trkpt lat="51.4404713" lon="-0.2748654">
        <ele>50.6</ele>
        <time>2026-08-06T12:03:23Z</time>
        <extensions><gpxtpx:TrackPointExtension><gpxtpx:hr>173</gpxtpx:hr></gpxtpx:TrackPointExtension><power>228</power></extensions>
      </trkpt>
      <trkpt lat="51.4404695" lon="-0.2748298">
        <ele>50.8</ele>
        <time>2026-08-06T12:03:24Z</time>
        <extensions><gpxtpx:TrackPointExtension><gpxtpx:hr>173</gpxtpx:hr></gpxtpx:TrackPointExtension><power>228</power></extensions>
      </trkpt>
      <trkpt lat="51.4404677" lon="-0.2747946">
        <ele>50.8</ele>
        <time>2026-08-06T12:03:25Z</time>
        <extensions><gpxtpx:TrackPointExtension><gpxtpx:hr>173</gpxtpx:hr></gpxtpx:TrackPointExtension><power>229</power></extensions>
      </trkpt>
      <trkpt lat="51.4404661" lon="-0.2747593">
        <ele>50.8</ele>
        <time>2026-08-06T12:03:26Z</time>
        <extensions><gpxtpx:TrackPointExtension><gpxtpx:hr>173</gpxtpx:hr></gpxtpx:TrackPointExtension><power>229</power></extensions>
      </trkpt>
      <trkpt lat="51.4404647" lon="-0.2747238">
        <ele>50.8</ele>
        <time>2026-08-06T12:03:27Z</time>
        <extensions><gpxtpx:TrackPointExtension><gpxtpx:hr>173</gpxtpx:hr></gpxtpx:TrackPointExtension><power>230</power></extensions>
      </trkpt>
      <trkpt lat="51.4404631" lon="-0.2746875">
        <ele>51.0</ele>
        <time>2026-08-06T12:03:28Z</time>
        <extensions><gpxtpx:TrackPointExtension><gpxtpx:hr>173</gpxtpx:hr></gpxtpx:TrackPointExtension><power>230</power></extensions>
      </trkpt>
      <trkpt lat="51.4404609" lon="-0.2746507">
        <ele>51.0</ele>
        <time>2026-08-06T12:03:29Z</time>
        <extensions><gpxtpx:TrackPointExtension><gpxtpx:hr>173</gpxtpx:hr></gpxtpx:TrackPointExtension><power>230</power></extensions>
      </trkpt>
      <trkpt lat="51.4404583" lon="-0.2746140">
        <ele>51.0</ele>
        <time>2026-08-06T12:03:30Z</time>
        <extensions><gpxtpx:TrackPointExtension><gpxtpx:hr>172</gpxtpx:hr></gpxtpx:TrackPointExtension><power>231</power></extensions>
      </trkpt>
      <trkpt lat="51.4404551" lon="-0.2745772">
        <ele>51.0</ele>
        <time>2026-08-06T12:03:31Z</time>
        <extensions><gpxtpx:TrackPointExtension><gpxtpx:hr>172</gpxtpx:hr></gpxtpx:TrackPointExtension><power>231</power></extensions>
      </trkpt>
      <trkpt lat="51.4404515" lon="-0.2745409">
        <ele>51.0</ele>
        <time>2026-08-06T12:03:32Z</time>
        <extensions><gpxtpx:TrackPointExtension><gpxtpx:hr>172</gpxtpx:hr></gpxtpx:TrackPointExtension><power>231</power></extensions>
      </trkpt>
      <trkpt lat="51.4404477" lon="-0.2745056">
        <ele>51.0</ele>
        <time>2026-08-06T12:03:33Z</time>
        <extensions><gpxtpx:TrackPointExtension><gpxtpx:hr>172</gpxtpx:hr></gpxtpx:TrackPointExtension><power>231</power></extensions>
      </trkpt>
      <trkpt lat="51.4404443" lon="-0.2744711">
        <ele>51.0</ele>
        <time>2026-08-06T12:03:34Z</time>
        <extensions><gpxtpx:TrackPointExtension><gpxtpx:hr>172</gpxtpx:hr></gpxtpx:TrackPointExtension><power>231</power></extensions>
      </trkpt>
      <trkpt lat="51.4404413" lon="-0.2744369">
        <ele>51.0</ele>
        <time>2026-08-06T12:03:35Z</time>
        <extensions><gpxtpx:TrackPointExtension><gpxtpx:hr>172</gpxtpx:hr></gpxtpx:TrackPointExtension><power>231</power></extensions>
      </trkpt>
      <trkpt lat="51.4404391" lon="-0.2744026">
        <ele>50.8</ele>
        <time>2026-08-06T12:03:36Z</time>
        <extensions><gpxtpx:TrackPointExtension><gpxtpx:hr>171</gpxtpx:hr></gpxtpx:TrackPointExtension><power>231</power></extensions>
      </trkpt>
      <trkpt lat="51.4404373" lon="-0.2743681">
        <ele>50.8</ele>
        <time>2026-08-06T12:03:37Z</time>
        <extensions><gpxtpx:TrackPointExtension><gpxtpx:hr>171</gpxtpx:hr></gpxtpx:TrackPointExtension><power>231</power></extensions>
      </trkpt>
      <trkpt lat="51.4404359" lon="-0.2743331">
        <ele>50.8</ele>
        <time>2026-08-06T12:03:38Z</time>
        <extensions><gpxtpx:TrackPointExtension><gpxtpx:hr>171</gpxtpx:hr></gpxtpx:TrackPointExtension><power>230</power></extensions>
      </trkpt>
      <trkpt lat="51.4404345" lon="-0.2742973">
        <ele>51.0</ele>
        <time>2026-08-06T12:03:39Z</time>
        <extensions><gpxtpx:TrackPointExtension><gpxtpx:hr>171</gpxtpx:hr></gpxtpx:TrackPointExtension><power>230</power></extensions>
      </trkpt>
      <trkpt lat="51.4404327" lon="-0.2742608">
        <ele>51.0</ele>
        <time>2026-08-06T12:03:40Z</time>
        <extensions><gpxtpx:TrackPointExtension><gpxtpx:hr>171</gpxtpx:hr></gpxtpx:TrackPointExtension><power>230</power></extensions>
      </trkpt>
      <trkpt lat="51.4404303" lon="-0.2742238">
        <ele>51.0</ele>
        <time>2026-08-06T12:03:41Z</time>
        <extensions><gpxtpx:TrackPointExtension><gpxtpx:hr>171</gpxtpx:hr></gpxtpx:TrackPointExtension><power>230</power></extensions>
      </trkpt>
      <trkpt lat="51.4404277" lon="-0.2741862">
        <ele>51.0</ele>
        <time>2026-08-06T12:03:42Z</time>
        <extensions><gpxtpx:TrackPointExtension><gpxtpx:hr>171</gpxtpx:hr></gpxtpx:TrackPointExtension><power>231</power></extensions>
      </trkpt>
      <trkpt lat="51.4404251" lon="-0.2741479">
        <ele>51.0</ele>
        <time>2026-08-06T12:03:43Z</time>
        <extensions><gpxtpx:TrackPointExtension><gpxtpx:hr>171</gpxtpx:hr></gpxtpx:TrackPointExtension><power>232</power></extensions>
      </trkpt>
      <trkpt lat="51.4404225" lon="-0.2741096">
        <ele>51.0</ele>
        <time>2026-08-06T12:03:44Z</time>
        <extensions><gpxtpx:TrackPointExtension><gpxtpx:hr>171</gpxtpx:hr></gpxtpx:TrackPointExtension><power>232</power></extensions>
      </trkpt>
      <trkpt lat="51.4404203" lon="-0.2740716">
        <ele>51.0</ele>
        <time>2026-08-06T12:03:45Z</time>
        <extensions><gpxtpx:TrackPointExtension><gpxtpx:hr>170</gpxtpx:hr></gpxtpx:TrackPointExtension><power>233</power></extensions>
      </trkpt>
      <trkpt lat="51.4404183" lon="-0.2740335">
        <ele>51.0</ele>
        <time>2026-08-06T12:03:46Z</time>
        <extensions><gpxtpx:TrackPointExtension><gpxtpx:hr>170</gpxtpx:hr></gpxtpx:TrackPointExtension><power>234</power></extensions>
      </trkpt>
      <trkpt lat="51.4404165" lon="-0.2739960">
        <ele>51.2</ele>
        <time>2026-08-06T12:03:47Z</time>
        <extensions><gpxtpx:TrackPointExtension><gpxtpx:hr>170</gpxtpx:hr></gpxtpx:TrackPointExtension><power>234</power></extensions>
      </trkpt>
      <trkpt lat="51.4404143" lon="-0.2739592">
        <ele>51.2</ele>
        <time>2026-08-06T12:03:48Z</time>
        <extensions><gpxtpx:TrackPointExtension><gpxtpx:hr>170</gpxtpx:hr></gpxtpx:TrackPointExtension><power>234</power></extensions>
      </trkpt>
      <trkpt lat="51.4404117" lon="-0.2739226">
        <ele>51.2</ele>
        <time>2026-08-06T12:03:49Z</time>
        <extensions><gpxtpx:TrackPointExtension><gpxtpx:hr>170</gpxtpx:hr></gpxtpx:TrackPointExtension><power>235</power></extensions>
      </trkpt>
      <trkpt lat="51.4404087" lon="-0.2738866">
        <ele>51.2</ele>
        <time>2026-08-06T12:03:50Z</time>
        <extensions><gpxtpx:TrackPointExtension><gpxtpx:hr>170</gpxtpx:hr></gpxtpx:TrackPointExtension><power>234</power></extensions>
      </trkpt>
      <trkpt lat="51.4404055" lon="-0.2738514">
        <ele>51.2</ele>
        <time>2026-08-06T12:03:51Z</time>
        <extensions><gpxtpx:TrackPointExtension><gpxtpx:hr>170</gpxtpx:hr></gpxtpx:TrackPointExtension><power>233</power></extensions>
      </trkpt>
      <trkpt lat="51.4404019" lon="-0.2738166">
        <ele>51.2</ele>
        <time>2026-08-06T12:03:52Z</time>
        <extensions><gpxtpx:TrackPointExtension><gpxtpx:hr>170</gpxtpx:hr></gpxtpx:TrackPointExtension><power>233</power></extensions>
      </trkpt>
      <trkpt lat="51.4403981" lon="-0.2737821">
        <ele>51.2</ele>
        <time>2026-08-06T12:03:53Z</time>
        <extensions><gpxtpx:TrackPointExtension><gpxtpx:hr>170</gpxtpx:hr></gpxtpx:TrackPointExtension><power>232</power></extensions>
      </trkpt>
      <trkpt lat="51.4403943" lon="-0.2737481">
        <ele>51.2</ele>
        <time>2026-08-06T12:03:54Z</time>
        <extensions><gpxtpx:TrackPointExtension><gpxtpx:hr>170</gpxtpx:hr></gpxtpx:TrackPointExtension><power>231</power></extensions>
      </trkpt>
      <trkpt lat="51.4403907" lon="-0.2737141">
        <ele>51.0</ele>
        <time>2026-08-06T12:03:55Z</time>
        <extensions><gpxtpx:TrackPointExtension><gpxtpx:hr>170</gpxtpx:hr></gpxtpx:TrackPointExtension><power>231</power></extensions>
      </trkpt>
      <trkpt lat="51.4403871" lon="-0.2736799">
        <ele>51.0</ele>
        <time>2026-08-06T12:03:56Z</time>
        <extensions><gpxtpx:TrackPointExtension><gpxtpx:hr>170</gpxtpx:hr></gpxtpx:TrackPointExtension><power>230</power></extensions>
      </trkpt>
      <trkpt lat="51.4403835" lon="-0.2736454">
        <ele>51.0</ele>
        <time>2026-08-06T12:03:57Z</time>
        <extensions><gpxtpx:TrackPointExtension><gpxtpx:hr>170</gpxtpx:hr></gpxtpx:TrackPointExtension><power>230</power></extensions>
      </trkpt>
      <trkpt lat="51.4403799" lon="-0.2736109">
        <ele>51.0</ele>
        <time>2026-08-06T12:03:58Z</time>
        <extensions><gpxtpx:TrackPointExtension><gpxtpx:hr>170</gpxtpx:hr></gpxtpx:TrackPointExtension><power>229</power></extensions>
      </trkpt>
      <trkpt lat="51.4403763" lon="-0.2735766">
        <ele>51.0</ele>
        <time>2026-08-06T12:03:59Z</time>
        <extensions><gpxtpx:TrackPointExtension><gpxtpx:hr>170</gpxtpx:hr></gpxtpx:TrackPointExtension><power>229</power></extensions>
      </trkpt>
      <trkpt lat="51.4403723" lon="-0.2735424">
        <ele>51.0</ele>
        <time>2026-08-06T12:04:00Z</time>
        <extensions><gpxtpx:TrackPointExtension><gpxtpx:hr>170</gpxtpx:hr></gpxtpx:TrackPointExtension><power>228</power></extensions>
      </trkpt>
      <trkpt lat="51.4403683" lon="-0.2735084">
        <ele>51.0</ele>
        <time>2026-08-06T12:04:01Z</time>
        <extensions><gpxtpx:TrackPointExtension><gpxtpx:hr>170</gpxtpx:hr></gpxtpx:TrackPointExtension><power>228</power></extensions>
      </trkpt>
      <trkpt lat="51.4403643" lon="-0.2734746">
        <ele>51.0</ele>
        <time>2026-08-06T12:04:02Z</time>
        <extensions><gpxtpx:TrackPointExtension><gpxtpx:hr>170</gpxtpx:hr></gpxtpx:TrackPointExtension><power>228</power></extensions>
      </trkpt>
      <trkpt lat="51.4403605" lon="-0.2734409">
        <ele>51.2</ele>
        <time>2026-08-06T12:04:03Z</time>
        <extensions><gpxtpx:TrackPointExtension><gpxtpx:hr>171</gpxtpx:hr></gpxtpx:TrackPointExtension><power>228</power></extensions>
      </trkpt>
      <trkpt lat="51.4403569" lon="-0.2734071">
        <ele>51.2</ele>
        <time>2026-08-06T12:04:04Z</time>
        <extensions><gpxtpx:TrackPointExtension><gpxtpx:hr>171</gpxtpx:hr></gpxtpx:TrackPointExtension><power>228</power></extensions>
      </trkpt>
      <trkpt lat="51.4403535" lon="-0.2733734">
        <ele>51.2</ele>
        <time>2026-08-06T12:04:05Z</time>
        <extensions><gpxtpx:TrackPointExtension><gpxtpx:hr>171</gpxtpx:hr></gpxtpx:TrackPointExtension><power>228</power></extensions>
      </trkpt>
      <trkpt lat="51.4403499" lon="-0.2733399">
        <ele>51.2</ele>
        <time>2026-08-06T12:04:06Z</time>
        <extensions><gpxtpx:TrackPointExtension><gpxtpx:hr>171</gpxtpx:hr></gpxtpx:TrackPointExtension><power>227</power></extensions>
      </trkpt>
      <trkpt lat="51.4403461" lon="-0.2733064">
        <ele>51.2</ele>
        <time>2026-08-06T12:04:07Z</time>
        <extensions><gpxtpx:TrackPointExtension><gpxtpx:hr>171</gpxtpx:hr></gpxtpx:TrackPointExtension><power>227</power></extensions>
      </trkpt>
      <trkpt lat="51.4403423" lon="-0.2732729">
        <ele>51.2</ele>
        <time>2026-08-06T12:04:08Z</time>
        <extensions><gpxtpx:TrackPointExtension><gpxtpx:hr>171</gpxtpx:hr></gpxtpx:TrackPointExtension><power>226</power></extensions>
      </trkpt>
      <trkpt lat="51.4403387" lon="-0.2732397">
        <ele>51.2</ele>
        <time>2026-08-06T12:04:09Z</time>
        <extensions><gpxtpx:TrackPointExtension><gpxtpx:hr>171</gpxtpx:hr></gpxtpx:TrackPointExtension><power>226</power></extensions>
      </trkpt>
      <trkpt lat="51.4403355" lon="-0.2732070">
        <ele>51.2</ele>
        <time>2026-08-06T12:04:10Z</time>
        <extensions><gpxtpx:TrackPointExtension><gpxtpx:hr>171</gpxtpx:hr></gpxtpx:TrackPointExtension><power>225</power></extensions>
      </trkpt>
      <trkpt lat="51.4403325" lon="-0.2731748">
        <ele>51.2</ele>
        <time>2026-08-06T12:04:11Z</time>
        <extensions><gpxtpx:TrackPointExtension><gpxtpx:hr>171</gpxtpx:hr></gpxtpx:TrackPointExtension><power>225</power></extensions>
      </trkpt>
      <trkpt lat="51.4403301" lon="-0.2731428">
        <ele>51.2</ele>
        <time>2026-08-06T12:04:12Z</time>
        <extensions><gpxtpx:TrackPointExtension><gpxtpx:hr>169</gpxtpx:hr></gpxtpx:TrackPointExtension><power>224</power></extensions>
      </trkpt>
      <trkpt lat="51.4403277" lon="-0.2731111">
        <ele>51.2</ele>
        <time>2026-08-06T12:04:13Z</time>
        <extensions><gpxtpx:TrackPointExtension><gpxtpx:hr>169</gpxtpx:hr></gpxtpx:TrackPointExtension><power>223</power></extensions>
      </trkpt>
      <trkpt lat="51.4403255" lon="-0.2730791">
        <ele>51.2</ele>
        <time>2026-08-06T12:04:14Z</time>
        <extensions><gpxtpx:TrackPointExtension><gpxtpx:hr>169</gpxtpx:hr></gpxtpx:TrackPointExtension><power>223</power></extensions>
      </trkpt>
      <trkpt lat="51.4403235" lon="-0.2730469">
        <ele>51.4</ele>
        <time>2026-08-06T12:04:15Z</time>
        <extensions><gpxtpx:TrackPointExtension><gpxtpx:hr>169</gpxtpx:hr></gpxtpx:TrackPointExtension><power>223</power></extensions>
      </trkpt>
      <trkpt lat="51.4403217" lon="-0.2730144">
        <ele>51.4</ele>
        <time>2026-08-06T12:04:16Z</time>
        <extensions><gpxtpx:TrackPointExtension><gpxtpx:hr>169</gpxtpx:hr></gpxtpx:TrackPointExtension><power>223</power></extensions>
      </trkpt>
      <trkpt lat="51.4403201" lon="-0.2729822">
        <ele>51.4</ele>
        <time>2026-08-06T12:04:17Z</time>
        <extensions><gpxtpx:TrackPointExtension><gpxtpx:hr>169</gpxtpx:hr></gpxtpx:TrackPointExtension><power>223</power></extensions>
      </trkpt>
      <trkpt lat="51.4403187" lon="-0.2729505">
        <ele>51.4</ele>
        <time>2026-08-06T12:04:18Z</time>
        <extensions><gpxtpx:TrackPointExtension><gpxtpx:hr>168</gpxtpx:hr></gpxtpx:TrackPointExtension><power>222</power></extensions>
      </trkpt>
      <trkpt lat="51.4403169" lon="-0.2729193">
        <ele>51.4</ele>
        <time>2026-08-06T12:04:19Z</time>
        <extensions><gpxtpx:TrackPointExtension><gpxtpx:hr>168</gpxtpx:hr></gpxtpx:TrackPointExtension><power>221</power></extensions>
      </trkpt>
      <trkpt lat="51.4403149" lon="-0.2728886">
        <ele>51.4</ele>
        <time>2026-08-06T12:04:20Z</time>
        <extensions><gpxtpx:TrackPointExtension><gpxtpx:hr>168</gpxtpx:hr></gpxtpx:TrackPointExtension><power>220</power></extensions>
      </trkpt>
      <trkpt lat="51.4403129" lon="-0.2728584">
        <ele>51.4</ele>
        <time>2026-08-06T12:04:21Z</time>
        <extensions><gpxtpx:TrackPointExtension><gpxtpx:hr>168</gpxtpx:hr></gpxtpx:TrackPointExtension><power>219</power></extensions>
      </trkpt>
      <trkpt lat="51.4403111" lon="-0.2728285">
        <ele>51.4</ele>
        <time>2026-08-06T12:04:22Z</time>
        <extensions><gpxtpx:TrackPointExtension><gpxtpx:hr>168</gpxtpx:hr></gpxtpx:TrackPointExtension><power>218</power></extensions>
      </trkpt>
      <trkpt lat="51.4403097" lon="-0.2727983">
        <ele>51.4</ele>
        <time>2026-08-06T12:04:23Z</time>
        <extensions><gpxtpx:TrackPointExtension><gpxtpx:hr>168</gpxtpx:hr></gpxtpx:TrackPointExtension><power>217</power></extensions>
      </trkpt>
      <trkpt lat="51.4403089" lon="-0.2727671">
        <ele>51.4</ele>
        <time>2026-08-06T12:04:24Z</time>
        <extensions><gpxtpx:TrackPointExtension><gpxtpx:hr>168</gpxtpx:hr></gpxtpx:TrackPointExtension><power>218</power></extensions>
      </trkpt>
      <trkpt lat="51.4403083" lon="-0.2727344">
        <ele>51.4</ele>
        <time>2026-08-06T12:04:25Z</time>
        <extensions><gpxtpx:TrackPointExtension><gpxtpx:hr>168</gpxtpx:hr></gpxtpx:TrackPointExtension><power>218</power></extensions>
      </trkpt>
      <trkpt lat="51.4403081" lon="-0.2727001">
        <ele>51.4</ele>
        <time>2026-08-06T12:04:26Z</time>
        <extensions><gpxtpx:TrackPointExtension><gpxtpx:hr>168</gpxtpx:hr></gpxtpx:TrackPointExtension><power>219</power></extensions>
      </trkpt>
      <trkpt lat="51.4403075" lon="-0.2726643">
        <ele>51.4</ele>
        <time>2026-08-06T12:04:27Z</time>
        <extensions><gpxtpx:TrackPointExtension><gpxtpx:hr>168</gpxtpx:hr></gpxtpx:TrackPointExtension><power>221</power></extensions>
      </trkpt>
      <trkpt lat="51.4403061" lon="-0.2726276">
        <ele>51.4</ele>
        <time>2026-08-06T12:04:28Z</time>
        <extensions><gpxtpx:TrackPointExtension><gpxtpx:hr>168</gpxtpx:hr></gpxtpx:TrackPointExtension><power>222</power></extensions>
      </trkpt>
      <trkpt lat="51.4403041" lon="-0.2725908">
        <ele>51.4</ele>
        <time>2026-08-06T12:04:29Z</time>
        <extensions><gpxtpx:TrackPointExtension><gpxtpx:hr>168</gpxtpx:hr></gpxtpx:TrackPointExtension><power>223</power></extensions>
      </trkpt>
      <trkpt lat="51.4403013" lon="-0.2725548">
        <ele>51.4</ele>
        <time>2026-08-06T12:04:30Z</time>
        <extensions><gpxtpx:TrackPointExtension><gpxtpx:hr>168</gpxtpx:hr></gpxtpx:TrackPointExtension><power>223</power></extensions>
      </trkpt>
      <trkpt lat="51.4402977" lon="-0.2725192">
        <ele>51.4</ele>
        <time>2026-08-06T12:04:31Z</time>
        <extensions><gpxtpx:TrackPointExtension><gpxtpx:hr>168</gpxtpx:hr></gpxtpx:TrackPointExtension><power>223</power></extensions>
      </trkpt>
      <trkpt lat="51.4402941" lon="-0.2724842">
        <ele>51.4</ele>
        <time>2026-08-06T12:04:32Z</time>
        <extensions><gpxtpx:TrackPointExtension><gpxtpx:hr>168</gpxtpx:hr></gpxtpx:TrackPointExtension><power>223</power></extensions>
      </trkpt>
      <trkpt lat="51.4402909" lon="-0.2724500">
        <ele>51.6</ele>
        <time>2026-08-06T12:04:33Z</time>
        <extensions><gpxtpx:TrackPointExtension><gpxtpx:hr>165</gpxtpx:hr></gpxtpx:TrackPointExtension><power>223</power></extensions>
      </trkpt>
      <trkpt lat="51.4402879" lon="-0.2724160">
        <ele>51.6</ele>
        <time>2026-08-06T12:04:34Z</time>
        <extensions><gpxtpx:TrackPointExtension><gpxtpx:hr>165</gpxtpx:hr></gpxtpx:TrackPointExtension><power>223</power></extensions>
      </trkpt>
      <trkpt lat="51.4402855" lon="-0.2723825">
        <ele>51.6</ele>
        <time>2026-08-06T12:04:35Z</time>
        <extensions><gpxtpx:TrackPointExtension><gpxtpx:hr>165</gpxtpx:hr></gpxtpx:TrackPointExtension><power>223</power></extensions>
      </trkpt>
      <trkpt lat="51.4402833" lon="-0.2723495">
        <ele>51.8</ele>
        <time>2026-08-06T12:04:36Z</time>
        <extensions><gpxtpx:TrackPointExtension><gpxtpx:hr>164</gpxtpx:hr></gpxtpx:TrackPointExtension><power>223</power></extensions>
      </trkpt>
      <trkpt lat="51.4402807" lon="-0.2723170">
        <ele>51.8</ele>
        <time>2026-08-06T12:04:37Z</time>
        <extensions><gpxtpx:TrackPointExtension><gpxtpx:hr>164</gpxtpx:hr></gpxtpx:TrackPointExtension><power>223</power></extensions>
      </trkpt>
      <trkpt lat="51.4402783" lon="-0.2722848">
        <ele>51.8</ele>
        <time>2026-08-06T12:04:38Z</time>
        <extensions><gpxtpx:TrackPointExtension><gpxtpx:hr>164</gpxtpx:hr></gpxtpx:TrackPointExtension><power>222</power></extensions>
      </trkpt>
      <trkpt lat="51.4402761" lon="-0.2722534">
        <ele>51.8</ele>
        <time>2026-08-06T12:04:39Z</time>
        <extensions><gpxtpx:TrackPointExtension><gpxtpx:hr>164</gpxtpx:hr></gpxtpx:TrackPointExtension><power>221</power></extensions>
      </trkpt>
      <trkpt lat="51.4402743" lon="-0.2722217">
        <ele>51.8</ele>
        <time>2026-08-06T12:04:40Z</time>
        <extensions><gpxtpx:TrackPointExtension><gpxtpx:hr>164</gpxtpx:hr></gpxtpx:TrackPointExtension><power>220</power></extensions>
      </trkpt>
      <trkpt lat="51.4402731" lon="-0.2721900">
        <ele>51.8</ele>
        <time>2026-08-06T12:04:41Z</time>
        <extensions><gpxtpx:TrackPointExtension><gpxtpx:hr>164</gpxtpx:hr></gpxtpx:TrackPointExtension><power>220</power></extensions>
      </trkpt>
      <trkpt lat="51.4402725" lon="-0.2721582">
        <ele>51.8</ele>
        <time>2026-08-06T12:04:42Z</time>
        <extensions><gpxtpx:TrackPointExtension><gpxtpx:hr>164</gpxtpx:hr></gpxtpx:TrackPointExtension><power>219</power></extensions>
      </trkpt>
      <trkpt lat="51.4402717" lon="-0.2721263">
        <ele>51.8</ele>
        <time>2026-08-06T12:04:43Z</time>
        <extensions><gpxtpx:TrackPointExtension><gpxtpx:hr>165</gpxtpx:hr></gpxtpx:TrackPointExtension><power>218</power></extensions>
      </trkpt>
      <trkpt lat="51.4402707" lon="-0.2720938">
        <ele>51.8</ele>
        <time>2026-08-06T12:04:44Z</time>
        <extensions><gpxtpx:TrackPointExtension><gpxtpx:hr>165</gpxtpx:hr></gpxtpx:TrackPointExtension><power>218</power></extensions>
      </trkpt>
      <trkpt lat="51.4402693" lon="-0.2720613">
        <ele>51.8</ele>
        <time>2026-08-06T12:04:45Z</time>
        <extensions><gpxtpx:TrackPointExtension><gpxtpx:hr>165</gpxtpx:hr></gpxtpx:TrackPointExtension><power>218</power></extensions>
      </trkpt>
      <trkpt lat="51.4402673" lon="-0.2720286">
        <ele>51.8</ele>
        <time>2026-08-06T12:04:46Z</time>
        <extensions><gpxtpx:TrackPointExtension><gpxtpx:hr>165</gpxtpx:hr></gpxtpx:TrackPointExtension><power>218</power></extensions>
      </trkpt>
      <trkpt lat="51.4402649" lon="-0.2719954">
        <ele>51.8</ele>
        <time>2026-08-06T12:04:47Z</time>
        <extensions><gpxtpx:TrackPointExtension><gpxtpx:hr>165</gpxtpx:hr></gpxtpx:TrackPointExtension><power>218</power></extensions>
      </trkpt>
      <trkpt lat="51.4402621" lon="-0.2719621">
        <ele>52.0</ele>
        <time>2026-08-06T12:04:48Z</time>
        <extensions><gpxtpx:TrackPointExtension><gpxtpx:hr>165</gpxtpx:hr></gpxtpx:TrackPointExtension><power>218</power></extensions>
      </trkpt>
      <trkpt lat="51.4402589" lon="-0.2719287">
        <ele>52.0</ele>
        <time>2026-08-06T12:04:49Z</time>
        <extensions><gpxtpx:TrackPointExtension><gpxtpx:hr>165</gpxtpx:hr></gpxtpx:TrackPointExtension><power>218</power></extensions>
      </trkpt>
      <trkpt lat="51.4402553" lon="-0.2718954">
        <ele>52.0</ele>
        <time>2026-08-06T12:04:50Z</time>
        <extensions><gpxtpx:TrackPointExtension><gpxtpx:hr>167</gpxtpx:hr></gpxtpx:TrackPointExtension><power>218</power></extensions>
      </trkpt>
      <trkpt lat="51.4402517" lon="-0.2718624">
        <ele>52.2</ele>
        <time>2026-08-06T12:04:51Z</time>
        <extensions><gpxtpx:TrackPointExtension><gpxtpx:hr>167</gpxtpx:hr></gpxtpx:TrackPointExtension><power>219</power></extensions>
      </trkpt>
      <trkpt lat="51.4402479" lon="-0.2718302">
        <ele>52.2</ele>
        <time>2026-08-06T12:04:52Z</time>
        <extensions><gpxtpx:TrackPointExtension><gpxtpx:hr>167</gpxtpx:hr></gpxtpx:TrackPointExtension><power>219</power></extensions>
      </trkpt>
      <trkpt lat="51.4402443" lon="-0.2717983">
        <ele>52.2</ele>
        <time>2026-08-06T12:04:53Z</time>
        <extensions><gpxtpx:TrackPointExtension><gpxtpx:hr>167</gpxtpx:hr></gpxtpx:TrackPointExtension><power>219</power></extensions>
      </trkpt>
      <trkpt lat="51.4402413" lon="-0.2717668">
        <ele>52.4</ele>
        <time>2026-08-06T12:04:54Z</time>
        <extensions><gpxtpx:TrackPointExtension><gpxtpx:hr>167</gpxtpx:hr></gpxtpx:TrackPointExtension><power>218</power></extensions>
      </trkpt>
      <trkpt lat="51.4402391" lon="-0.2717351">
        <ele>52.4</ele>
        <time>2026-08-06T12:04:55Z</time>
        <extensions><gpxtpx:TrackPointExtension><gpxtpx:hr>167</gpxtpx:hr></gpxtpx:TrackPointExtension><power>218</power></extensions>
      </trkpt>
      <trkpt lat="51.4402373" lon="-0.2717031">
        <ele>52.6</ele>
        <time>2026-08-06T12:04:56Z</time>
        <extensions><gpxtpx:TrackPointExtension><gpxtpx:hr>167</gpxtpx:hr></gpxtpx:TrackPointExtension><power>217</power></extensions>
      </trkpt>
      <trkpt lat="51.4402365" lon="-0.2716709">
        <ele>52.6</ele>
        <time>2026-08-06T12:04:57Z</time>
        <extensions><gpxtpx:TrackPointExtension><gpxtpx:hr>167</gpxtpx:hr></gpxtpx:TrackPointExtension><power>219</power></extensions>
      </trkpt>
      <trkpt lat="51.4402371" lon="-0.2716384">
        <ele>52.8</ele>
        <time>2026-08-06T12:04:58Z</time>
        <extensions><gpxtpx:TrackPointExtension><gpxtpx:hr>168</gpxtpx:hr></gpxtpx:TrackPointExtension><power>220</power></extensions>
      </trkpt>
      <trkpt lat="51.4402397" lon="-0.2716065">
        <ele>53.0</ele>
        <time>2026-08-06T12:04:59Z</time>
        <extensions><gpxtpx:TrackPointExtension><gpxtpx:hr>168</gpxtpx:hr></gpxtpx:TrackPointExtension><power>222</power></extensions>
      </trkpt>
      <trkpt lat="51.4402449" lon="-0.2715763">
        <ele>53.2</ele>
        <time>2026-08-06T12:05:00Z</time>
        <extensions><gpxtpx:TrackPointExtension><gpxtpx:hr>168</gpxtpx:hr></gpxtpx:TrackPointExtension><power>223</power></extensions>
      </trkpt>
      <trkpt lat="51.4402535" lon="-0.2715494">
        <ele>53.4</ele>
        <time>2026-08-06T12:05:01Z</time>
        <extensions><gpxtpx:TrackPointExtension><gpxtpx:hr>168</gpxtpx:hr></gpxtpx:TrackPointExtension><power>224</power></extensions>
      </trkpt>
      <trkpt lat="51.4402651" lon="-0.2715268">
        <ele>53.6</ele>
        <time>2026-08-06T12:05:02Z</time>
        <extensions><gpxtpx:TrackPointExtension><gpxtpx:hr>168</gpxtpx:hr></gpxtpx:TrackPointExtension><power>250</power></extensions>
      </trkpt>
      <trkpt lat="51.4402789" lon="-0.2715098">
        <ele>53.8</ele>
        <time>2026-08-06T12:05:03Z</time>
        <extensions><gpxtpx:TrackPointExtension><gpxtpx:hr>168</gpxtpx:hr></gpxtpx:TrackPointExtension><power>276</power></extensions>
      </trkpt>
      <trkpt lat="51.4402937" lon="-0.2714986">
        <ele>54.0</ele>
        <time>2026-08-06T12:05:04Z</time>
        <extensions><gpxtpx:TrackPointExtension><gpxtpx:hr>168</gpxtpx:hr></gpxtpx:TrackPointExtension><power>302</power></extensions>
      </trkpt>
      <trkpt lat="51.4403085" lon="-0.2714926">
        <ele>54.2</ele>
        <time>2026-08-06T12:05:05Z</time>
        <extensions><gpxtpx:TrackPointExtension><gpxtpx:hr>168</gpxtpx:hr></gpxtpx:TrackPointExtension><power>323</power></extensions>
      </trkpt>
      <trkpt lat="51.4403227" lon="-0.2714900">
        <ele>54.4</ele>
        <time>2026-08-06T12:05:06Z</time>
        <extensions><gpxtpx:TrackPointExtension><gpxtpx:hr>168</gpxtpx:hr></gpxtpx:TrackPointExtension><power>344</power></extensions>
      </trkpt>
      <trkpt lat="51.4403363" lon="-0.2714895">
        <ele>54.6</ele>
        <time>2026-08-06T12:05:07Z</time>
        <extensions><gpxtpx:TrackPointExtension><gpxtpx:hr>168</gpxtpx:hr></gpxtpx:TrackPointExtension><power>330</power></extensions>
      </trkpt>
      <trkpt lat="51.4403497" lon="-0.2714900">
        <ele>54.6</ele>
        <time>2026-08-06T12:05:08Z</time>
        <extensions><gpxtpx:TrackPointExtension><gpxtpx:hr>168</gpxtpx:hr></gpxtpx:TrackPointExtension><power>315</power></extensions>
      </trkpt>
      <trkpt lat="51.4403629" lon="-0.2714900">
        <ele>54.6</ele>
        <time>2026-08-06T12:05:09Z</time>
        <extensions><gpxtpx:TrackPointExtension><gpxtpx:hr>165</gpxtpx:hr></gpxtpx:TrackPointExtension><power>300</power></extensions>
      </trkpt>
      <trkpt lat="51.4403761" lon="-0.2714890">
        <ele>54.6</ele>
        <time>2026-08-06T12:05:10Z</time>
        <extensions><gpxtpx:TrackPointExtension><gpxtpx:hr>165</gpxtpx:hr></gpxtpx:TrackPointExtension><power>282</power></extensions>
      </trkpt>
      <trkpt lat="51.4403897" lon="-0.2714865">
        <ele>54.4</ele>
        <time>2026-08-06T12:05:11Z</time>
        <extensions><gpxtpx:TrackPointExtension><gpxtpx:hr>165</gpxtpx:hr></gpxtpx:TrackPointExtension><power>263</power></extensions>
      </trkpt>
      <trkpt lat="51.4404039" lon="-0.2714827">
        <ele>54.4</ele>
        <time>2026-08-06T12:05:12Z</time>
        <extensions><gpxtpx:TrackPointExtension><gpxtpx:hr>165</gpxtpx:hr></gpxtpx:TrackPointExtension><power>248</power></extensions>
      </trkpt>
      <trkpt lat="51.4404183" lon="-0.2714773">
        <ele>54.4</ele>
        <time>2026-08-06T12:05:13Z</time>
        <extensions><gpxtpx:TrackPointExtension><gpxtpx:hr>165</gpxtpx:hr></gpxtpx:TrackPointExtension><power>233</power></extensions>
      </trkpt>
      <trkpt lat="51.4404329" lon="-0.2714710">
        <ele>54.2</ele>
        <time>2026-08-06T12:05:14Z</time>
        <extensions><gpxtpx:TrackPointExtension><gpxtpx:hr>165</gpxtpx:hr></gpxtpx:TrackPointExtension><power>218</power></extensions>
      </trkpt>
      <trkpt lat="51.4404473" lon="-0.2714639">
        <ele>54.2</ele>
        <time>2026-08-06T12:05:15Z</time>
        <extensions><gpxtpx:TrackPointExtension><gpxtpx:hr>165</gpxtpx:hr></gpxtpx:TrackPointExtension><power>205</power></extensions>
      </trkpt>
      <trkpt lat="51.4404611" lon="-0.2714568">
        <ele>54.0</ele>
        <time>2026-08-06T12:05:16Z</time>
        <extensions><gpxtpx:TrackPointExtension><gpxtpx:hr>165</gpxtpx:hr></gpxtpx:TrackPointExtension><power>192</power></extensions>
      </trkpt>
      <trkpt lat="51.4404739" lon="-0.2714494">
        <ele>54.0</ele>
        <time>2026-08-06T12:05:17Z</time>
        <extensions><gpxtpx:TrackPointExtension><gpxtpx:hr>165</gpxtpx:hr></gpxtpx:TrackPointExtension><power>183</power></extensions>
      </trkpt>
      <trkpt lat="51.4404857" lon="-0.2714418">
        <ele>54.0</ele>
        <time>2026-08-06T12:05:18Z</time>
        <extensions><gpxtpx:TrackPointExtension><gpxtpx:hr>156</gpxtpx:hr></gpxtpx:TrackPointExtension><power>175</power></extensions>
      </trkpt>
      <trkpt lat="51.4404963" lon="-0.2714342">
        <ele>54.0</ele>
        <time>2026-08-06T12:05:19Z</time>
        <extensions><gpxtpx:TrackPointExtension><gpxtpx:hr>156</gpxtpx:hr></gpxtpx:TrackPointExtension><power>166</power></extensions>
      </trkpt>
      <trkpt lat="51.4405063" lon="-0.2714266">
        <ele>54.0</ele>
        <time>2026-08-06T12:05:20Z</time>
        <extensions><gpxtpx:TrackPointExtension><gpxtpx:hr>156</gpxtpx:hr></gpxtpx:TrackPointExtension><power>162</power></extensions>
      </trkpt>
      <trkpt lat="51.4405159" lon="-0.2714185">
        <ele>54.0</ele>
        <time>2026-08-06T12:05:21Z</time>
        <extensions><gpxtpx:TrackPointExtension><gpxtpx:hr>156</gpxtpx:hr></gpxtpx:TrackPointExtension><power>158</power></extensions>
      </trkpt>
      <trkpt lat="51.4405257" lon="-0.2714098">
        <ele>54.0</ele>
        <time>2026-08-06T12:05:22Z</time>
        <extensions><gpxtpx:TrackPointExtension><gpxtpx:hr>156</gpxtpx:hr></gpxtpx:TrackPointExtension><power>156</power></extensions>
      </trkpt>
      <trkpt lat="51.4405363" lon="-0.2714007">
        <ele>54.0</ele>
        <time>2026-08-06T12:05:23Z</time>
        <extensions><gpxtpx:TrackPointExtension><gpxtpx:hr>154</gpxtpx:hr></gpxtpx:TrackPointExtension><power>150</power></extensions>
      </trkpt>
      <trkpt lat="51.4405483" lon="-0.2713908">
        <ele>54.0</ele>
        <time>2026-08-06T12:05:24Z</time>
        <extensions><gpxtpx:TrackPointExtension><gpxtpx:hr>154</gpxtpx:hr></gpxtpx:TrackPointExtension><power>144</power></extensions>
      </trkpt>
      <trkpt lat="51.4405619" lon="-0.2713799">
        <ele>53.8</ele>
        <time>2026-08-06T12:05:25Z</time>
        <extensions><gpxtpx:TrackPointExtension><gpxtpx:hr>154</gpxtpx:hr></gpxtpx:TrackPointExtension><power>142</power></extensions>
      </trkpt>
      <trkpt lat="51.4405769" lon="-0.2713685">
        <ele>53.8</ele>
        <time>2026-08-06T12:05:26Z</time>
        <extensions><gpxtpx:TrackPointExtension><gpxtpx:hr>154</gpxtpx:hr></gpxtpx:TrackPointExtension><power>140</power></extensions>
      </trkpt>
      <trkpt lat="51.4405933" lon="-0.2713568">
        <ele>53.8</ele>
        <time>2026-08-06T12:05:27Z</time>
        <extensions><gpxtpx:TrackPointExtension><gpxtpx:hr>154</gpxtpx:hr></gpxtpx:TrackPointExtension><power>138</power></extensions>
      </trkpt>
      <trkpt lat="51.4406107" lon="-0.2713452">
        <ele>53.8</ele>
        <time>2026-08-06T12:05:28Z</time>
        <extensions><gpxtpx:TrackPointExtension><gpxtpx:hr>154</gpxtpx:hr></gpxtpx:TrackPointExtension><power>144</power></extensions>
      </trkpt>
      <trkpt lat="51.4406291" lon="-0.2713337">
        <ele>53.8</ele>
        <time>2026-08-06T12:05:29Z</time>
        <extensions><gpxtpx:TrackPointExtension><gpxtpx:hr>154</gpxtpx:hr></gpxtpx:TrackPointExtension><power>150</power></extensions>
      </trkpt>
      <trkpt lat="51.4406483" lon="-0.2713228">
        <ele>53.8</ele>
        <time>2026-08-06T12:05:30Z</time>
        <extensions><gpxtpx:TrackPointExtension><gpxtpx:hr>154</gpxtpx:hr></gpxtpx:TrackPointExtension><power>167</power></extensions>
      </trkpt>
      <trkpt lat="51.4406681" lon="-0.2713122">
        <ele>53.8</ele>
        <time>2026-08-06T12:05:31Z</time>
        <extensions><gpxtpx:TrackPointExtension><gpxtpx:hr>154</gpxtpx:hr></gpxtpx:TrackPointExtension><power>183</power></extensions>
      </trkpt>
      <trkpt lat="51.4406881" lon="-0.2713013">
        <ele>53.8</ele>
        <time>2026-08-06T12:05:32Z</time>
        <extensions><gpxtpx:TrackPointExtension><gpxtpx:hr>154</gpxtpx:hr></gpxtpx:TrackPointExtension><power>199</power></extensions>
      </trkpt>
      <trkpt lat="51.4407081" lon="-0.2712898">
        <ele>53.8</ele>
        <time>2026-08-06T12:05:33Z</time>
        <extensions><gpxtpx:TrackPointExtension><gpxtpx:hr>154</gpxtpx:hr></gpxtpx:TrackPointExtension><power>211</power></extensions>
      </trkpt>
      <trkpt lat="51.4407277" lon="-0.2712772">
        <ele>53.6</ele>
        <time>2026-08-06T12:05:34Z</time>
        <extensions><gpxtpx:TrackPointExtension><gpxtpx:hr>154</gpxtpx:hr></gpxtpx:TrackPointExtension><power>222</power></extensions>
      </trkpt>
      <trkpt lat="51.4407465" lon="-0.2712629">
        <ele>53.6</ele>
        <time>2026-08-06T12:05:35Z</time>
        <extensions><gpxtpx:TrackPointExtension><gpxtpx:hr>154</gpxtpx:hr></gpxtpx:TrackPointExtension><power>222</power></extensions>
      </trkpt>
      <trkpt lat="51.4407647" lon="-0.2712470">
        <ele>53.6</ele>
        <time>2026-08-06T12:05:36Z</time>
        <extensions><gpxtpx:TrackPointExtension><gpxtpx:hr>154</gpxtpx:hr></gpxtpx:TrackPointExtension><power>221</power></extensions>
      </trkpt>
      <trkpt lat="51.4407825" lon="-0.2712300">
        <ele>53.6</ele>
        <time>2026-08-06T12:05:37Z</time>
        <extensions><gpxtpx:TrackPointExtension><gpxtpx:hr>154</gpxtpx:hr></gpxtpx:TrackPointExtension><power>220</power></extensions>
      </trkpt>
      <trkpt lat="51.4408005" lon="-0.2712130">
        <ele>53.6</ele>
        <time>2026-08-06T12:05:38Z</time>
        <extensions><gpxtpx:TrackPointExtension><gpxtpx:hr>154</gpxtpx:hr></gpxtpx:TrackPointExtension><power>220</power></extensions>
      </trkpt>
      <trkpt lat="51.4408187" lon="-0.2711967">
        <ele>53.4</ele>
        <time>2026-08-06T12:05:39Z</time>
        <extensions><gpxtpx:TrackPointExtension><gpxtpx:hr>154</gpxtpx:hr></gpxtpx:TrackPointExtension><power>219</power></extensions>
      </trkpt>
      <trkpt lat="51.4408377" lon="-0.2711820">
        <ele>53.4</ele>
        <time>2026-08-06T12:05:40Z</time>
        <extensions><gpxtpx:TrackPointExtension><gpxtpx:hr>154</gpxtpx:hr></gpxtpx:TrackPointExtension><power>219</power></extensions>
      </trkpt>
      <trkpt lat="51.4408573" lon="-0.2711691">
        <ele>53.4</ele>
        <time>2026-08-06T12:05:41Z</time>
        <extensions><gpxtpx:TrackPointExtension><gpxtpx:hr>154</gpxtpx:hr></gpxtpx:TrackPointExtension><power>218</power></extensions>
      </trkpt>
      <trkpt lat="51.4408771" lon="-0.2711577">
        <ele>53.2</ele>
        <time>2026-08-06T12:05:42Z</time>
        <extensions><gpxtpx:TrackPointExtension><gpxtpx:hr>154</gpxtpx:hr></gpxtpx:TrackPointExtension><power>216</power></extensions>
      </trkpt>
      <trkpt lat="51.4408969" lon="-0.2711468">
        <ele>53.2</ele>
        <time>2026-08-06T12:05:43Z</time>
        <extensions><gpxtpx:TrackPointExtension><gpxtpx:hr>154</gpxtpx:hr></gpxtpx:TrackPointExtension><power>216</power></extensions>
      </trkpt>
      <trkpt lat="51.4409167" lon="-0.2711358">
        <ele>53.2</ele>
        <time>2026-08-06T12:05:44Z</time>
        <extensions><gpxtpx:TrackPointExtension><gpxtpx:hr>157</gpxtpx:hr></gpxtpx:TrackPointExtension><power>215</power></extensions>
      </trkpt>
      <trkpt lat="51.4409363" lon="-0.2711244">
        <ele>53.2</ele>
        <time>2026-08-06T12:05:45Z</time>
        <extensions><gpxtpx:TrackPointExtension><gpxtpx:hr>157</gpxtpx:hr></gpxtpx:TrackPointExtension><power>214</power></extensions>
      </trkpt>
      <trkpt lat="51.4409561" lon="-0.2711128">
        <ele>53.2</ele>
        <time>2026-08-06T12:05:46Z</time>
        <extensions><gpxtpx:TrackPointExtension><gpxtpx:hr>157</gpxtpx:hr></gpxtpx:TrackPointExtension><power>214</power></extensions>
      </trkpt>
      <trkpt lat="51.4409765" lon="-0.2711011">
        <ele>53.2</ele>
        <time>2026-08-06T12:05:47Z</time>
        <extensions><gpxtpx:TrackPointExtension><gpxtpx:hr>157</gpxtpx:hr></gpxtpx:TrackPointExtension><power>214</power></extensions>
      </trkpt>
      <trkpt lat="51.4409971" lon="-0.2710899">
        <ele>53.2</ele>
        <time>2026-08-06T12:05:48Z</time>
        <extensions><gpxtpx:TrackPointExtension><gpxtpx:hr>157</gpxtpx:hr></gpxtpx:TrackPointExtension><power>214</power></extensions>
      </trkpt>
      <trkpt lat="51.4410177" lon="-0.2710793">
        <ele>53.0</ele>
        <time>2026-08-06T12:05:49Z</time>
        <extensions><gpxtpx:TrackPointExtension><gpxtpx:hr>158</gpxtpx:hr></gpxtpx:TrackPointExtension><power>213</power></extensions>
      </trkpt>
      <trkpt lat="51.4410385" lon="-0.2710691">
        <ele>53.0</ele>
        <time>2026-08-06T12:05:50Z</time>
        <extensions><gpxtpx:TrackPointExtension><gpxtpx:hr>158</gpxtpx:hr></gpxtpx:TrackPointExtension><power>213</power></extensions>
      </trkpt>
      <trkpt lat="51.4410591" lon="-0.2710595">
        <ele>53.0</ele>
        <time>2026-08-06T12:05:51Z</time>
        <extensions><gpxtpx:TrackPointExtension><gpxtpx:hr>158</gpxtpx:hr></gpxtpx:TrackPointExtension><power>212</power></extensions>
      </trkpt>
      <trkpt lat="51.4410795" lon="-0.2710498">
        <ele>53.0</ele>
        <time>2026-08-06T12:05:52Z</time>
        <extensions><gpxtpx:TrackPointExtension><gpxtpx:hr>158</gpxtpx:hr></gpxtpx:TrackPointExtension><power>211</power></extensions>
      </trkpt>
      <trkpt lat="51.4410999" lon="-0.2710402">
        <ele>52.8</ele>
        <time>2026-08-06T12:05:53Z</time>
        <extensions><gpxtpx:TrackPointExtension><gpxtpx:hr>158</gpxtpx:hr></gpxtpx:TrackPointExtension><power>211</power></extensions>
      </trkpt>
      <trkpt lat="51.4411209" lon="-0.2710308">
        <ele>52.8</ele>
        <time>2026-08-06T12:05:54Z</time>
        <extensions><gpxtpx:TrackPointExtension><gpxtpx:hr>158</gpxtpx:hr></gpxtpx:TrackPointExtension><power>210</power></extensions>
      </trkpt>
      <trkpt lat="51.4411417" lon="-0.2710217">
        <ele>52.8</ele>
        <time>2026-08-06T12:05:55Z</time>
        <extensions><gpxtpx:TrackPointExtension><gpxtpx:hr>158</gpxtpx:hr></gpxtpx:TrackPointExtension><power>209</power></extensions>
      </trkpt>
      <trkpt lat="51.4411625" lon="-0.2710123">
        <ele>52.8</ele>
        <time>2026-08-06T12:05:56Z</time>
        <extensions><gpxtpx:TrackPointExtension><gpxtpx:hr>158</gpxtpx:hr></gpxtpx:TrackPointExtension><power>209</power></extensions>
      </trkpt>
      <trkpt lat="51.4411833" lon="-0.2710031">
        <ele>52.8</ele>
        <time>2026-08-06T12:05:57Z</time>
        <extensions><gpxtpx:TrackPointExtension><gpxtpx:hr>158</gpxtpx:hr></gpxtpx:TrackPointExtension><power>209</power></extensions>
      </trkpt>
      <trkpt lat="51.4412041" lon="-0.2709940">
        <ele>52.6</ele>
        <time>2026-08-06T12:05:58Z</time>
        <extensions><gpxtpx:TrackPointExtension><gpxtpx:hr>157</gpxtpx:hr></gpxtpx:TrackPointExtension><power>208</power></extensions>
      </trkpt>
      <trkpt lat="51.4412249" lon="-0.2709851">
        <ele>52.6</ele>
        <time>2026-08-06T12:05:59Z</time>
        <extensions><gpxtpx:TrackPointExtension><gpxtpx:hr>157</gpxtpx:hr></gpxtpx:TrackPointExtension><power>208</power></extensions>
      </trkpt>
      <trkpt lat="51.4412461" lon="-0.2709768">
        <ele>52.6</ele>
        <time>2026-08-06T12:06:00Z</time>
        <extensions><gpxtpx:TrackPointExtension><gpxtpx:hr>158</gpxtpx:hr></gpxtpx:TrackPointExtension><power>208</power></extensions>
      </trkpt>
      <trkpt lat="51.4412679" lon="-0.2709689">
        <ele>52.6</ele>
        <time>2026-08-06T12:06:01Z</time>
        <extensions><gpxtpx:TrackPointExtension><gpxtpx:hr>158</gpxtpx:hr></gpxtpx:TrackPointExtension><power>209</power></extensions>
      </trkpt>
      <trkpt lat="51.4412899" lon="-0.2709615">
        <ele>52.6</ele>
        <time>2026-08-06T12:06:02Z</time>
        <extensions><gpxtpx:TrackPointExtension><gpxtpx:hr>158</gpxtpx:hr></gpxtpx:TrackPointExtension><power>210</power></extensions>
      </trkpt>
      <trkpt lat="51.4413121" lon="-0.2709542">
        <ele>52.4</ele>
        <time>2026-08-06T12:06:03Z</time>
        <extensions><gpxtpx:TrackPointExtension><gpxtpx:hr>158</gpxtpx:hr></gpxtpx:TrackPointExtension><power>210</power></extensions>
      </trkpt>
      <trkpt lat="51.4413341" lon="-0.2709466">
        <ele>52.4</ele>
        <time>2026-08-06T12:06:04Z</time>
        <extensions><gpxtpx:TrackPointExtension><gpxtpx:hr>158</gpxtpx:hr></gpxtpx:TrackPointExtension><power>211</power></extensions>
      </trkpt>
      <trkpt lat="51.4413559" lon="-0.2709387">
        <ele>52.4</ele>
        <time>2026-08-06T12:06:05Z</time>
        <extensions><gpxtpx:TrackPointExtension><gpxtpx:hr>158</gpxtpx:hr></gpxtpx:TrackPointExtension><power>211</power></extensions>
      </trkpt>
      <trkpt lat="51.4413777" lon="-0.2709313">
        <ele>52.4</ele>
        <time>2026-08-06T12:06:06Z</time>
        <extensions><gpxtpx:TrackPointExtension><gpxtpx:hr>158</gpxtpx:hr></gpxtpx:TrackPointExtension><power>211</power></extensions>
      </trkpt>
      <trkpt lat="51.4413995" lon="-0.2709247">
        <ele>52.4</ele>
        <time>2026-08-06T12:06:07Z</time>
        <extensions><gpxtpx:TrackPointExtension><gpxtpx:hr>158</gpxtpx:hr></gpxtpx:TrackPointExtension><power>211</power></extensions>
      </trkpt>
      <trkpt lat="51.4414215" lon="-0.2709189">
        <ele>52.4</ele>
        <time>2026-08-06T12:06:08Z</time>
        <extensions><gpxtpx:TrackPointExtension><gpxtpx:hr>158</gpxtpx:hr></gpxtpx:TrackPointExtension><power>211</power></extensions>
      </trkpt>
      <trkpt lat="51.4414437" lon="-0.2709141">
        <ele>52.4</ele>
        <time>2026-08-06T12:06:09Z</time>
        <extensions><gpxtpx:TrackPointExtension><gpxtpx:hr>158</gpxtpx:hr></gpxtpx:TrackPointExtension><power>211</power></extensions>
      </trkpt>
      <trkpt lat="51.4414659" lon="-0.2709098">
        <ele>52.4</ele>
        <time>2026-08-06T12:06:10Z</time>
        <extensions><gpxtpx:TrackPointExtension><gpxtpx:hr>158</gpxtpx:hr></gpxtpx:TrackPointExtension><power>211</power></extensions>
      </trkpt>
      <trkpt lat="51.4414879" lon="-0.2709055">
        <ele>52.2</ele>
        <time>2026-08-06T12:06:11Z</time>
        <extensions><gpxtpx:TrackPointExtension><gpxtpx:hr>159</gpxtpx:hr></gpxtpx:TrackPointExtension><power>211</power></extensions>
      </trkpt>
      <trkpt lat="51.4415099" lon="-0.2709004">
        <ele>52.2</ele>
        <time>2026-08-06T12:06:12Z</time>
        <extensions><gpxtpx:TrackPointExtension><gpxtpx:hr>159</gpxtpx:hr></gpxtpx:TrackPointExtension><power>211</power></extensions>
      </trkpt>
      <trkpt lat="51.4415317" lon="-0.2708948">
        <ele>52.2</ele>
        <time>2026-08-06T12:06:13Z</time>
        <extensions><gpxtpx:TrackPointExtension><gpxtpx:hr>159</gpxtpx:hr></gpxtpx:TrackPointExtension><power>212</power></extensions>
      </trkpt>
      <trkpt lat="51.4415533" lon="-0.2708887">
        <ele>52.2</ele>
        <time>2026-08-06T12:06:14Z</time>
        <extensions><gpxtpx:TrackPointExtension><gpxtpx:hr>159</gpxtpx:hr></gpxtpx:TrackPointExtension><power>212</power></extensions>
      </trkpt>
      <trkpt lat="51.4415751" lon="-0.2708826">
        <ele>52.2</ele>
        <time>2026-08-06T12:06:15Z</time>
        <extensions><gpxtpx:TrackPointExtension><gpxtpx:hr>159</gpxtpx:hr></gpxtpx:TrackPointExtension><power>212</power></extensions>
      </trkpt>
      <trkpt lat="51.4415965" lon="-0.2708765">
        <ele>52.2</ele>
        <time>2026-08-06T12:06:16Z</time>
        <extensions><gpxtpx:TrackPointExtension><gpxtpx:hr>159</gpxtpx:hr></gpxtpx:TrackPointExtension><power>212</power></extensions>
      </trkpt>
      <trkpt lat="51.4416175" lon="-0.2708707">
        <ele>52.0</ele>
        <time>2026-08-06T12:06:17Z</time>
        <extensions><gpxtpx:TrackPointExtension><gpxtpx:hr>159</gpxtpx:hr></gpxtpx:TrackPointExtension><power>211</power></extensions>
      </trkpt>
      <trkpt lat="51.4416381" lon="-0.2708656">
        <ele>52.0</ele>
        <time>2026-08-06T12:06:18Z</time>
        <extensions><gpxtpx:TrackPointExtension><gpxtpx:hr>159</gpxtpx:hr></gpxtpx:TrackPointExtension><power>211</power></extensions>
      </trkpt>
      <trkpt lat="51.4416589" lon="-0.2708608">
        <ele>52.0</ele>
        <time>2026-08-06T12:06:19Z</time>
        <extensions><gpxtpx:TrackPointExtension><gpxtpx:hr>159</gpxtpx:hr></gpxtpx:TrackPointExtension><power>210</power></extensions>
      </trkpt>
      <trkpt lat="51.4416793" lon="-0.2708560">
        <ele>52.0</ele>
        <time>2026-08-06T12:06:20Z</time>
        <extensions><gpxtpx:TrackPointExtension><gpxtpx:hr>159</gpxtpx:hr></gpxtpx:TrackPointExtension><power>209</power></extensions>
      </trkpt>
      <trkpt lat="51.4416999" lon="-0.2708512">
        <ele>52.0</ele>
        <time>2026-08-06T12:06:21Z</time>
        <extensions><gpxtpx:TrackPointExtension><gpxtpx:hr>162</gpxtpx:hr></gpxtpx:TrackPointExtension><power>210</power></extensions>
      </trkpt>
      <trkpt lat="51.4417207" lon="-0.2708463">
        <ele>51.8</ele>
        <time>2026-08-06T12:06:22Z</time>
        <extensions><gpxtpx:TrackPointExtension><gpxtpx:hr>162</gpxtpx:hr></gpxtpx:TrackPointExtension><power>210</power></extensions>
      </trkpt>
      <trkpt lat="51.4417417" lon="-0.2708415">
        <ele>51.8</ele>
        <time>2026-08-06T12:06:23Z</time>
        <extensions><gpxtpx:TrackPointExtension><gpxtpx:hr>162</gpxtpx:hr></gpxtpx:TrackPointExtension><power>210</power></extensions>
      </trkpt>
      <trkpt lat="51.4417623" lon="-0.2708367">
        <ele>51.8</ele>
        <time>2026-08-06T12:06:24Z</time>
        <extensions><gpxtpx:TrackPointExtension><gpxtpx:hr>162</gpxtpx:hr></gpxtpx:TrackPointExtension><power>209</power></extensions>
      </trkpt>
      <trkpt lat="51.4417829" lon="-0.2708324">
        <ele>51.8</ele>
        <time>2026-08-06T12:06:25Z</time>
        <extensions><gpxtpx:TrackPointExtension><gpxtpx:hr>162</gpxtpx:hr></gpxtpx:TrackPointExtension><power>209</power></extensions>
      </trkpt>
      <trkpt lat="51.4418035" lon="-0.2708288">
        <ele>51.8</ele>
        <time>2026-08-06T12:06:26Z</time>
        <extensions><gpxtpx:TrackPointExtension><gpxtpx:hr>162</gpxtpx:hr></gpxtpx:TrackPointExtension><power>208</power></extensions>
      </trkpt>
      <trkpt lat="51.4418237" lon="-0.2708260">
        <ele>51.8</ele>
        <time>2026-08-06T12:06:27Z</time>
        <extensions><gpxtpx:TrackPointExtension><gpxtpx:hr>162</gpxtpx:hr></gpxtpx:TrackPointExtension><power>207</power></extensions>
      </trkpt>
      <trkpt lat="51.4418435" lon="-0.2708237">
        <ele>51.8</ele>
        <time>2026-08-06T12:06:28Z</time>
        <extensions><gpxtpx:TrackPointExtension><gpxtpx:hr>166</gpxtpx:hr></gpxtpx:TrackPointExtension><power>206</power></extensions>
      </trkpt>
      <trkpt lat="51.4418633" lon="-0.2708222">
        <ele>51.8</ele>
        <time>2026-08-06T12:06:29Z</time>
        <extensions><gpxtpx:TrackPointExtension><gpxtpx:hr>166</gpxtpx:hr></gpxtpx:TrackPointExtension><power>205</power></extensions>
      </trkpt>
      <trkpt lat="51.4418829" lon="-0.2708204">
        <ele>51.8</ele>
        <time>2026-08-06T12:06:30Z</time>
        <extensions><gpxtpx:TrackPointExtension><gpxtpx:hr>166</gpxtpx:hr></gpxtpx:TrackPointExtension><power>205</power></extensions>
      </trkpt>
      <trkpt lat="51.4419021" lon="-0.2708182">
        <ele>51.8</ele>
        <time>2026-08-06T12:06:31Z</time>
        <extensions><gpxtpx:TrackPointExtension><gpxtpx:hr>166</gpxtpx:hr></gpxtpx:TrackPointExtension><power>204</power></extensions>
      </trkpt>
      <trkpt lat="51.4419211" lon="-0.2708149">
        <ele>51.8</ele>
        <time>2026-08-06T12:06:32Z</time>
        <extensions><gpxtpx:TrackPointExtension><gpxtpx:hr>166</gpxtpx:hr></gpxtpx:TrackPointExtension><power>203</power></extensions>
      </trkpt>
      <trkpt lat="51.4419403" lon="-0.2708108">
        <ele>51.8</ele>
        <time>2026-08-06T12:06:33Z</time>
        <extensions><gpxtpx:TrackPointExtension><gpxtpx:hr>166</gpxtpx:hr></gpxtpx:TrackPointExtension><power>202</power></extensions>
      </trkpt>
      <trkpt lat="51.4419597" lon="-0.2708057">
        <ele>51.6</ele>
        <time>2026-08-06T12:06:34Z</time>
        <extensions><gpxtpx:TrackPointExtension><gpxtpx:hr>166</gpxtpx:hr></gpxtpx:TrackPointExtension><power>202</power></extensions>
      </trkpt>
      <trkpt lat="51.4419793" lon="-0.2708001">
        <ele>51.6</ele>
        <time>2026-08-06T12:06:35Z</time>
        <extensions><gpxtpx:TrackPointExtension><gpxtpx:hr>165</gpxtpx:hr></gpxtpx:TrackPointExtension><power>201</power></extensions>
      </trkpt>
      <trkpt lat="51.4419993" lon="-0.2707938">
        <ele>51.6</ele>
        <time>2026-08-06T12:06:36Z</time>
        <extensions><gpxtpx:TrackPointExtension><gpxtpx:hr>165</gpxtpx:hr></gpxtpx:TrackPointExtension><power>201</power></extensions>
      </trkpt>
      <trkpt lat="51.4420199" lon="-0.2707877">
        <ele>51.6</ele>
        <time>2026-08-06T12:06:37Z</time>
        <extensions><gpxtpx:TrackPointExtension><gpxtpx:hr>165</gpxtpx:hr></gpxtpx:TrackPointExtension><power>201</power></extensions>
      </trkpt>
      <trkpt lat="51.4420407" lon="-0.2707816">
        <ele>51.6</ele>
        <time>2026-08-06T12:06:38Z</time>
        <extensions><gpxtpx:TrackPointExtension><gpxtpx:hr>165</gpxtpx:hr></gpxtpx:TrackPointExtension><power>201</power></extensions>
      </trkpt>
      <trkpt lat="51.4420615" lon="-0.2707763">
        <ele>51.6</ele>
        <time>2026-08-06T12:06:39Z</time>
        <extensions><gpxtpx:TrackPointExtension><gpxtpx:hr>165</gpxtpx:hr></gpxtpx:TrackPointExtension><power>202</power></extensions>
      </trkpt>
      <trkpt lat="51.4420827" lon="-0.2707717">
        <ele>51.6</ele>
        <time>2026-08-06T12:06:40Z</time>
        <extensions><gpxtpx:TrackPointExtension><gpxtpx:hr>165</gpxtpx:hr></gpxtpx:TrackPointExtension><power>202</power></extensions>
      </trkpt>
      <trkpt lat="51.4421041" lon="-0.2707684">
        <ele>51.4</ele>
        <time>2026-08-06T12:06:41Z</time>
        <extensions><gpxtpx:TrackPointExtension><gpxtpx:hr>165</gpxtpx:hr></gpxtpx:TrackPointExtension><power>203</power></extensions>
      </trkpt>
      <trkpt lat="51.4421255" lon="-0.2707654">
        <ele>51.4</ele>
        <time>2026-08-06T12:06:42Z</time>
        <extensions><gpxtpx:TrackPointExtension><gpxtpx:hr>165</gpxtpx:hr></gpxtpx:TrackPointExtension><power>203</power></extensions>
      </trkpt>
      <trkpt lat="51.4421469" lon="-0.2707628">
        <ele>51.4</ele>
        <time>2026-08-06T12:06:43Z</time>
        <extensions><gpxtpx:TrackPointExtension><gpxtpx:hr>165</gpxtpx:hr></gpxtpx:TrackPointExtension><power>204</power></extensions>
      </trkpt>
      <trkpt lat="51.4421681" lon="-0.2707600">
        <ele>51.2</ele>
        <time>2026-08-06T12:06:44Z</time>
        <extensions><gpxtpx:TrackPointExtension><gpxtpx:hr>165</gpxtpx:hr></gpxtpx:TrackPointExtension><power>204</power></extensions>
      </trkpt>
      <trkpt lat="51.4421889" lon="-0.2707573">
        <ele>51.2</ele>
        <time>2026-08-06T12:06:45Z</time>
        <extensions><gpxtpx:TrackPointExtension><gpxtpx:hr>165</gpxtpx:hr></gpxtpx:TrackPointExtension><power>203</power></extensions>
      </trkpt>
      <trkpt lat="51.4422093" lon="-0.2707542">
        <ele>51.0</ele>
        <time>2026-08-06T12:06:46Z</time>
        <extensions><gpxtpx:TrackPointExtension><gpxtpx:hr>165</gpxtpx:hr></gpxtpx:TrackPointExtension><power>202</power></extensions>
      </trkpt>
      <trkpt lat="51.4422295" lon="-0.2707512">
        <ele>51.0</ele>
        <time>2026-08-06T12:06:47Z</time>
        <extensions><gpxtpx:TrackPointExtension><gpxtpx:hr>165</gpxtpx:hr></gpxtpx:TrackPointExtension><power>201</power></extensions>
      </trkpt>
      <trkpt lat="51.4422495" lon="-0.2707481">
        <ele>51.0</ele>
        <time>2026-08-06T12:06:48Z</time>
        <extensions><gpxtpx:TrackPointExtension><gpxtpx:hr>165</gpxtpx:hr></gpxtpx:TrackPointExtension><power>200</power></extensions>
      </trkpt>
      <trkpt lat="51.4422695" lon="-0.2707456">
        <ele>50.8</ele>
        <time>2026-08-06T12:06:49Z</time>
        <extensions><gpxtpx:TrackPointExtension><gpxtpx:hr>165</gpxtpx:hr></gpxtpx:TrackPointExtension><power>199</power></extensions>
      </trkpt>
      <trkpt lat="51.4422895" lon="-0.2707430">
        <ele>50.8</ele>
        <time>2026-08-06T12:06:50Z</time>
        <extensions><gpxtpx:TrackPointExtension><gpxtpx:hr>165</gpxtpx:hr></gpxtpx:TrackPointExtension><power>199</power></extensions>
      </trkpt>
      <trkpt lat="51.4423097" lon="-0.2707405">
        <ele>50.8</ele>
        <time>2026-08-06T12:06:51Z</time>
        <extensions><gpxtpx:TrackPointExtension><gpxtpx:hr>165</gpxtpx:hr></gpxtpx:TrackPointExtension><power>198</power></extensions>
      </trkpt>
      <trkpt lat="51.4423297" lon="-0.2707382">
        <ele>50.8</ele>
        <time>2026-08-06T12:06:52Z</time>
        <extensions><gpxtpx:TrackPointExtension><gpxtpx:hr>165</gpxtpx:hr></gpxtpx:TrackPointExtension><power>199</power></extensions>
      </trkpt>
      <trkpt lat="51.4423497" lon="-0.2707357">
        <ele>50.8</ele>
        <time>2026-08-06T12:06:53Z</time>
        <extensions><gpxtpx:TrackPointExtension><gpxtpx:hr>165</gpxtpx:hr></gpxtpx:TrackPointExtension><power>199</power></extensions>
      </trkpt>
      <trkpt lat="51.4423697" lon="-0.2707324">
        <ele>50.8</ele>
        <time>2026-08-06T12:06:54Z</time>
        <extensions><gpxtpx:TrackPointExtension><gpxtpx:hr>165</gpxtpx:hr></gpxtpx:TrackPointExtension><power>199</power></extensions>
      </trkpt>
      <trkpt lat="51.4423895" lon="-0.2707283">
        <ele>50.8</ele>
        <time>2026-08-06T12:06:55Z</time>
        <extensions><gpxtpx:TrackPointExtension><gpxtpx:hr>165</gpxtpx:hr></gpxtpx:TrackPointExtension><power>199</power></extensions>
      </trkpt>
      <trkpt lat="51.4424089" lon="-0.2707232">
        <ele>50.8</ele>
        <time>2026-08-06T12:06:56Z</time>
        <extensions><gpxtpx:TrackPointExtension><gpxtpx:hr>165</gpxtpx:hr></gpxtpx:TrackPointExtension><power>199</power></extensions>
      </trkpt>
      <trkpt lat="51.4424285" lon="-0.2707172">
        <ele>50.8</ele>
        <time>2026-08-06T12:06:57Z</time>
        <extensions><gpxtpx:TrackPointExtension><gpxtpx:hr>165</gpxtpx:hr></gpxtpx:TrackPointExtension><power>198</power></extensions>
      </trkpt>
      <trkpt lat="51.4424479" lon="-0.2707108">
        <ele>50.8</ele>
        <time>2026-08-06T12:06:58Z</time>
        <extensions><gpxtpx:TrackPointExtension><gpxtpx:hr>162</gpxtpx:hr></gpxtpx:TrackPointExtension><power>198</power></extensions>
      </trkpt>
      <trkpt lat="51.4424673" lon="-0.2707047">
        <ele>50.8</ele>
        <time>2026-08-06T12:06:59Z</time>
        <extensions><gpxtpx:TrackPointExtension><gpxtpx:hr>162</gpxtpx:hr></gpxtpx:TrackPointExtension><power>198</power></extensions>
      </trkpt>
      <trkpt lat="51.4424867" lon="-0.2706994">
        <ele>50.8</ele>
        <time>2026-08-06T12:07:00Z</time>
        <extensions><gpxtpx:TrackPointExtension><gpxtpx:hr>162</gpxtpx:hr></gpxtpx:TrackPointExtension><power>197</power></extensions>
      </trkpt>
      <trkpt lat="51.4425063" lon="-0.2706953">
        <ele>50.6</ele>
        <time>2026-08-06T12:07:01Z</time>
        <extensions><gpxtpx:TrackPointExtension><gpxtpx:hr>162</gpxtpx:hr></gpxtpx:TrackPointExtension><power>196</power></extensions>
      </trkpt>
      <trkpt lat="51.4425257" lon="-0.2706923">
        <ele>50.6</ele>
        <time>2026-08-06T12:07:02Z</time>
        <extensions><gpxtpx:TrackPointExtension><gpxtpx:hr>162</gpxtpx:hr></gpxtpx:TrackPointExtension><power>196</power></extensions>
      </trkpt>
      <trkpt lat="51.4425451" lon="-0.2706900">
        <ele>50.6</ele>
        <time>2026-08-06T12:07:03Z</time>
        <extensions><gpxtpx:TrackPointExtension><gpxtpx:hr>162</gpxtpx:hr></gpxtpx:TrackPointExtension><power>195</power></extensions>
      </trkpt>
      <trkpt lat="51.4425645" lon="-0.2706882">
        <ele>50.6</ele>
        <time>2026-08-06T12:07:04Z</time>
        <extensions><gpxtpx:TrackPointExtension><gpxtpx:hr>162</gpxtpx:hr></gpxtpx:TrackPointExtension><power>195</power></extensions>
      </trkpt>
      <trkpt lat="51.4425839" lon="-0.2706864">
        <ele>50.6</ele>
        <time>2026-08-06T12:07:05Z</time>
        <extensions><gpxtpx:TrackPointExtension><gpxtpx:hr>161</gpxtpx:hr></gpxtpx:TrackPointExtension><power>194</power></extensions>
      </trkpt>
      <trkpt lat="51.4426031" lon="-0.2706847">
        <ele>50.4</ele>
        <time>2026-08-06T12:07:06Z</time>
        <extensions><gpxtpx:TrackPointExtension><gpxtpx:hr>161</gpxtpx:hr></gpxtpx:TrackPointExtension><power>193</power></extensions>
      </trkpt>
      <trkpt lat="51.4426227" lon="-0.2706829">
        <ele>50.4</ele>
        <time>2026-08-06T12:07:07Z</time>
        <extensions><gpxtpx:TrackPointExtension><gpxtpx:hr>161</gpxtpx:hr></gpxtpx:TrackPointExtension><power>192</power></extensions>
      </trkpt>
      <trkpt lat="51.4426427" lon="-0.2706811">
        <ele>50.4</ele>
        <time>2026-08-06T12:07:08Z</time>
        <extensions><gpxtpx:TrackPointExtension><gpxtpx:hr>161</gpxtpx:hr></gpxtpx:TrackPointExtension><power>191</power></extensions>
      </trkpt>
      <trkpt lat="51.4426627" lon="-0.2706791">
        <ele>50.4</ele>
        <time>2026-08-06T12:07:09Z</time>
        <extensions><gpxtpx:TrackPointExtension><gpxtpx:hr>161</gpxtpx:hr></gpxtpx:TrackPointExtension><power>191</power></extensions>
      </trkpt>
      <trkpt lat="51.4426829" lon="-0.2706765">
        <ele>50.4</ele>
        <time>2026-08-06T12:07:10Z</time>
        <extensions><gpxtpx:TrackPointExtension><gpxtpx:hr>161</gpxtpx:hr></gpxtpx:TrackPointExtension><power>191</power></extensions>
      </trkpt>
      <trkpt lat="51.4427031" lon="-0.2706730">
        <ele>50.4</ele>
        <time>2026-08-06T12:07:11Z</time>
        <extensions><gpxtpx:TrackPointExtension><gpxtpx:hr>161</gpxtpx:hr></gpxtpx:TrackPointExtension><power>190</power></extensions>
      </trkpt>
      <trkpt lat="51.4427231" lon="-0.2706689">
        <ele>50.4</ele>
        <time>2026-08-06T12:07:12Z</time>
        <extensions><gpxtpx:TrackPointExtension><gpxtpx:hr>161</gpxtpx:hr></gpxtpx:TrackPointExtension><power>190</power></extensions>
      </trkpt>
      <trkpt lat="51.4427431" lon="-0.2706641">
        <ele>50.4</ele>
        <time>2026-08-06T12:07:13Z</time>
        <extensions><gpxtpx:TrackPointExtension><gpxtpx:hr>161</gpxtpx:hr></gpxtpx:TrackPointExtension><power>191</power></extensions>
      </trkpt>
      <trkpt lat="51.4427635" lon="-0.2706590">
        <ele>50.4</ele>
        <time>2026-08-06T12:07:14Z</time>
        <extensions><gpxtpx:TrackPointExtension><gpxtpx:hr>161</gpxtpx:hr></gpxtpx:TrackPointExtension><power>191</power></extensions>
      </trkpt>
      <trkpt lat="51.4427841" lon="-0.2706542">
        <ele>50.4</ele>
        <time>2026-08-06T12:07:15Z</time>
        <extensions><gpxtpx:TrackPointExtension><gpxtpx:hr>161</gpxtpx:hr></gpxtpx:TrackPointExtension><power>192</power></extensions>
      </trkpt>
      <trkpt lat="51.4428051" lon="-0.2706499">
        <ele>50.4</ele>
        <time>2026-08-06T12:07:16Z</time>
        <extensions><gpxtpx:TrackPointExtension><gpxtpx:hr>161</gpxtpx:hr></gpxtpx:TrackPointExtension><power>194</power></extensions>
      </trkpt>
      <trkpt lat="51.4428263" lon="-0.2706461">
        <ele>50.4</ele>
        <time>2026-08-06T12:07:17Z</time>
        <extensions><gpxtpx:TrackPointExtension><gpxtpx:hr>161</gpxtpx:hr></gpxtpx:TrackPointExtension><power>195</power></extensions>
      </trkpt>
      <trkpt lat="51.4428473" lon="-0.2706428">
        <ele>50.4</ele>
        <time>2026-08-06T12:07:18Z</time>
        <extensions><gpxtpx:TrackPointExtension><gpxtpx:hr>161</gpxtpx:hr></gpxtpx:TrackPointExtension><power>195</power></extensions>
      </trkpt>
      <trkpt lat="51.4428679" lon="-0.2706395">
        <ele>50.4</ele>
        <time>2026-08-06T12:07:19Z</time>
        <extensions><gpxtpx:TrackPointExtension><gpxtpx:hr>161</gpxtpx:hr></gpxtpx:TrackPointExtension><power>196</power></extensions>
      </trkpt>
      <trkpt lat="51.4428885" lon="-0.2706359">
        <ele>50.6</ele>
        <time>2026-08-06T12:07:20Z</time>
        <extensions><gpxtpx:TrackPointExtension><gpxtpx:hr>161</gpxtpx:hr></gpxtpx:TrackPointExtension><power>195</power></extensions>
      </trkpt>
      <trkpt lat="51.4429091" lon="-0.2706326">
        <ele>50.6</ele>
        <time>2026-08-06T12:07:21Z</time>
        <extensions><gpxtpx:TrackPointExtension><gpxtpx:hr>161</gpxtpx:hr></gpxtpx:TrackPointExtension><power>196</power></extensions>
      </trkpt>
      <trkpt lat="51.4429297" lon="-0.2706293">
        <ele>50.6</ele>
        <time>2026-08-06T12:07:22Z</time>
        <extensions><gpxtpx:TrackPointExtension><gpxtpx:hr>161</gpxtpx:hr></gpxtpx:TrackPointExtension><power>196</power></extensions>
      </trkpt>
      <trkpt lat="51.4429503" lon="-0.2706263">
        <ele>50.6</ele>
        <time>2026-08-06T12:07:23Z</time>
        <extensions><gpxtpx:TrackPointExtension><gpxtpx:hr>162</gpxtpx:hr></gpxtpx:TrackPointExtension><power>197</power></extensions>
      </trkpt>
      <trkpt lat="51.4429711" lon="-0.2706238">
        <ele>50.6</ele>
        <time>2026-08-06T12:07:24Z</time>
        <extensions><gpxtpx:TrackPointExtension><gpxtpx:hr>162</gpxtpx:hr></gpxtpx:TrackPointExtension><power>198</power></extensions>
      </trkpt>
      <trkpt lat="51.4429915" lon="-0.2706217">
        <ele>50.6</ele>
        <time>2026-08-06T12:07:25Z</time>
        <extensions><gpxtpx:TrackPointExtension><gpxtpx:hr>162</gpxtpx:hr></gpxtpx:TrackPointExtension><power>199</power></extensions>
      </trkpt>
      <trkpt lat="51.4430115" lon="-0.2706194">
        <ele>50.4</ele>
        <time>2026-08-06T12:07:26Z</time>
        <extensions><gpxtpx:TrackPointExtension><gpxtpx:hr>162</gpxtpx:hr></gpxtpx:TrackPointExtension><power>198</power></extensions>
      </trkpt>
      <trkpt lat="51.4430311" lon="-0.2706169">
        <ele>50.4</ele>
        <time>2026-08-06T12:07:27Z</time>
        <extensions><gpxtpx:TrackPointExtension><gpxtpx:hr>162</gpxtpx:hr></gpxtpx:TrackPointExtension><power>198</power></extensions>
      </trkpt>
      <trkpt lat="51.4430507" lon="-0.2706139">
        <ele>50.6</ele>
        <time>2026-08-06T12:07:28Z</time>
        <extensions><gpxtpx:TrackPointExtension><gpxtpx:hr>162</gpxtpx:hr></gpxtpx:TrackPointExtension><power>198</power></extensions>
      </trkpt>
      <trkpt lat="51.4430701" lon="-0.2706103">
        <ele>50.6</ele>
        <time>2026-08-06T12:07:29Z</time>
        <extensions><gpxtpx:TrackPointExtension><gpxtpx:hr>162</gpxtpx:hr></gpxtpx:TrackPointExtension><power>197</power></extensions>
      </trkpt>
      <trkpt lat="51.4430897" lon="-0.2706065">
        <ele>50.6</ele>
        <time>2026-08-06T12:07:30Z</time>
        <extensions><gpxtpx:TrackPointExtension><gpxtpx:hr>162</gpxtpx:hr></gpxtpx:TrackPointExtension><power>196</power></extensions>
      </trkpt>
      <trkpt lat="51.4431095" lon="-0.2706029">
        <ele>50.6</ele>
        <time>2026-08-06T12:07:31Z</time>
        <extensions><gpxtpx:TrackPointExtension><gpxtpx:hr>162</gpxtpx:hr></gpxtpx:TrackPointExtension><power>197</power></extensions>
      </trkpt>
      <trkpt lat="51.4431295" lon="-0.2705994">
        <ele>50.8</ele>
        <time>2026-08-06T12:07:32Z</time>
        <extensions><gpxtpx:TrackPointExtension><gpxtpx:hr>162</gpxtpx:hr></gpxtpx:TrackPointExtension><power>197</power></extensions>
      </trkpt>
      <trkpt lat="51.4431493" lon="-0.2705958">
        <ele>50.8</ele>
        <time>2026-08-06T12:07:33Z</time>
        <extensions><gpxtpx:TrackPointExtension><gpxtpx:hr>162</gpxtpx:hr></gpxtpx:TrackPointExtension><power>197</power></extensions>
      </trkpt>
      <trkpt lat="51.4431691" lon="-0.2705923">
        <ele>50.6</ele>
        <time>2026-08-06T12:07:34Z</time>
        <extensions><gpxtpx:TrackPointExtension><gpxtpx:hr>162</gpxtpx:hr></gpxtpx:TrackPointExtension><power>198</power></extensions>
      </trkpt>
      <trkpt lat="51.4431889" lon="-0.2705885">
        <ele>50.6</ele>
        <time>2026-08-06T12:07:35Z</time>
        <extensions><gpxtpx:TrackPointExtension><gpxtpx:hr>162</gpxtpx:hr></gpxtpx:TrackPointExtension><power>198</power></extensions>
      </trkpt>
      <trkpt lat="51.4432083" lon="-0.2705839">
        <ele>50.6</ele>
        <time>2026-08-06T12:07:36Z</time>
        <extensions><gpxtpx:TrackPointExtension><gpxtpx:hr>162</gpxtpx:hr></gpxtpx:TrackPointExtension><power>197</power></extensions>
      </trkpt>
      <trkpt lat="51.4432271" lon="-0.2705791">
        <ele>50.4</ele>
        <time>2026-08-06T12:07:37Z</time>
        <extensions><gpxtpx:TrackPointExtension><gpxtpx:hr>162</gpxtpx:hr></gpxtpx:TrackPointExtension><power>196</power></extensions>
      </trkpt>
      <trkpt lat="51.4432459" lon="-0.2705740">
        <ele>50.4</ele>
        <time>2026-08-06T12:07:38Z</time>
        <extensions><gpxtpx:TrackPointExtension><gpxtpx:hr>163</gpxtpx:hr></gpxtpx:TrackPointExtension><power>194</power></extensions>
      </trkpt>
      <trkpt lat="51.4432651" lon="-0.2705687">
        <ele>50.4</ele>
        <time>2026-08-06T12:07:39Z</time>
        <extensions><gpxtpx:TrackPointExtension><gpxtpx:hr>163</gpxtpx:hr></gpxtpx:TrackPointExtension><power>194</power></extensions>
      </trkpt>
      <trkpt lat="51.4432849" lon="-0.2705639">
        <ele>50.2</ele>
        <time>2026-08-06T12:07:40Z</time>
        <extensions><gpxtpx:TrackPointExtension><gpxtpx:hr>163</gpxtpx:hr></gpxtpx:TrackPointExtension><power>193</power></extensions>
      </trkpt>
      <trkpt lat="51.4433057" lon="-0.2705601">
        <ele>50.2</ele>
        <time>2026-08-06T12:07:41Z</time>
        <extensions><gpxtpx:TrackPointExtension><gpxtpx:hr>163</gpxtpx:hr></gpxtpx:TrackPointExtension><power>195</power></extensions>
      </trkpt>
      <trkpt lat="51.4433279" lon="-0.2705570">
        <ele>50.4</ele>
        <time>2026-08-06T12:07:42Z</time>
        <extensions><gpxtpx:TrackPointExtension><gpxtpx:hr>163</gpxtpx:hr></gpxtpx:TrackPointExtension><power>196</power></extensions>
      </trkpt>
      <trkpt lat="51.4433511" lon="-0.2705547">
        <ele>50.4</ele>
        <time>2026-08-06T12:07:43Z</time>
        <extensions><gpxtpx:TrackPointExtension><gpxtpx:hr>163</gpxtpx:hr></gpxtpx:TrackPointExtension><power>198</power></extensions>
      </trkpt>
      <trkpt lat="51.4433743" lon="-0.2705527">
        <ele>50.4</ele>
        <time>2026-08-06T12:07:44Z</time>
        <extensions><gpxtpx:TrackPointExtension><gpxtpx:hr>164</gpxtpx:hr></gpxtpx:TrackPointExtension><power>200</power></extensions>
      </trkpt>
      <trkpt lat="51.4433973" lon="-0.2705507">
        <ele>50.4</ele>
        <time>2026-08-06T12:07:45Z</time>
        <extensions><gpxtpx:TrackPointExtension><gpxtpx:hr>164</gpxtpx:hr></gpxtpx:TrackPointExtension><power>202</power></extensions>
      </trkpt>
      <trkpt lat="51.4434199" lon="-0.2705481">
        <ele>50.6</ele>
        <time>2026-08-06T12:07:46Z</time>
        <extensions><gpxtpx:TrackPointExtension><gpxtpx:hr>164</gpxtpx:hr></gpxtpx:TrackPointExtension><power>203</power></extensions>
      </trkpt>
      <trkpt lat="51.4434417" lon="-0.2705451">
        <ele>50.6</ele>
        <time>2026-08-06T12:07:47Z</time>
        <extensions><gpxtpx:TrackPointExtension><gpxtpx:hr>164</gpxtpx:hr></gpxtpx:TrackPointExtension><power>204</power></extensions>
      </trkpt>
      <trkpt lat="51.4434629" lon="-0.2705418">
        <ele>50.4</ele>
        <time>2026-08-06T12:07:48Z</time>
        <extensions><gpxtpx:TrackPointExtension><gpxtpx:hr>164</gpxtpx:hr></gpxtpx:TrackPointExtension><power>205</power></extensions>
      </trkpt>
      <trkpt lat="51.4434839" lon="-0.2705387">
        <ele>50.4</ele>
        <time>2026-08-06T12:07:49Z</time>
        <extensions><gpxtpx:TrackPointExtension><gpxtpx:hr>165</gpxtpx:hr></gpxtpx:TrackPointExtension><power>206</power></extensions>
      </trkpt>
      <trkpt lat="51.4435049" lon="-0.2705357">
        <ele>50.4</ele>
        <time>2026-08-06T12:07:50Z</time>
        <extensions><gpxtpx:TrackPointExtension><gpxtpx:hr>165</gpxtpx:hr></gpxtpx:TrackPointExtension><power>207</power></extensions>
      </trkpt>
      <trkpt lat="51.4435259" lon="-0.2705334">
        <ele>50.4</ele>
        <time>2026-08-06T12:07:51Z</time>
        <extensions><gpxtpx:TrackPointExtension><gpxtpx:hr>165</gpxtpx:hr></gpxtpx:TrackPointExtension><power>208</power></extensions>
      </trkpt>
      <trkpt lat="51.4435473" lon="-0.2705319">
        <ele>50.4</ele>
        <time>2026-08-06T12:07:52Z</time>
        <extensions><gpxtpx:TrackPointExtension><gpxtpx:hr>165</gpxtpx:hr></gpxtpx:TrackPointExtension><power>209</power></extensions>
      </trkpt>
      <trkpt lat="51.4435689" lon="-0.2705314">
        <ele>50.4</ele>
        <time>2026-08-06T12:07:53Z</time>
        <extensions><gpxtpx:TrackPointExtension><gpxtpx:hr>165</gpxtpx:hr></gpxtpx:TrackPointExtension><power>209</power></extensions>
      </trkpt>
      <trkpt lat="51.4435905" lon="-0.2705319">
        <ele>50.4</ele>
        <time>2026-08-06T12:07:54Z</time>
        <extensions><gpxtpx:TrackPointExtension><gpxtpx:hr>165</gpxtpx:hr></gpxtpx:TrackPointExtension><power>209</power></extensions>
      </trkpt>
      <trkpt lat="51.4436117" lon="-0.2705329">
        <ele>50.6</ele>
        <time>2026-08-06T12:07:55Z</time>
        <extensions><gpxtpx:TrackPointExtension><gpxtpx:hr>165</gpxtpx:hr></gpxtpx:TrackPointExtension><power>209</power></extensions>
      </trkpt>
      <trkpt lat="51.4436327" lon="-0.2705331">
        <ele>50.6</ele>
        <time>2026-08-06T12:07:56Z</time>
        <extensions><gpxtpx:TrackPointExtension><gpxtpx:hr>166</gpxtpx:hr></gpxtpx:TrackPointExtension><power>209</power></extensions>
      </trkpt>
      <trkpt lat="51.4436537" lon="-0.2705319">
        <ele>50.6</ele>
        <time>2026-08-06T12:07:57Z</time>
        <extensions><gpxtpx:TrackPointExtension><gpxtpx:hr>166</gpxtpx:hr></gpxtpx:TrackPointExtension><power>209</power></extensions>
      </trkpt>
      <trkpt lat="51.4436745" lon="-0.2705281">
        <ele>50.6</ele>
        <time>2026-08-06T12:07:58Z</time>
        <extensions><gpxtpx:TrackPointExtension><gpxtpx:hr>166</gpxtpx:hr></gpxtpx:TrackPointExtension><power>209</power></extensions>
      </trkpt>
      <trkpt lat="51.4436955" lon="-0.2705220">
        <ele>50.6</ele>
        <time>2026-08-06T12:07:59Z</time>
        <extensions><gpxtpx:TrackPointExtension><gpxtpx:hr>166</gpxtpx:hr></gpxtpx:TrackPointExtension><power>210</power></extensions>
      </trkpt>
      <trkpt lat="51.4437169" lon="-0.2705141">
        <ele>50.4</ele>
        <time>2026-08-06T12:08:00Z</time>
        <extensions><gpxtpx:TrackPointExtension><gpxtpx:hr>166</gpxtpx:hr></gpxtpx:TrackPointExtension><power>211</power></extensions>
      </trkpt>
      <trkpt lat="51.4437385" lon="-0.2705055">
        <ele>50.4</ele>
        <time>2026-08-06T12:08:01Z</time>
        <extensions><gpxtpx:TrackPointExtension><gpxtpx:hr>166</gpxtpx:hr></gpxtpx:TrackPointExtension><power>212</power></extensions>
      </trkpt>
      <trkpt lat="51.4437595" lon="-0.2704976">
        <ele>50.2</ele>
        <time>2026-08-06T12:08:02Z</time>
        <extensions><gpxtpx:TrackPointExtension><gpxtpx:hr>166</gpxtpx:hr></gpxtpx:TrackPointExtension><power>213</power></extensions>
      </trkpt>
      <trkpt lat="51.4437803" lon="-0.2704910">
        <ele>50.2</ele>
        <time>2026-08-06T12:08:03Z</time>
        <extensions><gpxtpx:TrackPointExtension><gpxtpx:hr>166</gpxtpx:hr></gpxtpx:TrackPointExtension><power>213</power></extensions>
      </trkpt>
      <trkpt lat="51.4438007" lon="-0.2704857">
        <ele>50.2</ele>
        <time>2026-08-06T12:08:04Z</time>
        <extensions><gpxtpx:TrackPointExtension><gpxtpx:hr>167</gpxtpx:hr></gpxtpx:TrackPointExtension><power>212</power></extensions>
      </trkpt>
      <trkpt lat="51.4438207" lon="-0.2704819">
        <ele>50.2</ele>
        <time>2026-08-06T12:08:05Z</time>
        <extensions><gpxtpx:TrackPointExtension><gpxtpx:hr>167</gpxtpx:hr></gpxtpx:TrackPointExtension><power>211</power></extensions>
      </trkpt>
      <trkpt lat="51.4438407" lon="-0.2704791">
        <ele>50.2</ele>
        <time>2026-08-06T12:08:06Z</time>
        <extensions><gpxtpx:TrackPointExtension><gpxtpx:hr>167</gpxtpx:hr></gpxtpx:TrackPointExtension><power>210</power></extensions>
      </trkpt>
      <trkpt lat="51.4438611" lon="-0.2704766">
        <ele>50.2</ele>
        <time>2026-08-06T12:08:07Z</time>
        <extensions><gpxtpx:TrackPointExtension><gpxtpx:hr>167</gpxtpx:hr></gpxtpx:TrackPointExtension><power>210</power></extensions>
      </trkpt>
      <trkpt lat="51.4438813" lon="-0.2704743">
        <ele>50.2</ele>
        <time>2026-08-06T12:08:08Z</time>
        <extensions><gpxtpx:TrackPointExtension><gpxtpx:hr>168</gpxtpx:hr></gpxtpx:TrackPointExtension><power>210</power></extensions>
      </trkpt>
      <trkpt lat="51.4439017" lon="-0.2704722">
        <ele>50.2</ele>
        <time>2026-08-06T12:08:09Z</time>
        <extensions><gpxtpx:TrackPointExtension><gpxtpx:hr>168</gpxtpx:hr></gpxtpx:TrackPointExtension><power>210</power></extensions>
      </trkpt>
      <trkpt lat="51.4439223" lon="-0.2704702">
        <ele>50.2</ele>
        <time>2026-08-06T12:08:10Z</time>
        <extensions><gpxtpx:TrackPointExtension><gpxtpx:hr>168</gpxtpx:hr></gpxtpx:TrackPointExtension><power>210</power></extensions>
      </trkpt>
      <trkpt lat="51.4439431" lon="-0.2704684">
        <ele>50.2</ele>
        <time>2026-08-06T12:08:11Z</time>
        <extensions><gpxtpx:TrackPointExtension><gpxtpx:hr>169</gpxtpx:hr></gpxtpx:TrackPointExtension><power>210</power></extensions>
      </trkpt>
      <trkpt lat="51.4439641" lon="-0.2704669">
        <ele>50.0</ele>
        <time>2026-08-06T12:08:12Z</time>
        <extensions><gpxtpx:TrackPointExtension><gpxtpx:hr>169</gpxtpx:hr></gpxtpx:TrackPointExtension><power>211</power></extensions>
      </trkpt>
      <trkpt lat="51.4439859" lon="-0.2704659">
        <ele>50.0</ele>
        <time>2026-08-06T12:08:13Z</time>
        <extensions><gpxtpx:TrackPointExtension><gpxtpx:hr>169</gpxtpx:hr></gpxtpx:TrackPointExtension><power>212</power></extensions>
      </trkpt>
      <trkpt lat="51.4440077" lon="-0.2704654">
        <ele>50.0</ele>
        <time>2026-08-06T12:08:14Z</time>
        <extensions><gpxtpx:TrackPointExtension><gpxtpx:hr>169</gpxtpx:hr></gpxtpx:TrackPointExtension><power>212</power></extensions>
      </trkpt>
      <trkpt lat="51.4440295" lon="-0.2704654">
        <ele>50.0</ele>
        <time>2026-08-06T12:08:15Z</time>
        <extensions><gpxtpx:TrackPointExtension><gpxtpx:hr>169</gpxtpx:hr></gpxtpx:TrackPointExtension><power>212</power></extensions>
      </trkpt>
      <trkpt lat="51.4440509" lon="-0.2704656">
        <ele>50.0</ele>
        <time>2026-08-06T12:08:16Z</time>
        <extensions><gpxtpx:TrackPointExtension><gpxtpx:hr>169</gpxtpx:hr></gpxtpx:TrackPointExtension><power>213</power></extensions>
      </trkpt>
      <trkpt lat="51.4440719" lon="-0.2704666">
        <ele>50.0</ele>
        <time>2026-08-06T12:08:17Z</time>
        <extensions><gpxtpx:TrackPointExtension><gpxtpx:hr>169</gpxtpx:hr></gpxtpx:TrackPointExtension><power>212</power></extensions>
      </trkpt>
      <trkpt lat="51.4440921" lon="-0.2704682">
        <ele>49.8</ele>
        <time>2026-08-06T12:08:18Z</time>
        <extensions><gpxtpx:TrackPointExtension><gpxtpx:hr>169</gpxtpx:hr></gpxtpx:TrackPointExtension><power>212</power></extensions>
      </trkpt>
      <trkpt lat="51.4441115" lon="-0.2704702">
        <ele>49.8</ele>
        <time>2026-08-06T12:08:19Z</time>
        <extensions><gpxtpx:TrackPointExtension><gpxtpx:hr>169</gpxtpx:hr></gpxtpx:TrackPointExtension><power>212</power></extensions>
      </trkpt>
      <trkpt lat="51.4441305" lon="-0.2704727">
        <ele>49.8</ele>
        <time>2026-08-06T12:08:20Z</time>
        <extensions><gpxtpx:TrackPointExtension><gpxtpx:hr>169</gpxtpx:hr></gpxtpx:TrackPointExtension><power>211</power></extensions>
      </trkpt>
      <trkpt lat="51.4441495" lon="-0.2704758">
        <ele>49.8</ele>
        <time>2026-08-06T12:08:21Z</time>
        <extensions><gpxtpx:TrackPointExtension><gpxtpx:hr>169</gpxtpx:hr></gpxtpx:TrackPointExtension><power>210</power></extensions>
      </trkpt>
      <trkpt lat="51.4441685" lon="-0.2704788">
        <ele>49.8</ele>
        <time>2026-08-06T12:08:22Z</time>
        <extensions><gpxtpx:TrackPointExtension><gpxtpx:hr>170</gpxtpx:hr></gpxtpx:TrackPointExtension><power>210</power></extensions>
      </trkpt>
      <trkpt lat="51.4441881" lon="-0.2704814">
        <ele>49.8</ele>
        <time>2026-08-06T12:08:23Z</time>
        <extensions><gpxtpx:TrackPointExtension><gpxtpx:hr>170</gpxtpx:hr></gpxtpx:TrackPointExtension><power>209</power></extensions>
      </trkpt>
      <trkpt lat="51.4442083" lon="-0.2704834">
        <ele>50.0</ele>
        <time>2026-08-06T12:08:24Z</time>
        <extensions><gpxtpx:TrackPointExtension><gpxtpx:hr>170</gpxtpx:hr></gpxtpx:TrackPointExtension><power>208</power></extensions>
      </trkpt>
      <trkpt lat="51.4442287" lon="-0.2704846">
        <ele>50.0</ele>
        <time>2026-08-06T12:08:25Z</time>
        <extensions><gpxtpx:TrackPointExtension><gpxtpx:hr>170</gpxtpx:hr></gpxtpx:TrackPointExtension><power>207</power></extensions>
      </trkpt>
      <trkpt lat="51.4442491" lon="-0.2704857">
        <ele>50.0</ele>
        <time>2026-08-06T12:08:26Z</time>
        <extensions><gpxtpx:TrackPointExtension><gpxtpx:hr>170</gpxtpx:hr></gpxtpx:TrackPointExtension><power>207</power></extensions>
      </trkpt>
      <trkpt lat="51.4442695" lon="-0.2704867">
        <ele>50.0</ele>
        <time>2026-08-06T12:08:27Z</time>
        <extensions><gpxtpx:TrackPointExtension><gpxtpx:hr>170</gpxtpx:hr></gpxtpx:TrackPointExtension><power>207</power></extensions>
      </trkpt>
      <trkpt lat="51.4442897" lon="-0.2704882">
        <ele>50.0</ele>
        <time>2026-08-06T12:08:28Z</time>
        <extensions><gpxtpx:TrackPointExtension><gpxtpx:hr>170</gpxtpx:hr></gpxtpx:TrackPointExtension><power>207</power></extensions>
      </trkpt>
      <trkpt lat="51.4443097" lon="-0.2704905">
        <ele>50.0</ele>
        <time>2026-08-06T12:08:29Z</time>
        <extensions><gpxtpx:TrackPointExtension><gpxtpx:hr>171</gpxtpx:hr></gpxtpx:TrackPointExtension><power>207</power></extensions>
      </trkpt>
      <trkpt lat="51.4443297" lon="-0.2704938">
        <ele>50.0</ele>
        <time>2026-08-06T12:08:30Z</time>
        <extensions><gpxtpx:TrackPointExtension><gpxtpx:hr>171</gpxtpx:hr></gpxtpx:TrackPointExtension><power>207</power></extensions>
      </trkpt>
      <trkpt lat="51.4443497" lon="-0.2704981">
        <ele>49.8</ele>
        <time>2026-08-06T12:08:31Z</time>
        <extensions><gpxtpx:TrackPointExtension><gpxtpx:hr>171</gpxtpx:hr></gpxtpx:TrackPointExtension><power>208</power></extensions>
      </trkpt>
      <trkpt lat="51.4443697" lon="-0.2705034">
        <ele>49.8</ele>
        <time>2026-08-06T12:08:32Z</time>
        <extensions><gpxtpx:TrackPointExtension><gpxtpx:hr>171</gpxtpx:hr></gpxtpx:TrackPointExtension><power>207</power></extensions>
      </trkpt>
      <trkpt lat="51.4443893" lon="-0.2705103">
        <ele>49.8</ele>
        <time>2026-08-06T12:08:33Z</time>
        <extensions><gpxtpx:TrackPointExtension><gpxtpx:hr>171</gpxtpx:hr></gpxtpx:TrackPointExtension><power>207</power></extensions>
      </trkpt>
      <trkpt lat="51.4444087" lon="-0.2705196">
        <ele>49.8</ele>
        <time>2026-08-06T12:08:34Z</time>
        <extensions><gpxtpx:TrackPointExtension><gpxtpx:hr>171</gpxtpx:hr></gpxtpx:TrackPointExtension><power>207</power></extensions>
      </trkpt>
      <trkpt lat="51.4444273" lon="-0.2705326">
        <ele>49.8</ele>
        <time>2026-08-06T12:08:35Z</time>
        <extensions><gpxtpx:TrackPointExtension><gpxtpx:hr>171</gpxtpx:hr></gpxtpx:TrackPointExtension><power>207</power></extensions>
      </trkpt>
      <trkpt lat="51.4444445" lon="-0.2705498">
        <ele>49.8</ele>
        <time>2026-08-06T12:08:36Z</time>
        <extensions><gpxtpx:TrackPointExtension><gpxtpx:hr>172</gpxtpx:hr></gpxtpx:TrackPointExtension><power>207</power></extensions>
      </trkpt>
      <trkpt lat="51.4444603" lon="-0.2705714">
        <ele>49.8</ele>
        <time>2026-08-06T12:08:37Z</time>
        <extensions><gpxtpx:TrackPointExtension><gpxtpx:hr>172</gpxtpx:hr></gpxtpx:TrackPointExtension><power>207</power></extensions>
      </trkpt>
      <trkpt lat="51.4444747" lon="-0.2705965">
        <ele>49.8</ele>
        <time>2026-08-06T12:08:38Z</time>
        <extensions><gpxtpx:TrackPointExtension><gpxtpx:hr>172</gpxtpx:hr></gpxtpx:TrackPointExtension><power>207</power></extensions>
      </trkpt>
      <trkpt lat="51.4444877" lon="-0.2706234">
        <ele>49.8</ele>
        <time>2026-08-06T12:08:39Z</time>
        <extensions><gpxtpx:TrackPointExtension><gpxtpx:hr>172</gpxtpx:hr></gpxtpx:TrackPointExtension><power>207</power></extensions>
      </trkpt>
      <trkpt lat="51.4444997" lon="-0.2706513">
        <ele>49.8</ele>
        <time>2026-08-06T12:08:40Z</time>
        <extensions><gpxtpx:TrackPointExtension><gpxtpx:hr>172</gpxtpx:hr></gpxtpx:TrackPointExtension><power>208</power></extensions>
      </trkpt>
      <trkpt lat="51.4445115" lon="-0.2706792">
        <ele>49.8</ele>
        <time>2026-08-06T12:08:41Z</time>
        <extensions><gpxtpx:TrackPointExtension><gpxtpx:hr>172</gpxtpx:hr></gpxtpx:TrackPointExtension><power>208</power></extensions>
      </trkpt>
      <trkpt lat="51.4445229" lon="-0.2707066">
        <ele>49.6</ele>
        <time>2026-08-06T12:08:42Z</time>
        <extensions><gpxtpx:TrackPointExtension><gpxtpx:hr>172</gpxtpx:hr></gpxtpx:TrackPointExtension><power>208</power></extensions>
      </trkpt>
      <trkpt lat="51.4445343" lon="-0.2707335">
        <ele>49.6</ele>
        <time>2026-08-06T12:08:43Z</time>
        <extensions><gpxtpx:TrackPointExtension><gpxtpx:hr>172</gpxtpx:hr></gpxtpx:TrackPointExtension><power>207</power></extensions>
      </trkpt>
      <trkpt lat="51.4445455" lon="-0.2707604">
        <ele>49.6</ele>
        <time>2026-08-06T12:08:44Z</time>
        <extensions><gpxtpx:TrackPointExtension><gpxtpx:hr>172</gpxtpx:hr></gpxtpx:TrackPointExtension><power>207</power></extensions>
      </trkpt>
      <trkpt lat="51.4445559" lon="-0.2707876">
        <ele>49.6</ele>
        <time>2026-08-06T12:08:45Z</time>
        <extensions><gpxtpx:TrackPointExtension><gpxtpx:hr>172</gpxtpx:hr></gpxtpx:TrackPointExtension><power>206</power></extensions>
      </trkpt>
      <trkpt lat="51.4445647" lon="-0.2708157">
        <ele>49.6</ele>
        <time>2026-08-06T12:08:46Z</time>
        <extensions><gpxtpx:TrackPointExtension><gpxtpx:hr>172</gpxtpx:hr></gpxtpx:TrackPointExtension><power>206</power></extensions>
      </trkpt>
      <trkpt lat="51.4445717" lon="-0.2708457">
        <ele>49.6</ele>
        <time>2026-08-06T12:08:47Z</time>
        <extensions><gpxtpx:TrackPointExtension><gpxtpx:hr>172</gpxtpx:hr></gpxtpx:TrackPointExtension><power>206</power></extensions>
      </trkpt>
      <trkpt lat="51.4445763" lon="-0.2708776">
        <ele>49.6</ele>
        <time>2026-08-06T12:08:48Z</time>
        <extensions><gpxtpx:TrackPointExtension><gpxtpx:hr>172</gpxtpx:hr></gpxtpx:TrackPointExtension><power>206</power></extensions>
      </trkpt>
      <trkpt lat="51.4445793" lon="-0.2709114">
        <ele>49.6</ele>
        <time>2026-08-06T12:08:49Z</time>
        <extensions><gpxtpx:TrackPointExtension><gpxtpx:hr>172</gpxtpx:hr></gpxtpx:TrackPointExtension><power>206</power></extensions>
      </trkpt>
      <trkpt lat="51.4445813" lon="-0.2709461">
        <ele>49.6</ele>
        <time>2026-08-06T12:08:50Z</time>
        <extensions><gpxtpx:TrackPointExtension><gpxtpx:hr>172</gpxtpx:hr></gpxtpx:TrackPointExtension><power>207</power></extensions>
      </trkpt>
      <trkpt lat="51.4445833" lon="-0.2709814">
        <ele>49.8</ele>
        <time>2026-08-06T12:08:51Z</time>
        <extensions><gpxtpx:TrackPointExtension><gpxtpx:hr>172</gpxtpx:hr></gpxtpx:TrackPointExtension><power>208</power></extensions>
      </trkpt>
      <trkpt lat="51.4445859" lon="-0.2710162">
        <ele>49.8</ele>
        <time>2026-08-06T12:08:52Z</time>
        <extensions><gpxtpx:TrackPointExtension><gpxtpx:hr>172</gpxtpx:hr></gpxtpx:TrackPointExtension><power>209</power></extensions>
      </trkpt>
      <trkpt lat="51.4445895" lon="-0.2710501">
        <ele>49.8</ele>
        <time>2026-08-06T12:08:53Z</time>
        <extensions><gpxtpx:TrackPointExtension><gpxtpx:hr>170</gpxtpx:hr></gpxtpx:TrackPointExtension><power>210</power></extensions>
      </trkpt>
      <trkpt lat="51.4445939" lon="-0.2710834">
        <ele>50.0</ele>
        <time>2026-08-06T12:08:54Z</time>
        <extensions><gpxtpx:TrackPointExtension><gpxtpx:hr>170</gpxtpx:hr></gpxtpx:TrackPointExtension><power>211</power></extensions>
      </trkpt>
      <trkpt lat="51.4445991" lon="-0.2711154">
        <ele>50.0</ele>
        <time>2026-08-06T12:08:55Z</time>
        <extensions><gpxtpx:TrackPointExtension><gpxtpx:hr>170</gpxtpx:hr></gpxtpx:TrackPointExtension><power>211</power></extensions>
      </trkpt>
      <trkpt lat="51.4446047" lon="-0.2711458">
        <ele>50.0</ele>
        <time>2026-08-06T12:08:56Z</time>
        <extensions><gpxtpx:TrackPointExtension><gpxtpx:hr>170</gpxtpx:hr></gpxtpx:TrackPointExtension><power>210</power></extensions>
      </trkpt>
      <trkpt lat="51.4446101" lon="-0.2711755">
        <ele>50.0</ele>
        <time>2026-08-06T12:08:57Z</time>
        <extensions><gpxtpx:TrackPointExtension><gpxtpx:hr>170</gpxtpx:hr></gpxtpx:TrackPointExtension><power>209</power></extensions>
      </trkpt>
      <trkpt lat="51.4446149" lon="-0.2712049">
        <ele>50.0</ele>
        <time>2026-08-06T12:08:58Z</time>
        <extensions><gpxtpx:TrackPointExtension><gpxtpx:hr>170</gpxtpx:hr></gpxtpx:TrackPointExtension><power>208</power></extensions>
      </trkpt>
      <trkpt lat="51.4446189" lon="-0.2712336">
        <ele>50.0</ele>
        <time>2026-08-06T12:08:59Z</time>
        <extensions><gpxtpx:TrackPointExtension><gpxtpx:hr>168</gpxtpx:hr></gpxtpx:TrackPointExtension><power>207</power></extensions>
      </trkpt>
      <trkpt lat="51.4446223" lon="-0.2712628">
        <ele>50.0</ele>
        <time>2026-08-06T12:09:00Z</time>
        <extensions><gpxtpx:TrackPointExtension><gpxtpx:hr>168</gpxtpx:hr></gpxtpx:TrackPointExtension><power>206</power></extensions>
      </trkpt>
      <trkpt lat="51.4446251" lon="-0.2712924">
        <ele>50.0</ele>
        <time>2026-08-06T12:09:01Z</time>
        <extensions><gpxtpx:TrackPointExtension><gpxtpx:hr>168</gpxtpx:hr></gpxtpx:TrackPointExtension><power>205</power></extensions>
      </trkpt>
      <trkpt lat="51.4446277" lon="-0.2713224">
        <ele>50.0</ele>
        <time>2026-08-06T12:09:02Z</time>
        <extensions><gpxtpx:TrackPointExtension><gpxtpx:hr>168</gpxtpx:hr></gpxtpx:TrackPointExtension><power>205</power></extensions>
      </trkpt>
      <trkpt lat="51.4446303" lon="-0.2713521">
        <ele>50.0</ele>
        <time>2026-08-06T12:09:03Z</time>
        <extensions><gpxtpx:TrackPointExtension><gpxtpx:hr>168</gpxtpx:hr></gpxtpx:TrackPointExtension><power>205</power></extensions>
      </trkpt>
      <trkpt lat="51.4446327" lon="-0.2713823">
        <ele>49.8</ele>
        <time>2026-08-06T12:09:04Z</time>
        <extensions><gpxtpx:TrackPointExtension><gpxtpx:hr>167</gpxtpx:hr></gpxtpx:TrackPointExtension><power>204</power></extensions>
      </trkpt>
      <trkpt lat="51.4446347" lon="-0.2714119">
        <ele>49.8</ele>
        <time>2026-08-06T12:09:05Z</time>
        <extensions><gpxtpx:TrackPointExtension><gpxtpx:hr>167</gpxtpx:hr></gpxtpx:TrackPointExtension><power>204</power></extensions>
      </trkpt>
      <trkpt lat="51.4446363" lon="-0.2714411">
        <ele>49.8</ele>
        <time>2026-08-06T12:09:06Z</time>
        <extensions><gpxtpx:TrackPointExtension><gpxtpx:hr>167</gpxtpx:hr></gpxtpx:TrackPointExtension><power>203</power></extensions>
      </trkpt>
      <trkpt lat="51.4446377" lon="-0.2714700">
        <ele>49.8</ele>
        <time>2026-08-06T12:09:07Z</time>
        <extensions><gpxtpx:TrackPointExtension><gpxtpx:hr>167</gpxtpx:hr></gpxtpx:TrackPointExtension><power>201</power></extensions>
      </trkpt>
      <trkpt lat="51.4446391" lon="-0.2714992">
        <ele>49.8</ele>
        <time>2026-08-06T12:09:08Z</time>
        <extensions><gpxtpx:TrackPointExtension><gpxtpx:hr>167</gpxtpx:hr></gpxtpx:TrackPointExtension><power>200</power></extensions>
      </trkpt>
      <trkpt lat="51.4446405" lon="-0.2715281">
        <ele>49.8</ele>
        <time>2026-08-06T12:09:09Z</time>
        <extensions><gpxtpx:TrackPointExtension><gpxtpx:hr>167</gpxtpx:hr></gpxtpx:TrackPointExtension><power>199</power></extensions>
      </trkpt>
      <trkpt lat="51.4446419" lon="-0.2715573">
        <ele>49.8</ele>
        <time>2026-08-06T12:09:10Z</time>
        <extensions><gpxtpx:TrackPointExtension><gpxtpx:hr>167</gpxtpx:hr></gpxtpx:TrackPointExtension><power>198</power></extensions>
      </trkpt>
      <trkpt lat="51.4446437" lon="-0.2715870">
        <ele>49.8</ele>
        <time>2026-08-06T12:09:11Z</time>
        <extensions><gpxtpx:TrackPointExtension><gpxtpx:hr>167</gpxtpx:hr></gpxtpx:TrackPointExtension><power>198</power></extensions>
      </trkpt>
      <trkpt lat="51.4446455" lon="-0.2716172">
        <ele>49.8</ele>
        <time>2026-08-06T12:09:12Z</time>
        <extensions><gpxtpx:TrackPointExtension><gpxtpx:hr>167</gpxtpx:hr></gpxtpx:TrackPointExtension><power>198</power></extensions>
      </trkpt>
      <trkpt lat="51.4446473" lon="-0.2716474">
        <ele>49.8</ele>
        <time>2026-08-06T12:09:13Z</time>
        <extensions><gpxtpx:TrackPointExtension><gpxtpx:hr>167</gpxtpx:hr></gpxtpx:TrackPointExtension><power>198</power></extensions>
      </trkpt>
      <trkpt lat="51.4446495" lon="-0.2716781">
        <ele>49.8</ele>
        <time>2026-08-06T12:09:14Z</time>
        <extensions><gpxtpx:TrackPointExtension><gpxtpx:hr>167</gpxtpx:hr></gpxtpx:TrackPointExtension><power>199</power></extensions>
      </trkpt>
      <trkpt lat="51.4446521" lon="-0.2717093">
        <ele>50.0</ele>
        <time>2026-08-06T12:09:15Z</time>
        <extensions><gpxtpx:TrackPointExtension><gpxtpx:hr>167</gpxtpx:hr></gpxtpx:TrackPointExtension><power>199</power></extensions>
      </trkpt>
      <trkpt lat="51.4446545" lon="-0.2717405">
        <ele>50.0</ele>
        <time>2026-08-06T12:09:16Z</time>
        <extensions><gpxtpx:TrackPointExtension><gpxtpx:hr>167</gpxtpx:hr></gpxtpx:TrackPointExtension><power>199</power></extensions>
      </trkpt>
      <trkpt lat="51.4446569" lon="-0.2717715">
        <ele>50.0</ele>
        <time>2026-08-06T12:09:17Z</time>
        <extensions><gpxtpx:TrackPointExtension><gpxtpx:hr>167</gpxtpx:hr></gpxtpx:TrackPointExtension><power>199</power></extensions>
      </trkpt>
      <trkpt lat="51.4446593" lon="-0.2718027">
        <ele>50.0</ele>
        <time>2026-08-06T12:09:18Z</time>
        <extensions><gpxtpx:TrackPointExtension><gpxtpx:hr>167</gpxtpx:hr></gpxtpx:TrackPointExtension><power>199</power></extensions>
      </trkpt>
      <trkpt lat="51.4446615" lon="-0.2718336">
        <ele>50.0</ele>
        <time>2026-08-06T12:09:19Z</time>
        <extensions><gpxtpx:TrackPointExtension><gpxtpx:hr>167</gpxtpx:hr></gpxtpx:TrackPointExtension><power>199</power></extensions>
      </trkpt>
      <trkpt lat="51.4446635" lon="-0.2718643">
        <ele>50.0</ele>
        <time>2026-08-06T12:09:20Z</time>
        <extensions><gpxtpx:TrackPointExtension><gpxtpx:hr>167</gpxtpx:hr></gpxtpx:TrackPointExtension><power>199</power></extensions>
      </trkpt>
      <trkpt lat="51.4446659" lon="-0.2718953">
        <ele>50.0</ele>
        <time>2026-08-06T12:09:21Z</time>
        <extensions><gpxtpx:TrackPointExtension><gpxtpx:hr>167</gpxtpx:hr></gpxtpx:TrackPointExtension><power>199</power></extensions>
      </trkpt>
      <trkpt lat="51.4446687" lon="-0.2719260">
        <ele>50.0</ele>
        <time>2026-08-06T12:09:22Z</time>
        <extensions><gpxtpx:TrackPointExtension><gpxtpx:hr>167</gpxtpx:hr></gpxtpx:TrackPointExtension><power>199</power></extensions>
      </trkpt>
      <trkpt lat="51.4446721" lon="-0.2719556">
        <ele>50.0</ele>
        <time>2026-08-06T12:09:23Z</time>
        <extensions><gpxtpx:TrackPointExtension><gpxtpx:hr>167</gpxtpx:hr></gpxtpx:TrackPointExtension><power>199</power></extensions>
      </trkpt>
      <trkpt lat="51.4446759" lon="-0.2719846">
        <ele>50.2</ele>
        <time>2026-08-06T12:09:24Z</time>
        <extensions><gpxtpx:TrackPointExtension><gpxtpx:hr>167</gpxtpx:hr></gpxtpx:TrackPointExtension><power>198</power></extensions>
      </trkpt>
      <trkpt lat="51.4446803" lon="-0.2720127">
        <ele>50.2</ele>
        <time>2026-08-06T12:09:25Z</time>
        <extensions><gpxtpx:TrackPointExtension><gpxtpx:hr>167</gpxtpx:hr></gpxtpx:TrackPointExtension><power>198</power></extensions>
      </trkpt>
      <trkpt lat="51.4446847" lon="-0.2720399">
        <ele>50.2</ele>
        <time>2026-08-06T12:09:26Z</time>
        <extensions><gpxtpx:TrackPointExtension><gpxtpx:hr>167</gpxtpx:hr></gpxtpx:TrackPointExtension><power>197</power></extensions>
      </trkpt>
      <trkpt lat="51.4446887" lon="-0.2720663">
        <ele>50.2</ele>
        <time>2026-08-06T12:09:27Z</time>
        <extensions><gpxtpx:TrackPointExtension><gpxtpx:hr>167</gpxtpx:hr></gpxtpx:TrackPointExtension><power>196</power></extensions>
      </trkpt>
      <trkpt lat="51.4446917" lon="-0.2720927">
        <ele>50.2</ele>
        <time>2026-08-06T12:09:28Z</time>
        <extensions><gpxtpx:TrackPointExtension><gpxtpx:hr>166</gpxtpx:hr></gpxtpx:TrackPointExtension><power>195</power></extensions>
      </trkpt>
      <trkpt lat="51.4446931" lon="-0.2721193">
        <ele>50.2</ele>
        <time>2026-08-06T12:09:29Z</time>
        <extensions><gpxtpx:TrackPointExtension><gpxtpx:hr>166</gpxtpx:hr></gpxtpx:TrackPointExtension><power>195</power></extensions>
      </trkpt>
      <trkpt lat="51.4446929" lon="-0.2721464">
        <ele>50.2</ele>
        <time>2026-08-06T12:09:30Z</time>
        <extensions><gpxtpx:TrackPointExtension><gpxtpx:hr>166</gpxtpx:hr></gpxtpx:TrackPointExtension><power>194</power></extensions>
      </trkpt>
      <trkpt lat="51.4446913" lon="-0.2721738">
        <ele>50.4</ele>
        <time>2026-08-06T12:09:31Z</time>
        <extensions><gpxtpx:TrackPointExtension><gpxtpx:hr>166</gpxtpx:hr></gpxtpx:TrackPointExtension><power>194</power></extensions>
      </trkpt>
      <trkpt lat="51.4446891" lon="-0.2722020">
        <ele>50.4</ele>
        <time>2026-08-06T12:09:32Z</time>
        <extensions><gpxtpx:TrackPointExtension><gpxtpx:hr>166</gpxtpx:hr></gpxtpx:TrackPointExtension><power>194</power></extensions>
      </trkpt>
      <trkpt lat="51.4446869" lon="-0.2722309">
        <ele>50.4</ele>
        <time>2026-08-06T12:09:33Z</time>
        <extensions><gpxtpx:TrackPointExtension><gpxtpx:hr>166</gpxtpx:hr></gpxtpx:TrackPointExtension><power>194</power></extensions>
      </trkpt>
      <trkpt lat="51.4446853" lon="-0.2722604">
        <ele>50.4</ele>
        <time>2026-08-06T12:09:34Z</time>
        <extensions><gpxtpx:TrackPointExtension><gpxtpx:hr>167</gpxtpx:hr></gpxtpx:TrackPointExtension><power>194</power></extensions>
      </trkpt>
      <trkpt lat="51.4446843" lon="-0.2722895">
        <ele>50.4</ele>
        <time>2026-08-06T12:09:35Z</time>
        <extensions><gpxtpx:TrackPointExtension><gpxtpx:hr>167</gpxtpx:hr></gpxtpx:TrackPointExtension><power>193</power></extensions>
      </trkpt>
      <trkpt lat="51.4446843" lon="-0.2723187">
        <ele>50.4</ele>
        <time>2026-08-06T12:09:36Z</time>
        <extensions><gpxtpx:TrackPointExtension><gpxtpx:hr>167</gpxtpx:hr></gpxtpx:TrackPointExtension><power>194</power></extensions>
      </trkpt>
      <trkpt lat="51.4446847" lon="-0.2723484">
        <ele>50.4</ele>
        <time>2026-08-06T12:09:37Z</time>
        <extensions><gpxtpx:TrackPointExtension><gpxtpx:hr>167</gpxtpx:hr></gpxtpx:TrackPointExtension><power>194</power></extensions>
      </trkpt>
      <trkpt lat="51.4446853" lon="-0.2723786">
        <ele>50.4</ele>
        <time>2026-08-06T12:09:38Z</time>
        <extensions><gpxtpx:TrackPointExtension><gpxtpx:hr>167</gpxtpx:hr></gpxtpx:TrackPointExtension><power>195</power></extensions>
      </trkpt>
      <trkpt lat="51.4446867" lon="-0.2724093">
        <ele>50.4</ele>
        <time>2026-08-06T12:09:39Z</time>
        <extensions><gpxtpx:TrackPointExtension><gpxtpx:hr>167</gpxtpx:hr></gpxtpx:TrackPointExtension><power>196</power></extensions>
      </trkpt>
      <trkpt lat="51.4446889" lon="-0.2724405">
        <ele>50.4</ele>
        <time>2026-08-06T12:09:40Z</time>
        <extensions><gpxtpx:TrackPointExtension><gpxtpx:hr>167</gpxtpx:hr></gpxtpx:TrackPointExtension><power>197</power></extensions>
      </trkpt>
      <trkpt lat="51.4446915" lon="-0.2724722">
        <ele>50.4</ele>
        <time>2026-08-06T12:09:41Z</time>
        <extensions><gpxtpx:TrackPointExtension><gpxtpx:hr>167</gpxtpx:hr></gpxtpx:TrackPointExtension><power>198</power></extensions>
      </trkpt>
      <trkpt lat="51.4446947" lon="-0.2725037">
        <ele>50.4</ele>
        <time>2026-08-06T12:09:42Z</time>
        <extensions><gpxtpx:TrackPointExtension><gpxtpx:hr>167</gpxtpx:hr></gpxtpx:TrackPointExtension><power>199</power></extensions>
      </trkpt>
      <trkpt lat="51.4446983" lon="-0.2725351">
        <ele>50.4</ele>
        <time>2026-08-06T12:09:43Z</time>
        <extensions><gpxtpx:TrackPointExtension><gpxtpx:hr>167</gpxtpx:hr></gpxtpx:TrackPointExtension><power>199</power></extensions>
      </trkpt>
      <trkpt lat="51.4447017" lon="-0.2725663">
        <ele>50.4</ele>
        <time>2026-08-06T12:09:44Z</time>
        <extensions><gpxtpx:TrackPointExtension><gpxtpx:hr>167</gpxtpx:hr></gpxtpx:TrackPointExtension><power>199</power></extensions>
      </trkpt>
      <trkpt lat="51.4447049" lon="-0.2725978">
        <ele>50.4</ele>
        <time>2026-08-06T12:09:45Z</time>
        <extensions><gpxtpx:TrackPointExtension><gpxtpx:hr>167</gpxtpx:hr></gpxtpx:TrackPointExtension><power>199</power></extensions>
      </trkpt>
      <trkpt lat="51.4447079" lon="-0.2726293">
        <ele>50.2</ele>
        <time>2026-08-06T12:09:46Z</time>
        <extensions><gpxtpx:TrackPointExtension><gpxtpx:hr>167</gpxtpx:hr></gpxtpx:TrackPointExtension><power>198</power></extensions>
      </trkpt>
      <trkpt lat="51.4447109" lon="-0.2726607">
        <ele>50.2</ele>
        <time>2026-08-06T12:09:47Z</time>
        <extensions><gpxtpx:TrackPointExtension><gpxtpx:hr>167</gpxtpx:hr></gpxtpx:TrackPointExtension><power>198</power></extensions>
      </trkpt>
      <trkpt lat="51.4447139" lon="-0.2726917">
        <ele>50.2</ele>
        <time>2026-08-06T12:09:48Z</time>
        <extensions><gpxtpx:TrackPointExtension><gpxtpx:hr>167</gpxtpx:hr></gpxtpx:TrackPointExtension><power>198</power></extensions>
      </trkpt>
      <trkpt lat="51.4447173" lon="-0.2727224">
        <ele>50.2</ele>
        <time>2026-08-06T12:09:49Z</time>
        <extensions><gpxtpx:TrackPointExtension><gpxtpx:hr>167</gpxtpx:hr></gpxtpx:TrackPointExtension><power>199</power></extensions>
      </trkpt>
      <trkpt lat="51.4447207" lon="-0.2727533">
        <ele>50.2</ele>
        <time>2026-08-06T12:09:50Z</time>
        <extensions><gpxtpx:TrackPointExtension><gpxtpx:hr>167</gpxtpx:hr></gpxtpx:TrackPointExtension><power>199</power></extensions>
      </trkpt>
      <trkpt lat="51.4447243" lon="-0.2727845">
        <ele>50.4</ele>
        <time>2026-08-06T12:09:51Z</time>
        <extensions><gpxtpx:TrackPointExtension><gpxtpx:hr>167</gpxtpx:hr></gpxtpx:TrackPointExtension><power>200</power></extensions>
      </trkpt>
      <trkpt lat="51.4447277" lon="-0.2728160">
        <ele>50.4</ele>
        <time>2026-08-06T12:09:52Z</time>
        <extensions><gpxtpx:TrackPointExtension><gpxtpx:hr>167</gpxtpx:hr></gpxtpx:TrackPointExtension><power>200</power></extensions>
      </trkpt>
      <trkpt lat="51.4447311" lon="-0.2728477">
        <ele>50.4</ele>
        <time>2026-08-06T12:09:53Z</time>
        <extensions><gpxtpx:TrackPointExtension><gpxtpx:hr>167</gpxtpx:hr></gpxtpx:TrackPointExtension><power>200</power></extensions>
      </trkpt>
      <trkpt lat="51.4447343" lon="-0.2728797">
        <ele>50.4</ele>
        <time>2026-08-06T12:09:54Z</time>
        <extensions><gpxtpx:TrackPointExtension><gpxtpx:hr>168</gpxtpx:hr></gpxtpx:TrackPointExtension><power>200</power></extensions>
      </trkpt>
      <trkpt lat="51.4447375" lon="-0.2729111">
        <ele>50.4</ele>
        <time>2026-08-06T12:09:55Z</time>
        <extensions><gpxtpx:TrackPointExtension><gpxtpx:hr>168</gpxtpx:hr></gpxtpx:TrackPointExtension><power>200</power></extensions>
      </trkpt>
      <trkpt lat="51.4447405" lon="-0.2729423">
        <ele>50.4</ele>
        <time>2026-08-06T12:09:56Z</time>
        <extensions><gpxtpx:TrackPointExtension><gpxtpx:hr>168</gpxtpx:hr></gpxtpx:TrackPointExtension><power>199</power></extensions>
      </trkpt>
      <trkpt lat="51.4447437" lon="-0.2729735">
        <ele>50.4</ele>
        <time>2026-08-06T12:09:57Z</time>
        <extensions><gpxtpx:TrackPointExtension><gpxtpx:hr>168</gpxtpx:hr></gpxtpx:TrackPointExtension><power>200</power></extensions>
      </trkpt>
      <trkpt lat="51.4447471" lon="-0.2730050">
        <ele>50.4</ele>
        <time>2026-08-06T12:09:58Z</time>
        <extensions><gpxtpx:TrackPointExtension><gpxtpx:hr>168</gpxtpx:hr></gpxtpx:TrackPointExtension><power>200</power></extensions>
      </trkpt>
      <trkpt lat="51.4447501" lon="-0.2730365">
        <ele>50.4</ele>
        <time>2026-08-06T12:09:59Z</time>
        <extensions><gpxtpx:TrackPointExtension><gpxtpx:hr>168</gpxtpx:hr></gpxtpx:TrackPointExtension><power>201</power></extensions>
      </trkpt>
      <trkpt lat="51.4447527" lon="-0.2730682">
        <ele>50.4</ele>
        <time>2026-08-06T12:10:00Z</time>
        <extensions><gpxtpx:TrackPointExtension><gpxtpx:hr>168</gpxtpx:hr></gpxtpx:TrackPointExtension><power>202</power></extensions>
      </trkpt>
      <trkpt lat="51.4447549" lon="-0.2730999">
        <ele>50.4</ele>
        <time>2026-08-06T12:10:01Z</time>
        <extensions><gpxtpx:TrackPointExtension><gpxtpx:hr>168</gpxtpx:hr></gpxtpx:TrackPointExtension><power>203</power></extensions>
      </trkpt>
      <trkpt lat="51.4447565" lon="-0.2731314">
        <ele>50.4</ele>
        <time>2026-08-06T12:10:02Z</time>
        <extensions><gpxtpx:TrackPointExtension><gpxtpx:hr>168</gpxtpx:hr></gpxtpx:TrackPointExtension><power>203</power></extensions>
      </trkpt>
      <trkpt lat="51.4447577" lon="-0.2731618">
        <ele>50.4</ele>
        <time>2026-08-06T12:10:03Z</time>
        <extensions><gpxtpx:TrackPointExtension><gpxtpx:hr>168</gpxtpx:hr></gpxtpx:TrackPointExtension><power>202</power></extensions>
      </trkpt>
      <trkpt lat="51.4447591" lon="-0.2731917">
        <ele>50.4</ele>
        <time>2026-08-06T12:10:04Z</time>
        <extensions><gpxtpx:TrackPointExtension><gpxtpx:hr>168</gpxtpx:hr></gpxtpx:TrackPointExtension><power>202</power></extensions>
      </trkpt>
      <trkpt lat="51.4447607" lon="-0.2732212">
        <ele>50.4</ele>
        <time>2026-08-06T12:10:05Z</time>
        <extensions><gpxtpx:TrackPointExtension><gpxtpx:hr>168</gpxtpx:hr></gpxtpx:TrackPointExtension><power>202</power></extensions>
      </trkpt>
      <trkpt lat="51.4447619" lon="-0.2732501">
        <ele>50.2</ele>
        <time>2026-08-06T12:10:06Z</time>
        <extensions><gpxtpx:TrackPointExtension><gpxtpx:hr>168</gpxtpx:hr></gpxtpx:TrackPointExtension><power>201</power></extensions>
      </trkpt>
      <trkpt lat="51.4447625" lon="-0.2732783">
        <ele>50.2</ele>
        <time>2026-08-06T12:10:07Z</time>
        <extensions><gpxtpx:TrackPointExtension><gpxtpx:hr>168</gpxtpx:hr></gpxtpx:TrackPointExtension><power>202</power></extensions>
      </trkpt>
      <trkpt lat="51.4447625" lon="-0.2733051">
        <ele>50.0</ele>
        <time>2026-08-06T12:10:08Z</time>
        <extensions><gpxtpx:TrackPointExtension><gpxtpx:hr>168</gpxtpx:hr></gpxtpx:TrackPointExtension><power>202</power></extensions>
      </trkpt>
      <trkpt lat="51.4447621" lon="-0.2733298">
        <ele>49.8</ele>
        <time>2026-08-06T12:10:09Z</time>
        <extensions><gpxtpx:TrackPointExtension><gpxtpx:hr>168</gpxtpx:hr></gpxtpx:TrackPointExtension><power>202</power></extensions>
      </trkpt>
      <trkpt lat="51.4447613" lon="-0.2733516">
        <ele>49.8</ele>
        <time>2026-08-06T12:10:10Z</time>
        <extensions><gpxtpx:TrackPointExtension><gpxtpx:hr>168</gpxtpx:hr></gpxtpx:TrackPointExtension><power>202</power></extensions>
      </trkpt>
      <trkpt lat="51.4447607" lon="-0.2733701">
        <ele>49.6</ele>
        <time>2026-08-06T12:10:11Z</time>
        <extensions><gpxtpx:TrackPointExtension><gpxtpx:hr>168</gpxtpx:hr></gpxtpx:TrackPointExtension><power>203</power></extensions>
      </trkpt>
      <trkpt lat="51.4447605" lon="-0.2733792">
        <ele>49.4</ele>
        <time>2026-08-06T12:10:12Z</time>
        <extensions><gpxtpx:TrackPointExtension><gpxtpx:hr>168</gpxtpx:hr></gpxtpx:TrackPointExtension><power>203</power></extensions>
      </trkpt>
      <trkpt lat="51.4447605" lon="-0.2733871">
        <ele>49.2</ele>
        <time>2026-08-06T12:10:13Z</time>
        <extensions><gpxtpx:TrackPointExtension><gpxtpx:hr>168</gpxtpx:hr></gpxtpx:TrackPointExtension><power>203</power></extensions>
      </trkpt>
    </trkseg>
  </trk>
</gpx>
